--
-- PostgreSQL database dump
--

-- Dumped from database version 16.4
-- Dumped by pg_dump version 16.4

SET statement_timeout = 0;
SET lock_timeout = 0;
SET idle_in_transaction_session_timeout = 0;
SET client_encoding = 'UTF8';
SET standard_conforming_strings = on;
SELECT pg_catalog.set_config('search_path', '', false);
SET check_function_bodies = false;
SET xmloption = content;
SET client_min_messages = warning;
SET row_security = off;

SET default_tablespace = '';

SET default_table_access_method = heap;

--
-- Name: accounts_profile; Type: TABLE; Schema: public; Owner: postgres
--

CREATE TABLE public.accounts_profile (
    id uuid NOT NULL,
    about text,
    goals_for_life text,
    interests text,
    user_id uuid NOT NULL
);


ALTER TABLE public.accounts_profile OWNER TO postgres;

--
-- Name: accounts_user; Type: TABLE; Schema: public; Owner: postgres
--

CREATE TABLE public.accounts_user (
    password character varying(128) NOT NULL,
    last_login timestamp with time zone,
    is_superuser boolean NOT NULL,
    is_staff boolean NOT NULL,
    is_active boolean NOT NULL,
    date_joined timestamp with time zone NOT NULL,
    id uuid NOT NULL,
    first_name character varying(150) NOT NULL,
    last_name character varying(150) NOT NULL,
    avatar character varying(100) NOT NULL,
    phone character varying(20) NOT NULL,
    email character varying(254),
    is_displayed_in_allies boolean NOT NULL,
    can_create_clubs boolean NOT NULL
);


ALTER TABLE public.accounts_user OWNER TO postgres;

--
-- Name: accounts_user_groups; Type: TABLE; Schema: public; Owner: postgres
--

CREATE TABLE public.accounts_user_groups (
    id bigint NOT NULL,
    user_id uuid NOT NULL,
    group_id integer NOT NULL
);


ALTER TABLE public.accounts_user_groups OWNER TO postgres;

--
-- Name: accounts_user_groups_id_seq; Type: SEQUENCE; Schema: public; Owner: postgres
--

ALTER TABLE public.accounts_user_groups ALTER COLUMN id ADD GENERATED BY DEFAULT AS IDENTITY (
    SEQUENCE NAME public.accounts_user_groups_id_seq
    START WITH 1
    INCREMENT BY 1
    NO MINVALUE
    NO MAXVALUE
    CACHE 1
);


--
-- Name: accounts_user_user_permissions; Type: TABLE; Schema: public; Owner: postgres
--

CREATE TABLE public.accounts_user_user_permissions (
    id bigint NOT NULL,
    user_id uuid NOT NULL,
    permission_id integer NOT NULL
);


ALTER TABLE public.accounts_user_user_permissions OWNER TO postgres;

--
-- Name: accounts_user_user_permissions_id_seq; Type: SEQUENCE; Schema: public; Owner: postgres
--

ALTER TABLE public.accounts_user_user_permissions ALTER COLUMN id ADD GENERATED BY DEFAULT AS IDENTITY (
    SEQUENCE NAME public.accounts_user_user_permissions_id_seq
    START WITH 1
    INCREMENT BY 1
    NO MINVALUE
    NO MAXVALUE
    CACHE 1
);


--
-- Name: auth_group; Type: TABLE; Schema: public; Owner: postgres
--

CREATE TABLE public.auth_group (
    id integer NOT NULL,
    name character varying(150) NOT NULL
);


ALTER TABLE public.auth_group OWNER TO postgres;

--
-- Name: auth_group_id_seq; Type: SEQUENCE; Schema: public; Owner: postgres
--

ALTER TABLE public.auth_group ALTER COLUMN id ADD GENERATED BY DEFAULT AS IDENTITY (
    SEQUENCE NAME public.auth_group_id_seq
    START WITH 1
    INCREMENT BY 1
    NO MINVALUE
    NO MAXVALUE
    CACHE 1
);


--
-- Name: auth_group_permissions; Type: TABLE; Schema: public; Owner: postgres
--

CREATE TABLE public.auth_group_permissions (
    id bigint NOT NULL,
    group_id integer NOT NULL,
    permission_id integer NOT NULL
);


ALTER TABLE public.auth_group_permissions OWNER TO postgres;

--
-- Name: auth_group_permissions_id_seq; Type: SEQUENCE; Schema: public; Owner: postgres
--

ALTER TABLE public.auth_group_permissions ALTER COLUMN id ADD GENERATED BY DEFAULT AS IDENTITY (
    SEQUENCE NAME public.auth_group_permissions_id_seq
    START WITH 1
    INCREMENT BY 1
    NO MINVALUE
    NO MAXVALUE
    CACHE 1
);


--
-- Name: auth_permission; Type: TABLE; Schema: public; Owner: postgres
--

CREATE TABLE public.auth_permission (
    id integer NOT NULL,
    name character varying(255) NOT NULL,
    content_type_id integer NOT NULL,
    codename character varying(100) NOT NULL
);


ALTER TABLE public.auth_permission OWNER TO postgres;

--
-- Name: auth_permission_id_seq; Type: SEQUENCE; Schema: public; Owner: postgres
--

ALTER TABLE public.auth_permission ALTER COLUMN id ADD GENERATED BY DEFAULT AS IDENTITY (
    SEQUENCE NAME public.auth_permission_id_seq
    START WITH 1
    INCREMENT BY 1
    NO MINVALUE
    NO MAXVALUE
    CACHE 1
);


--
-- Name: authtoken_token; Type: TABLE; Schema: public; Owner: postgres
--

CREATE TABLE public.authtoken_token (
    key character varying(40) NOT NULL,
    created timestamp with time zone NOT NULL,
    user_id uuid NOT NULL
);


ALTER TABLE public.authtoken_token OWNER TO postgres;

--
-- Name: cache_table; Type: TABLE; Schema: public; Owner: postgres
--

CREATE TABLE public.cache_table (
    cache_key character varying(255) NOT NULL,
    value text NOT NULL,
    expires timestamp with time zone NOT NULL
);


ALTER TABLE public.cache_table OWNER TO postgres;

--
-- Name: clubs_city; Type: TABLE; Schema: public; Owner: postgres
--

CREATE TABLE public.clubs_city (
    id uuid NOT NULL,
    iata_code character varying(20) NOT NULL,
    name character varying(50) NOT NULL,
    created_at timestamp with time zone NOT NULL,
    updated_at timestamp with time zone NOT NULL
);


ALTER TABLE public.clubs_city OWNER TO postgres;

--
-- Name: clubs_club; Type: TABLE; Schema: public; Owner: postgres
--

CREATE TABLE public.clubs_club (
    id uuid NOT NULL,
    name character varying(100) NOT NULL,
    logo character varying(100) NOT NULL,
    whatsapp_group_link character varying(200),
    description text NOT NULL,
    email character varying(254) NOT NULL,
    phone character varying(20) NOT NULL,
    address character varying(150) NOT NULL,
    members_count integer NOT NULL,
    likes_count integer NOT NULL,
    is_active boolean NOT NULL,
    is_private boolean NOT NULL,
    created_at timestamp with time zone NOT NULL,
    updated_at timestamp with time zone NOT NULL,
    partners_count integer NOT NULL,
    category_id uuid NOT NULL,
    city_id uuid,
    creater_id uuid NOT NULL,
    CONSTRAINT clubs_club_likes_count_check CHECK ((likes_count >= 0)),
    CONSTRAINT clubs_club_members_count_check CHECK ((members_count >= 0)),
    CONSTRAINT clubs_club_partners_count_check CHECK ((partners_count >= 0))
);


ALTER TABLE public.clubs_club OWNER TO postgres;

--
-- Name: clubs_club_likes; Type: TABLE; Schema: public; Owner: postgres
--

CREATE TABLE public.clubs_club_likes (
    id bigint NOT NULL,
    club_id uuid NOT NULL,
    user_id uuid NOT NULL
);


ALTER TABLE public.clubs_club_likes OWNER TO postgres;

--
-- Name: clubs_club_likes_id_seq; Type: SEQUENCE; Schema: public; Owner: postgres
--

ALTER TABLE public.clubs_club_likes ALTER COLUMN id ADD GENERATED BY DEFAULT AS IDENTITY (
    SEQUENCE NAME public.clubs_club_likes_id_seq
    START WITH 1
    INCREMENT BY 1
    NO MINVALUE
    NO MAXVALUE
    CACHE 1
);


--
-- Name: clubs_club_managers; Type: TABLE; Schema: public; Owner: postgres
--

CREATE TABLE public.clubs_club_managers (
    id bigint NOT NULL,
    club_id uuid NOT NULL,
    user_id uuid NOT NULL
);


ALTER TABLE public.clubs_club_managers OWNER TO postgres;

--
-- Name: clubs_club_managers_id_seq; Type: SEQUENCE; Schema: public; Owner: postgres
--

ALTER TABLE public.clubs_club_managers ALTER COLUMN id ADD GENERATED BY DEFAULT AS IDENTITY (
    SEQUENCE NAME public.clubs_club_managers_id_seq
    START WITH 1
    INCREMENT BY 1
    NO MINVALUE
    NO MAXVALUE
    CACHE 1
);


--
-- Name: clubs_club_members; Type: TABLE; Schema: public; Owner: postgres
--

CREATE TABLE public.clubs_club_members (
    id bigint NOT NULL,
    club_id uuid NOT NULL,
    user_id uuid NOT NULL
);


ALTER TABLE public.clubs_club_members OWNER TO postgres;

--
-- Name: clubs_club_members_id_seq; Type: SEQUENCE; Schema: public; Owner: postgres
--

ALTER TABLE public.clubs_club_members ALTER COLUMN id ADD GENERATED BY DEFAULT AS IDENTITY (
    SEQUENCE NAME public.clubs_club_members_id_seq
    START WITH 1
    INCREMENT BY 1
    NO MINVALUE
    NO MAXVALUE
    CACHE 1
);


--
-- Name: clubs_club_partners; Type: TABLE; Schema: public; Owner: postgres
--

CREATE TABLE public.clubs_club_partners (
    id bigint NOT NULL,
    from_club_id uuid NOT NULL,
    to_club_id uuid NOT NULL
);


ALTER TABLE public.clubs_club_partners OWNER TO postgres;

--
-- Name: clubs_club_partners_id_seq; Type: SEQUENCE; Schema: public; Owner: postgres
--

ALTER TABLE public.clubs_club_partners ALTER COLUMN id ADD GENERATED BY DEFAULT AS IDENTITY (
    SEQUENCE NAME public.clubs_club_partners_id_seq
    START WITH 1
    INCREMENT BY 1
    NO MINVALUE
    NO MAXVALUE
    CACHE 1
);


--
-- Name: clubs_clubads; Type: TABLE; Schema: public; Owner: postgres
--

CREATE TABLE public.clubs_clubads (
    id uuid NOT NULL,
    title character varying(150) NOT NULL,
    description text NOT NULL,
    img character varying(100) NOT NULL,
    created_at timestamp with time zone NOT NULL,
    updated_at timestamp with time zone NOT NULL,
    club_id uuid NOT NULL,
    type_id uuid
);


ALTER TABLE public.clubs_clubads OWNER TO postgres;

--
-- Name: clubs_clubadtype; Type: TABLE; Schema: public; Owner: postgres
--

CREATE TABLE public.clubs_clubadtype (
    id uuid NOT NULL,
    name character varying(200) NOT NULL
);


ALTER TABLE public.clubs_clubadtype OWNER TO postgres;

--
-- Name: clubs_clubcategory; Type: TABLE; Schema: public; Owner: postgres
--

CREATE TABLE public.clubs_clubcategory (
    id uuid NOT NULL,
    name character varying(100) NOT NULL,
    is_active boolean NOT NULL,
    created_at timestamp with time zone NOT NULL,
    updated_at timestamp with time zone NOT NULL
);


ALTER TABLE public.clubs_clubcategory OWNER TO postgres;

--
-- Name: clubs_clubevent; Type: TABLE; Schema: public; Owner: postgres
--

CREATE TABLE public.clubs_clubevent (
    id uuid NOT NULL,
    title character varying(150) NOT NULL,
    description text NOT NULL,
    banner character varying(100) NOT NULL,
    location character varying(150) NOT NULL,
    start_datetime timestamp with time zone NOT NULL,
    old_datetime timestamp with time zone,
    end_datetime timestamp with time zone NOT NULL,
    min_age integer,
    max_age integer,
    entry_requirements text,
    created_at timestamp with time zone NOT NULL,
    updated_at timestamp with time zone NOT NULL,
    club_id uuid NOT NULL,
    CONSTRAINT clubs_clubevent_max_age_check CHECK ((max_age >= 0)),
    CONSTRAINT clubs_clubevent_min_age_check CHECK ((min_age >= 0))
);


ALTER TABLE public.clubs_clubevent OWNER TO postgres;

--
-- Name: clubs_clubgalleryphoto; Type: TABLE; Schema: public; Owner: postgres
--

CREATE TABLE public.clubs_clubgalleryphoto (
    id uuid NOT NULL,
    image character varying(100) NOT NULL,
    created_at timestamp with time zone NOT NULL,
    updated_at timestamp with time zone NOT NULL,
    club_id uuid NOT NULL
);


ALTER TABLE public.clubs_clubgalleryphoto OWNER TO postgres;

--
-- Name: clubs_clubjoinrequest; Type: TABLE; Schema: public; Owner: postgres
--

CREATE TABLE public.clubs_clubjoinrequest (
    id uuid NOT NULL,
    approved boolean,
    created_at timestamp with time zone NOT NULL,
    updated_at timestamp with time zone NOT NULL,
    club_id uuid NOT NULL,
    user_id uuid NOT NULL
);


ALTER TABLE public.clubs_clubjoinrequest OWNER TO postgres;

--
-- Name: clubs_clubpartnershiprequest; Type: TABLE; Schema: public; Owner: postgres
--

CREATE TABLE public.clubs_clubpartnershiprequest (
    id uuid NOT NULL,
    approved boolean,
    created_at timestamp with time zone NOT NULL,
    updated_at timestamp with time zone NOT NULL,
    club_accepter_id uuid NOT NULL,
    club_requester_id uuid NOT NULL
);


ALTER TABLE public.clubs_clubpartnershiprequest OWNER TO postgres;

--
-- Name: clubs_clubservice; Type: TABLE; Schema: public; Owner: postgres
--

CREATE TABLE public.clubs_clubservice (
    id uuid NOT NULL,
    name character varying(100) NOT NULL,
    description text NOT NULL,
    price numeric(10,2),
    created_at timestamp with time zone NOT NULL,
    updated_at timestamp with time zone NOT NULL,
    club_id uuid NOT NULL
);


ALTER TABLE public.clubs_clubservice OWNER TO postgres;

--
-- Name: clubs_clubserviceimage; Type: TABLE; Schema: public; Owner: postgres
--

CREATE TABLE public.clubs_clubserviceimage (
    id uuid NOT NULL,
    image character varying(100) NOT NULL,
    created_at timestamp with time zone NOT NULL,
    updated_at timestamp with time zone NOT NULL,
    service_id uuid NOT NULL
);


ALTER TABLE public.clubs_clubserviceimage OWNER TO postgres;

--
-- Name: clubs_festival; Type: TABLE; Schema: public; Owner: postgres
--

CREATE TABLE public.clubs_festival (
    id uuid NOT NULL,
    name character varying(200) NOT NULL,
    description text NOT NULL,
    image character varying(100) NOT NULL,
    created_at timestamp with time zone NOT NULL,
    updated_at timestamp with time zone NOT NULL,
    start_datetime timestamp with time zone NOT NULL,
    location character varying(200) NOT NULL
);


ALTER TABLE public.clubs_festival OWNER TO postgres;

--
-- Name: clubs_festival_approved_clubs; Type: TABLE; Schema: public; Owner: postgres
--

CREATE TABLE public.clubs_festival_approved_clubs (
    id bigint NOT NULL,
    festival_id uuid NOT NULL,
    club_id uuid NOT NULL
);


ALTER TABLE public.clubs_festival_approved_clubs OWNER TO postgres;

--
-- Name: clubs_festival_approved_clubs_id_seq; Type: SEQUENCE; Schema: public; Owner: postgres
--

ALTER TABLE public.clubs_festival_approved_clubs ALTER COLUMN id ADD GENERATED BY DEFAULT AS IDENTITY (
    SEQUENCE NAME public.clubs_festival_approved_clubs_id_seq
    START WITH 1
    INCREMENT BY 1
    NO MINVALUE
    NO MAXVALUE
    CACHE 1
);


--
-- Name: clubs_festivalparticipationrequest; Type: TABLE; Schema: public; Owner: postgres
--

CREATE TABLE public.clubs_festivalparticipationrequest (
    id uuid NOT NULL,
    approved boolean,
    created_at timestamp with time zone NOT NULL,
    updated_at timestamp with time zone NOT NULL,
    club_id uuid NOT NULL,
    festival_id uuid NOT NULL
);


ALTER TABLE public.clubs_festivalparticipationrequest OWNER TO postgres;

--
-- Name: clubs_publication; Type: TABLE; Schema: public; Owner: postgres
--

CREATE TABLE public.clubs_publication (
    id uuid NOT NULL,
    title character varying(200) NOT NULL,
    created_at timestamp with time zone NOT NULL,
    updated_at timestamp with time zone NOT NULL,
    content text NOT NULL,
    annotation text NOT NULL
);


ALTER TABLE public.clubs_publication OWNER TO postgres;

--
-- Name: clubs_serviceforclubs; Type: TABLE; Schema: public; Owner: postgres
--

CREATE TABLE public.clubs_serviceforclubs (
    id uuid NOT NULL,
    name character varying(200) NOT NULL,
    description character varying(200) NOT NULL,
    created_at timestamp with time zone NOT NULL,
    image character varying(100) NOT NULL,
    updated_at timestamp with time zone NOT NULL,
    phone character varying(20) NOT NULL,
    max_price numeric(10,2),
    min_price numeric(10,2)
);


ALTER TABLE public.clubs_serviceforclubs OWNER TO postgres;

--
-- Name: django_admin_log; Type: TABLE; Schema: public; Owner: postgres
--

CREATE TABLE public.django_admin_log (
    id integer NOT NULL,
    action_time timestamp with time zone NOT NULL,
    object_id text,
    object_repr character varying(200) NOT NULL,
    action_flag smallint NOT NULL,
    change_message text NOT NULL,
    content_type_id integer,
    user_id uuid NOT NULL,
    CONSTRAINT django_admin_log_action_flag_check CHECK ((action_flag >= 0))
);


ALTER TABLE public.django_admin_log OWNER TO postgres;

--
-- Name: django_admin_log_id_seq; Type: SEQUENCE; Schema: public; Owner: postgres
--

ALTER TABLE public.django_admin_log ALTER COLUMN id ADD GENERATED BY DEFAULT AS IDENTITY (
    SEQUENCE NAME public.django_admin_log_id_seq
    START WITH 1
    INCREMENT BY 1
    NO MINVALUE
    NO MAXVALUE
    CACHE 1
);


--
-- Name: django_content_type; Type: TABLE; Schema: public; Owner: postgres
--

CREATE TABLE public.django_content_type (
    id integer NOT NULL,
    app_label character varying(100) NOT NULL,
    model character varying(100) NOT NULL
);


ALTER TABLE public.django_content_type OWNER TO postgres;

--
-- Name: django_content_type_id_seq; Type: SEQUENCE; Schema: public; Owner: postgres
--

ALTER TABLE public.django_content_type ALTER COLUMN id ADD GENERATED BY DEFAULT AS IDENTITY (
    SEQUENCE NAME public.django_content_type_id_seq
    START WITH 1
    INCREMENT BY 1
    NO MINVALUE
    NO MAXVALUE
    CACHE 1
);


--
-- Name: django_migrations; Type: TABLE; Schema: public; Owner: postgres
--

CREATE TABLE public.django_migrations (
    id bigint NOT NULL,
    app character varying(255) NOT NULL,
    name character varying(255) NOT NULL,
    applied timestamp with time zone NOT NULL
);


ALTER TABLE public.django_migrations OWNER TO postgres;

--
-- Name: django_migrations_id_seq; Type: SEQUENCE; Schema: public; Owner: postgres
--

ALTER TABLE public.django_migrations ALTER COLUMN id ADD GENERATED BY DEFAULT AS IDENTITY (
    SEQUENCE NAME public.django_migrations_id_seq
    START WITH 1
    INCREMENT BY 1
    NO MINVALUE
    NO MAXVALUE
    CACHE 1
);


--
-- Name: django_session; Type: TABLE; Schema: public; Owner: postgres
--

CREATE TABLE public.django_session (
    session_key character varying(40) NOT NULL,
    session_data text NOT NULL,
    expire_date timestamp with time zone NOT NULL
);


ALTER TABLE public.django_session OWNER TO postgres;

--
-- Data for Name: accounts_profile; Type: TABLE DATA; Schema: public; Owner: postgres
--

COPY public.accounts_profile (id, about, goals_for_life, interests, user_id) FROM stdin;
722a6609-4d7d-44ff-9674-a5c8ef221032	Test	Test	Test	a3c29817-e84b-4ecf-a6b0-1466c6d4f9c0
0fe8cdf0-b62e-4035-91c8-94c1a401c585	test, test	\N	test, test	84a2fbae-65ac-4fc0-b74c-579e20473290
12569baa-b719-472d-b901-21d14eeeece1	bfbfdn	None шплржороэ	Noneлирложрожд	36f78418-dbed-44e3-8ec4-7d71a3647ffd
533ce2cf-a809-445a-81b8-e5ba62c51ea9	я студентка колледжа казгаса, целеустремлённая и люблю животных.	одна из основных целей хорошо зарабатывать на своей профессии	графический дизайн, творческие отрасли, чтение	76fe3188-d03b-482d-a779-cece17be608c
f25c19ca-90d9-494e-aa54-9b91b9db2834	Студент колледжа КАЗГАСА ищущий себя в определенном направлении и месте в жизни. Интересуюсь разными направлениям в своем поиске, но в основном специализируюсь на своем направлении, а точнее графическом-мультимедийном дизайне.	В целях на жизнь я рассматриваю разные варианты, но главное я хочу найти свое призвание и устроиться в жизни. При этом чтобы мое призвание помогало людям.	\N	cb4f33f6-d1e4-4170-8535-9d45cd49f20d
9e7a0267-a0c5-45ef-a7ec-4f531fa2d9c7	Бокс, барабаны, бег	Стать лучшей версией себя !	None \r\nдьдтщтзтзтзт	23bc15e1-2350-4b26-9e3e-b8722707df47
e2cbb6a0-b2f3-45c8-a196-320cd7db6226	Художник ,кастомайзер \r\nВдохновляюсь эстетикой прошлого и делаю её частью настоящего. Создаю уникальные вещи и живу с акцентом на смысл, стиль и свободу❤️	Моя цель , сделать мир ярче ❤️	Увлекаюсь творчеством, путешествиями, музыкой, искусством и самовыражением. Люблю открывать новое, вдохновляться культурой и стилем разных эпох.	8810cb0b-58eb-48d9-96ec-b546366cc6c4
619ed923-20d1-413f-9bb8-2341b6fca65c	Мастер Спорта СССР по волейболу.\r\nДиректор  Академии «Best Volleyball Almaty»	\N	Волейбол и всё что с ним связано.	848151cb-e218-4567-a4be-de5041487052
999cbd2e-a3ab-46fa-abe5-bc64033c9f80	Балетная школа-студия "INSPIRATION"\r\nБалет для всех. Принимаем  с 3-х лет		Балетная школа-студия  "INSPIRATION"\r\nБалет для всех с 3-х лет	f3777d75-8311-4e7d-b42e-7cf8e3dde66c
11a5ef2e-4376-4112-9ed9-1050df628679	\N	✨ **SUNRISE — больше, чем просто студия танцев!** ✨\r\n\r\nНаш коллектив объединяет **более 150 участников**, и каждый день мы доказываем, что танец — это сила, которая вдохновляет, воспитывает и открывает новые горизонты.\r\n\r\n🌟 На протяжении всех этих лет мы **поддерживаем детей из малообеспеченных семей**, потому что в SUNRISE каждый ребёнок заслуживает шанс сиять на сцене.\r\n🌟 У нас всегда была и остаётся **самая доступная цена в городе**, ведь талант не должен зависеть от кошелька.\r\n🌟 Наши **выпускники поступают на гранты** в университеты Казахстана, продолжая путь к успеху уже во взрослой жизни.\r\n🌟 За плечами коллектива **более 100 ярких постановок**, которые неизменно завоёвывают **высшие награды** на конкурсах в Казахстане и за его пределами.\r\n🌟 В каждую группу SUNRISE всегда стоят **очереди из желающих**, ведь это место, где мечты становятся реальностью.\r\n\r\nИ всё это — результат труда, вдохновения и силы одного человека — **хрупкого, но невероятно сильного основателя, Сидельниковой Александры**.\r\n\r\n💌 Миллионы положительных отзывов.\r\n💌 Миллионы благодарственных писем.\r\n💌 Миллионы счастливых детских улыбок.\r\n\r\nИ всё это — **SUNRISE**.\r\nСтудия, которая воспитывает поколения, где танец становится судьбой, а каждый шаг ведёт к победе!!!	Наш коллектив всегда открыт к новым возможностям и сотрудничеству.\r\n🎭 **Гастроли**\r\n🎶 **Благотворительные концерты**\r\n🌍 **Творческие проекты и съёмки**\r\n🎤 **Участие в мероприятиях любого масштаба**\r\n\r\nМы любим и умеем выступать, для нас сцена — это жизнь! Каждый выход — это энергия, эмоции и вдохновение, которые мы дарим зрителям.\r\n\r\n**SUNRISE всегда готов к новым вызовам и с радостью примет приглашение на любые мероприятия.**\r\nВедь мы обожаем делиться своим творчеством и заряжать публику силой танца! 💃🌞	5cb9f38a-3e44-47d9-9a4a-6ec0eacbe264
0a03f376-8a41-4bc2-bf0b-8bfc3d196e0a		\N	\N	bf3e0031-e2d6-4095-b79e-4282e91b0282
b75d04b2-0d26-4572-9a91-5a6356f2a501	Режиссер, кастинг директор, продюсер, актриса, наставник. Создала обучающий курс творческой профориентации"AZBUKA KINO" где за короткий срок каждый сможет попробовать себя в качестве сценариста, режиссера, актера.	Мечтаю помочь открыть киностудии в каждом уголке Казахстана! Пусть будет много кино!	Кино, интересные истории, поэзия, барды, путешествия...	96a21096-7119-4644-8d57-a4a73e44f99d
\.


--
-- Data for Name: accounts_user; Type: TABLE DATA; Schema: public; Owner: postgres
--

COPY public.accounts_user (password, last_login, is_superuser, is_staff, is_active, date_joined, id, first_name, last_name, avatar, phone, email, is_displayed_in_allies, can_create_clubs) FROM stdin;
pbkdf2_sha256$600000$gftZ4nbLABylwmmKIVG6dz$5Gv4Fmhntwezin40+sXCr/5U7pOmdpkX5C1TctI1JO0=	2024-12-18 08:49:58.430108+00	f	f	t	2024-12-10 10:19:20.934668+00	87d04fef-16aa-4ff1-8b98-da62206fee23	Карина	Спицина	user/avatars/user.png	+77074768565	djambokoko82@gmail.com	t	f
pbkdf2_sha256$600000$UmLIeJRqQBTYMNVGVeuutV$C/KAuepNT8RRFMZPHOotZ2zq7GKelgtflC927BD2kOY=	2024-12-01 13:08:09.402083+00	f	f	t	2024-12-01 13:08:09.354868+00	2cd6d7b4-f28a-41ce-88b5-1ec1bc12afc2	Vlad	Vladov	user/avatars/user.png	+77772218077	music.story@list.ru	f	f
pbkdf2_sha256$600000$aQraUO0fQVKBKj9cPToJ2m$4HrB2U0IA3+wad93bWMTT0G9owXggYu9xfRbqxCLFlk=	2024-12-10 15:53:12.175251+00	f	f	t	2024-12-10 15:53:12.165052+00	0c500e6e-a593-492a-8f82-7baac6e21a79	Адель	Галимзянова	user/avatars/user.png	+77002285957	galimzyanova.adel@mail.ru	t	t
pbkdf2_sha256$600000$V20dfooSUeLQGR1H3zgVEA$7cDShStAqXxXCFu6ANoFsZJZSzqi+ztAsDUUIoxuZd4=	2024-12-18 08:41:19.644058+00	f	f	t	2024-12-09 08:43:34.011089+00	4cb84414-9c4f-4f59-8e18-b50c24fc4496	Aisulu	Musaeva	user/avatars/user.png	+77711071444	a.musaeva1404@gmail.com	t	t
pbkdf2_sha256$600000$e8Blnin9IxTnjbwh0EZxfd$SysOLFGTt8y4zoQrcxXFOephSX1dSS4nUNux+abhWZI=	2025-07-08 04:47:15.835627+00	f	f	t	2025-07-08 04:47:15.782728+00	ef3d5b77-66c5-4742-8a53-c994f6a11a9d	Евгений	Тименцев	user/avatars/user.png	+77777776776	turusbekov.meyrambek@gmail.com	t	t
pbkdf2_sha256$600000$sCBuy4HlTDePQ65iDFfUkL$4D6fsQQ3RiOUnKh/rRVpjO9zRrA6uhEEerGGssp2Xb4=	2024-12-21 09:49:08.994963+00	f	f	t	2024-12-09 08:31:53.98568+00	e9b098e8-7474-454e-8109-5fa3ac189cf2	Арнұр	Әбдікәрім	user/avatars/user.png	+77764998225	abdikarimarnur2@mail.ru	t	f
pbkdf2_sha256$600000$bZbeGiP1JloXBJr3dNli66$m6gFIw7RpAKXjYE4QSkuCnyb9wrVVNjkC9Ibcc5/x04=	2024-12-01 12:30:59.409106+00	f	f	t	2024-12-01 12:30:59.350854+00	e2bf4737-29b3-4778-8e06-bdf1b5a51968	Артур	Ким	user/avatars/user.png	+77782675790	kim94311@gmail.com	f	f
pbkdf2_sha256$600000$2mlsGSXrkx0SIB3xJNwDBY$xNPNWrZxtS+m5oaxP8Xif1BovVMtPGBLMqvoZnn3tNY=	2025-06-23 05:21:58.959015+00	f	f	t	2025-06-23 05:21:58.935948+00	cd16356c-c181-40e6-aaa6-66ecf6c30576	Айжан	Тымбаева	user/avatars/user.png	+77017990966	aijan_tymbaeva@mail.ru	t	f
pbkdf2_sha256$600000$8VKqh4k7Sl0vD4yo9GzjmY$yKmpb+9WRwNhwNO0bV15Qkx2hqcQP3Qj2E3MzHv+p7E=	2025-08-20 16:13:28.952689+00	f	f	t	2025-08-14 04:11:48.558078+00	bf3e0031-e2d6-4095-b79e-4282e91b0282	Марат	Кожахметов	user/avatars/user.png	+77761040294	kz.showdown@gmail.com	t	t
pbkdf2_sha256$600000$DtJ6NXABtmbc0w26oiIX0s$BnqU2AFUHoYKmzcdm6RaVUdNC3NwYVDSGxScZbxHTGM=	2025-01-04 14:06:01.078728+00	f	f	t	2024-12-11 16:23:04.691738+00	e4b80f6e-9103-4d99-8ac5-3dff31059aa7	Anastassiya	Khramova	user/avatars/user.png	+77781022545	nst28mv@gmail.com	t	t
pbkdf2_sha256$600000$xcg81V8JF0YM82Y3up7ouA$UTiHstbfq3AY6fS8UOCsUAz6PWlL21udb3jRBc4TQZI=	2024-12-05 08:13:42.593937+00	f	f	t	2024-12-03 04:46:44.470963+00	36f78418-dbed-44e3-8ec4-7d71a3647ffd	Oleg	Baktybayev	user/avatars/БАННЕР_2.jpg	+77087722407	workandstudents@gmail.com	t	f
pbkdf2_sha256$600000$QXmy2qeyBAx9BWNwE1s4dC$BoOfAzRr2B/qD6THPuzh5e/M2KjWnvHVEWDXFaBdz3s=	2025-07-29 09:53:14.543407+00	f	f	t	2025-07-29 09:53:14.527472+00	97393a41-49b9-41da-ad7f-106a7a2faca4	Ксандра	Силантье	user/avatars/user.png	+77478383830	kacca90@mail.ru	t	t
pbkdf2_sha256$600000$DbvpP5qg2n2VjFKor5JgpL$3wWUYyFr9nuLOBr86/0Y4LvqbKHkX+FLElRQyu8NTig=	2025-01-05 15:21:40.705137+00	f	f	t	2025-01-05 15:21:40.67858+00	5406eafa-bc9f-408b-90cf-91d82cd87335	Арнұр	Әбдікәрім	user/avatars/user.png	+77085486753	aa.ka.90@mail.ru	f	f
pbkdf2_sha256$600000$cM0kB1BtpvMkyerJCKTAv5$T6TimDPn5Ac2gDNZ0W3gP9bWIdjtQ7QHPp21V3KqJpU=	2025-07-23 14:16:03.916007+00	f	f	t	2025-07-23 14:16:03.900677+00	8810cb0b-58eb-48d9-96ec-b546366cc6c4	Ксения	Искакова	user/avatars/1000252210.jpg	+77074039230	kleynveber@gmail.com	t	f
pbkdf2_sha256$600000$YooNKC6WrRGCJI0Zi83Lkj$Tdvlamb41SvNd1y7RC4aWF0I5d1e9eStqVSRncyJy70=	2025-03-04 16:27:05.119884+00	f	f	t	2024-12-02 16:43:10.571917+00	3217fc69-a264-4e8c-85df-ac95e37ea4da	Alex	Petrov	user/avatars/user.png	+77078405161	alexeykakulkov@gmail.com	f	f
pbkdf2_sha256$600000$cl2VpOYUtV1c4nytsZfHvZ$M8JCkEkKwi+I7e3lF5KKUAt71AwvkCdgD9aP426dAcs=	2025-11-20 11:40:13.732671+00	t	t	t	2024-11-29 17:46:50.373819+00	23bc15e1-2350-4b26-9e3e-b8722707df47	Рустем	Бактыбаев	user/avatars/АВАТАРКА.jpg	+77087722405	777almaty@list.ru	t	t
pbkdf2_sha256$600000$7uM4fWqZ9X5OywmI4zFNHh$4RtsncgbWscUlJnSi1FZJqqshWStrRfH9TVamo889is=	2024-12-02 14:55:45.157918+00	f	f	t	2024-12-02 14:55:45.107439+00	8e3e8feb-e853-4e74-a44c-31314ed558f4	Олег	Олегович	user/avatars/user.png	+77076340462	777almaty91@gmail.com	f	f
pbkdf2_sha256$600000$7Kas09Iv56ptmMhDfhTomR$vmm8LC6tyyAhz4h22A7BqejMh3fu7gdd61C5hvwIdYE=	2025-08-20 14:24:11.242379+00	f	f	t	2025-08-20 13:57:17.966895+00	84761213-c195-40d5-90ae-fa0dfd7c3e5c	Maria	Makarova	user/avatars/user.png	+77474658380	maria_makarova@inbox.ru	t	t
pbkdf2_sha256$600000$BZfZizj4lsZ0Q33drtPXP8$LPWytCVcQTYrhVz3+CRj62sALcihVzdKUaX2mhnH9xI=	2025-11-09 03:21:21.583408+00	f	f	t	2025-11-09 03:21:21.56455+00	192ea645-b13b-407f-aecc-1ab1641ba25e	Dulati	Yensenov	user/avatars/user.png	+77007121040	dulatea.dot@gmail.com	t	f
pbkdf2_sha256$600000$9kT4dMxsmKGDErTNOdaItw$eEWlAePQW8gaGsUeRutRvE0bHKO5bU2GTud8+zXpBM4=	2024-12-01 12:32:01.866526+00	t	t	t	2024-11-30 09:27:40.737347+00	a3c29817-e84b-4ecf-a6b0-1466c6d4f9c0	Артур	Ким	user/avatars/Screenshot_1.png	+77782675789	kim1103@mail.ru	t	f
pbkdf2_sha256$600000$PcYFR5RS6WDlNQmQiPeOOT$Td0PmPOxUGPgL+5hdYdaCjzlu3sJlkHmVn4vMI1J0zo=	2024-12-10 11:04:21.631566+00	f	f	t	2024-12-10 10:01:28.990979+00	cb4f33f6-d1e4-4170-8535-9d45cd49f20d	Ангелина	Турбина	user/avatars/4a5b6c54-7cc4-40e1-92d9-03ed9b53fca2.jpeg	+77769838118	tipolinyahello@gmail.com	t	f
pbkdf2_sha256$600000$VZnXpMjTsjRcjDLTHkSyVL$NYhTgxxLvDG7YNdC7Wr+PACJABIlbVhDqn2JgNugitM=	2024-12-10 17:50:02.651009+00	f	f	t	2024-12-10 17:50:02.631894+00	830cfb9e-4ae8-4957-9fd2-47bc6cc00f3f	Камилла	Стрижак	user/avatars/user.png	+77077887375	kamii.rab007@gmail.com	t	f
pbkdf2_sha256$600000$obLyEcndt17KygAPfxJ3RJ$2iuenym8fIRz1ZOkYUaZyKWP6SWmsGtzCP4hH8/UtqY=	2024-12-01 07:54:48.057652+00	t	t	t	2024-12-01 07:51:42.840934+00	dfc83749-eadb-4768-8706-88e891f6edac	Артур	Ким	user/avatars/Снимок_экрана_2024-09-02_170757.png	+77782675788	kim1103_2@mail.ru	t	f
pbkdf2_sha256$600000$Un3dHtF0j9aUxpBG9MQLrM$+oOZDcL1VVtdStWCcIAMDgV6qFc7SKzBSt6EWDvs95Q=	2024-12-01 12:08:58.455007+00	f	f	t	2024-12-01 12:04:00.060366+00	84a2fbae-65ac-4fc0-b74c-579e20473290	Айсулу	Турасыл	user/avatars/user.png	+77051400731	aisulu_96.kz96@mail.ru	t	f
pbkdf2_sha256$600000$VQPBtXv4Ofz41DLRWmt9ph$L2X+kIhY+uIAac9M9FbgJV31V4yMiBGtbAGfki8vEcs=	2024-12-10 21:34:42.259271+00	f	f	t	2024-12-09 08:39:27.831305+00	93f6f3a2-b9cf-447f-80d2-8f177671827d	Aruai	Dabylbai	user/avatars/user.png	+77066548077	adabylbai@gmail.com	t	f
pbkdf2_sha256$600000$x9jMqW4gqEDCHvHWJIquRn$2n7CRA80+eyItt7IyxnH2wp5juHt29ldf11NZBSCfIo=	2024-12-10 10:09:10.083315+00	f	f	t	2024-12-10 10:09:10.061727+00	76fe3188-d03b-482d-a779-cece17be608c	Alexandra	Shumilova	user/avatars/1000089720.jpg	+77082997774	aleksandrasumilova5@gmail.com	t	f
pbkdf2_sha256$600000$hBDPZIXKxf1cTCHwudka5F$oqXDi5o4LDmSA0DdfYUTFg5BUXIt9s+d3358s3M0RsI=	2024-12-18 10:14:51.082157+00	f	f	t	2024-12-18 10:14:51.069142+00	8e9eadd0-aea2-4af6-b6a3-bb9fb8916ce4	Маргарита	Агибалова	user/avatars/user.png	+77772153311	Agibalova6g@gmail.com	t	f
pbkdf2_sha256$600000$ZmJsCjkslxV7jwPGXXuh3O$4lvCJfr7A3mfgZ+GmATvrdIDQ+MadnoSp/72QVXKAYw=	2024-12-19 08:56:32.268077+00	f	f	t	2024-12-19 08:56:32.244701+00	44046f22-65e2-424e-b36a-76b171ee2d52	Мадияр	Медетбеков	user/avatars/user.png	+77089346350	medetbekmad@gmail.com	t	t
pbkdf2_sha256$600000$KOLQAzSknfC6vJtnT4qaBh$cSJAg/1oPxmIFwRZGgeotmipAMej6zxhvtKnkbcgUYU=	2025-08-17 13:12:16.19819+00	f	f	t	2025-08-17 13:12:16.174717+00	28ee9f52-d8b8-44fa-a76d-07992a93681f	Азамат	Saginbaev	user/avatars/user.png	+77785555058	enjoy.showmaker@gmail.com	t	t
pbkdf2_sha256$600000$prlgilT8fGONjJ2N5cEf7w$tmhmFX8+spGksN3IxePf2txe2kCYjkx8b4d6+B8bF/8=	2025-07-08 10:17:11.32528+00	f	f	t	2025-07-08 10:17:11.304591+00	60f8f0b8-ea02-4552-ac9c-f511ea8e164a	Валерий	Еременко	user/avatars/user.png	+77751313339	fencer.kz@gmail.com	t	t
pbkdf2_sha256$600000$UEco7Ha1XC30fxA4oLKbdl$MYTx9gNPcWqjpPbzDGaF6bqWGv6Bavhh8tMzgy3xIto=	2025-08-22 03:48:15.494334+00	f	f	t	2025-08-22 03:48:15.475807+00	96a21096-7119-4644-8d57-a4a73e44f99d	Мадина	Алимкан	user/avatars/D_D_8760.jpg	+77014947548	madina.alimkan@gmail.com	t	t
pbkdf2_sha256$600000$Wnx1EiWXJSJGGB0SKgvapW$y+mg1M24S1jkjASx2o+KjHOjnER/t+88Ut/F/Y0Ig1I=	2025-07-11 11:20:05.181602+00	f	f	t	2025-06-24 06:44:57.532575+00	3cd16955-6ce9-4c9d-9dc9-40e834c9b2f3	Артём	Ледяев	user/avatars/1000007241.jpg	+77072101041	artembmx@gmail.com	t	t
pbkdf2_sha256$600000$goAda5DsOn6u8xW3x50sGE$Cg6YzKVUBLVoxUTICLaNgm4mTDq6vcvCZ7VVqLSiR+c=	2025-11-09 08:01:47.499204+00	f	f	t	2025-11-09 08:01:47.477408+00	626b5bf0-d10b-4253-b208-fe51cf63d1e4	Sultan	Karilov	user/avatars/user.png	+77770183346	sultankarilov2409@gmail.com	t	f
pbkdf2_sha256$600000$I3O0x1Ti2tLzJh7xK1mbLI$g1WQZkIpzeLBjBnY15R6uj8jEn9g6M3Lu/wIqrRSaU4=	2025-07-23 16:48:37.446384+00	f	f	t	2025-07-23 16:48:37.420869+00	7ea70e5c-9a0e-4f49-a17c-d1d9be522799	Рабига	Мухамедияр	user/avatars/user.png	+77017163549	rebekka1675@mail.ru	t	f
pbkdf2_sha256$600000$wAQ706FPy7lnB0cRrY6irb$peiV0AqkDt4TQpmdPMvKMQfLanpwGaX1WWGLU0b+0hs=	2025-08-07 17:51:14.73746+00	f	f	t	2025-08-07 04:18:56.185705+00	f3777d75-8311-4e7d-b42e-7cf8e3dde66c	Инна	Ким	user/avatars/IMG_7817_копия.JPG	+77772830003	inna-dance@mail.ru	t	t
pbkdf2_sha256$600000$x8neJiybhKlMFZzLdSFZ1H$H/113MHhet6gwcqXyVp3Gz6LvDd6PEOFcgmGVkc9YQs=	2025-07-06 19:25:59.522409+00	f	f	t	2025-07-06 19:25:59.510122+00	5fd25854-0726-41dc-95f4-9522fc664424	Абылай	Алмасханов	user/avatars/user.png	+77775865026	almabylay@gmail.com	t	f
pbkdf2_sha256$600000$VXJdifieTkSIJvuZf2pcYs$EkdNns9UuetaM7jAjMyofxty5BBDX3AklTyzO1OkOJA=	2025-07-09 09:05:29.975596+00	f	f	t	2025-07-09 09:05:29.937132+00	61a30b57-9e74-4376-b652-b1a68a255dfd	Жанна	Джакупова	user/avatars/user.png	+77012354122	jakupova789@gmail.com	t	f
pbkdf2_sha256$600000$9lupTdZIhNS5yWcCZuFIHh$MpUDOt09ZK3RL05LdXftmccvWBDkn+kX5aEkXfbgg4k=	2025-07-25 06:20:45.482693+00	f	f	t	2025-07-25 06:20:45.452915+00	10bc9495-2255-4faa-9497-8c25c2d62044	Sofo	Davletova	user/avatars/user.png	+77012116744	sunrise1987@inbox.ru	t	t
pbkdf2_sha256$600000$x8bzqWrwRFHegxuOCFQlZG$/6c383+wn+VxhSeDkHggxDWJAA6F4eZcO9mOgpBSFN8=	2025-08-10 01:59:42.024801+00	f	f	t	2025-08-10 01:59:42.003285+00	1cb4baff-44a0-4ff2-8fcb-25fdabc78fce	Қолғанат	Бақсиық	user/avatars/user.png	+77077044516	kuka_1999.1999@mail.ru	t	f
pbkdf2_sha256$600000$nHw2nr2ye4YQfoTCIA110C$RuRR0/glq0SV3jeFnLCXACc89pwktsRWbxqxHZOhBn4=	2025-08-19 06:08:10.01088+00	f	f	t	2025-08-19 06:08:09.993114+00	5cb9f38a-3e44-47d9-9a4a-6ec0eacbe264	Sunrisedancestudio	Sunrisedancestudio	user/avatars/SAK_5777.jpg	+77471634895	sidelnikovi@inbox.ru	t	t
pbkdf2_sha256$600000$VNkPMU4MwSdVnRPyysut88$KzqiHXwpEU39LSg5BcaNBIoGBzJhKpJyGU1Iblyp2hQ=	2025-08-22 11:22:14.017571+00	f	f	t	2025-08-22 11:22:13.98628+00	652353a5-f9ce-4b64-a026-6eb8b5facf9b	Мажит	Чочаев	user/avatars/user.png	+77081011842	angeloff1509@gmail.com	t	t
pbkdf2_sha256$600000$81pMBkZWBaoIbOOFxZoLfg$8qMQ5wJynJ0cykh6hsi9MFI+/akhxO0320D7/yTEHrY=	2025-11-09 20:31:04.615882+00	f	f	t	2025-11-09 20:31:04.60125+00	47e2b35b-4e46-4223-8451-83dd278950cb	Жаслан	Тойшыбаев	user/avatars/user.png	+77073804075	znurlanuly203@gmail.com	t	f
pbkdf2_sha256$600000$ItpY7afLfdHNYuLckh1tc1$Jz4Sg8qJ3ZNuAUaQTCY4yxrI+jQvjcnqV0aDwfV2UpY=	2025-08-24 05:05:25.44005+00	f	f	t	2025-08-24 05:05:25.405296+00	e376f271-a93f-47a2-901a-d7a223f5fa74	Игорь	Литовченко	user/avatars/user.png	+77021848837	i.litovhenko@gmail.com	t	t
pbkdf2_sha256$600000$XPzfrm4INdJPvkhjBB2Wao$BgAH958Mbk9ags0Py+xNEN9S5CFfdEj/KrrnSMr9ho8=	2024-12-18 09:39:14.869673+00	f	f	t	2024-12-18 09:39:14.857801+00	71b29d4d-fcf1-4774-b628-d59bd3c9fdc2	Сабина	Асылбекова	user/avatars/user.png	+77071414505	kristinapark5f@gmail.com	t	f
pbkdf2_sha256$600000$Fup9Xi3mlb8jhbkOoHDl0U$2En0JHeDqPfsw6BA2Hh1lisMrtNpweyiLfT4ri7jU50=	2025-08-27 07:02:05.984563+00	f	f	t	2025-08-19 12:57:11.20885+00	3d256c9b-2fe4-488e-832c-a7f76995a92c	Olga	Tsaturyan	user/avatars/user.png	+77051708300	gata.flamenco.kz@gmail.com	t	t
pbkdf2_sha256$600000$kiX5ppcv0kq4kZqkfzZrlq$z13Q+XF6P1dIk0gEl9W+RsBcFyF1USThlgszE/nN3M0=	2025-07-07 08:11:05.926478+00	f	f	f	2025-07-07 08:11:05.91205+00	58ef759b-8019-4ad1-b1dd-ce3c0aa933b0	Дамира	Кадыралиева	user/avatars/user.png	+77786218280	damira27.07.k@mail.ru	t	t
pbkdf2_sha256$600000$mX83yHjfMaET4NoZjpXQ5h$6gy7ZU97numCxk0f3ADT/1vA7oHVcCyjXVNIusx5VhI=	2025-09-08 13:55:15.67039+00	f	f	t	2025-08-11 16:54:17.762691+00	6a9d9b34-9a03-49c7-b786-810553134d12	Айнур	Кылышбекова	user/avatars/user.png	+77088240401	bf.assylay@gmail.com	t	t
pbkdf2_sha256$600000$3SExmnfCYxkAO8DvHzF8mK$pt7Iux/ebKC/zyRLvEcQSdc1lxn1iXDYKmNpjxqcg00=	2025-07-21 10:30:07.756041+00	f	f	t	2025-07-21 10:30:07.742205+00	3779fce5-52aa-41df-963b-981e98896280	Аслан	Исмаилов	user/avatars/user.png	+77072415738	ismailovaslan801@gmail.com	t	t
pbkdf2_sha256$600000$odgIGwCpdyLQLQIbTU5vj9$NZp+r7rgcS7+d6bSMQI5/sCebCe9kaW+z3KeLV65sow=	2024-12-18 08:49:51.614644+00	f	f	t	2024-12-18 08:49:51.605063+00	258d4e17-3213-4512-88e3-8b9871af13ac	Аяжан	Жастилекова	user/avatars/IMG_6440.jpeg	+77762567117	nkit2225@gmail.com	t	f
pbkdf2_sha256$600000$cEybBD2wSJd1HBYsjj8Hlh$lmw+rgFwUob/ypKA8HUsIteiPaX+JZRnKzDSqpa9CRs=	2025-07-29 08:54:27.828009+00	f	f	t	2025-07-29 08:54:27.816482+00	848151cb-e218-4567-a4be-de5041487052	Игорь	Нуржанов	user/avatars/IMG_3864.jpeg	+77475559788	igorexa444@gmail.com	t	t
\.


--
-- Data for Name: accounts_user_groups; Type: TABLE DATA; Schema: public; Owner: postgres
--

COPY public.accounts_user_groups (id, user_id, group_id) FROM stdin;
\.


--
-- Data for Name: accounts_user_user_permissions; Type: TABLE DATA; Schema: public; Owner: postgres
--

COPY public.accounts_user_user_permissions (id, user_id, permission_id) FROM stdin;
\.


--
-- Data for Name: auth_group; Type: TABLE DATA; Schema: public; Owner: postgres
--

COPY public.auth_group (id, name) FROM stdin;
\.


--
-- Data for Name: auth_group_permissions; Type: TABLE DATA; Schema: public; Owner: postgres
--

COPY public.auth_group_permissions (id, group_id, permission_id) FROM stdin;
\.


--
-- Data for Name: auth_permission; Type: TABLE DATA; Schema: public; Owner: postgres
--

COPY public.auth_permission (id, name, content_type_id, codename) FROM stdin;
1	Can add log entry	1	add_logentry
2	Can change log entry	1	change_logentry
3	Can delete log entry	1	delete_logentry
4	Can view log entry	1	view_logentry
5	Can add permission	2	add_permission
6	Can change permission	2	change_permission
7	Can delete permission	2	delete_permission
8	Can view permission	2	view_permission
9	Can add group	3	add_group
10	Can change group	3	change_group
11	Can delete group	3	delete_group
12	Can view group	3	view_group
13	Can add content type	4	add_contenttype
14	Can change content type	4	change_contenttype
15	Can delete content type	4	delete_contenttype
16	Can view content type	4	view_contenttype
17	Can add session	5	add_session
18	Can change session	5	change_session
19	Can delete session	5	delete_session
20	Can view session	5	view_session
21	Can add Token	6	add_token
22	Can change Token	6	change_token
23	Can delete Token	6	delete_token
24	Can view Token	6	view_token
25	Can add Token	7	add_tokenproxy
26	Can change Token	7	change_tokenproxy
27	Can delete Token	7	delete_tokenproxy
28	Can view Token	7	view_tokenproxy
29	Can add user	8	add_user
30	Can change user	8	change_user
31	Can delete user	8	delete_user
32	Can view user	8	view_user
33	Can add profile	9	add_profile
34	Can change profile	9	change_profile
35	Can delete profile	9	delete_profile
36	Can view profile	9	view_profile
37	Can add Город	10	add_city
38	Can change Город	10	change_city
39	Can delete Город	10	delete_city
40	Can view Город	10	view_city
41	Can add Клуб	11	add_club
42	Can change Клуб	11	change_club
43	Can delete Клуб	11	delete_club
44	Can view Клуб	11	view_club
45	Can add club ad type	12	add_clubadtype
46	Can change club ad type	12	change_clubadtype
47	Can delete club ad type	12	delete_clubadtype
48	Can view club ad type	12	view_clubadtype
49	Can add Категория	13	add_clubcategory
50	Can change Категория	13	change_clubcategory
51	Can delete Категория	13	delete_clubcategory
52	Can view Категория	13	view_clubcategory
53	Can add Услуга клуба	14	add_clubservice
54	Can change Услуга клуба	14	change_clubservice
55	Can delete Услуга клуба	14	delete_clubservice
56	Can view Услуга клуба	14	view_clubservice
57	Can add Фестиваль	15	add_festival
58	Can change Фестиваль	15	change_festival
59	Can delete Фестиваль	15	delete_festival
60	Can view Фестиваль	15	view_festival
61	Can add Запрос на участие в фестивале	16	add_festivalparticipationrequest
62	Can change Запрос на участие в фестивале	16	change_festivalparticipationrequest
63	Can delete Запрос на участие в фестивале	16	delete_festivalparticipationrequest
64	Can view Запрос на участие в фестивале	16	view_festivalparticipationrequest
65	Can add Изображение для услуги клуба	17	add_clubserviceimage
66	Can change Изображение для услуги клуба	17	change_clubserviceimage
67	Can delete Изображение для услуги клуба	17	delete_clubserviceimage
68	Can view Изображение для услуги клуба	17	view_clubserviceimage
69	Can add club partner ship request	18	add_clubpartnershiprequest
70	Can change club partner ship request	18	change_clubpartnershiprequest
71	Can delete club partner ship request	18	delete_clubpartnershiprequest
72	Can view club partner ship request	18	view_clubpartnershiprequest
73	Can add Запрос на вступление в клуб	19	add_clubjoinrequest
74	Can change Запрос на вступление в клуб	19	change_clubjoinrequest
75	Can delete Запрос на вступление в клуб	19	delete_clubjoinrequest
76	Can view Запрос на вступление в клуб	19	view_clubjoinrequest
77	Can add Фото	20	add_clubgalleryphoto
78	Can change Фото	20	change_clubgalleryphoto
79	Can delete Фото	20	delete_clubgalleryphoto
80	Can view Фото	20	view_clubgalleryphoto
81	Can add Событие	21	add_clubevent
82	Can change Событие	21	change_clubevent
83	Can delete Событие	21	delete_clubevent
84	Can view Событие	21	view_clubevent
85	Can add Объявление	22	add_clubads
86	Can change Объявление	22	change_clubads
87	Can delete Объявление	22	delete_clubads
88	Can view Объявление	22	view_clubads
89	Can add Услуга для сообществ	23	add_serviceforclubs
90	Can change Услуга для сообществ	23	change_serviceforclubs
91	Can delete Услуга для сообществ	23	delete_serviceforclubs
92	Can view Услуга для сообществ	23	view_serviceforclubs
93	Can add Пост	24	add_publication
94	Can change Пост	24	change_publication
95	Can delete Пост	24	delete_publication
96	Can view Пост	24	view_publication
\.


--
-- Data for Name: authtoken_token; Type: TABLE DATA; Schema: public; Owner: postgres
--

COPY public.authtoken_token (key, created, user_id) FROM stdin;
958358f5c439890800e71e1faabac52f5ac1fc8d	2024-11-29 17:48:06.920161+00	23bc15e1-2350-4b26-9e3e-b8722707df47
d4d1e09c315a39cd20aca455c74dc09129b546f0	2024-11-30 09:27:40.830468+00	a3c29817-e84b-4ecf-a6b0-1466c6d4f9c0
1d390a6ccc15bd3fcadef16db31b5b0206e35ab5	2024-12-01 07:51:42.886497+00	dfc83749-eadb-4768-8706-88e891f6edac
cdebb63e339207619284957a721245671bc46991	2024-12-01 12:04:00.118329+00	84a2fbae-65ac-4fc0-b74c-579e20473290
a282a555626b008143cc0f9f19306b581c2607df	2024-12-01 12:30:59.418412+00	e2bf4737-29b3-4778-8e06-bdf1b5a51968
30210cece0d6c8509070049d05d2dcaa7f7809a4	2024-12-01 13:08:09.410902+00	2cd6d7b4-f28a-41ce-88b5-1ec1bc12afc2
28e43537793f2a43bf838570a5761ac15646b3b8	2024-12-02 14:55:45.178921+00	8e3e8feb-e853-4e74-a44c-31314ed558f4
e6c179b29cd9c6bccf98e06ba06e4c4f40b5b120	2024-12-02 16:43:10.633389+00	3217fc69-a264-4e8c-85df-ac95e37ea4da
474a8715c604c95a5ecc12e0ceb2b565081595c0	2024-12-03 04:46:44.488908+00	36f78418-dbed-44e3-8ec4-7d71a3647ffd
fa7f515909e5be43573d7f50708429d0d32cd094	2024-12-09 08:31:54.005009+00	e9b098e8-7474-454e-8109-5fa3ac189cf2
d09eafe9512b9475a2677ac4779b6a08a52869b7	2024-12-09 08:39:27.847476+00	93f6f3a2-b9cf-447f-80d2-8f177671827d
9be2544c654f4535ceb6603f91516ea3e116fb56	2024-12-09 08:43:34.051736+00	4cb84414-9c4f-4f59-8e18-b50c24fc4496
e56ae97db8f46889ff9661dd21ded2bf86d4d9d6	2024-12-10 10:01:29.007043+00	cb4f33f6-d1e4-4170-8535-9d45cd49f20d
fab0062f47b4d22b25d5fd56e19dadf323e27c8d	2024-12-10 10:09:10.089755+00	76fe3188-d03b-482d-a779-cece17be608c
dfc6d518688a36d46d1c6a155bbc280f75f45e43	2024-12-10 10:19:20.951062+00	87d04fef-16aa-4ff1-8b98-da62206fee23
eb11d7c7557848b192f8aa116ec6e62a2364782a	2024-12-10 15:53:12.180673+00	0c500e6e-a593-492a-8f82-7baac6e21a79
b9d269aa48197a7ef5ac0735199a8437c4614093	2024-12-10 17:50:02.660213+00	830cfb9e-4ae8-4957-9fd2-47bc6cc00f3f
fb24334e056a1927c71056188f5cad8520b76214	2024-12-11 16:23:04.715619+00	e4b80f6e-9103-4d99-8ac5-3dff31059aa7
366e8bf12c82305edc502710617e701aab5bb8a6	2024-12-18 08:49:51.620479+00	258d4e17-3213-4512-88e3-8b9871af13ac
c4eba26f8fd9dd0749f48b1a57074cc3ac9fb67a	2024-12-18 09:39:14.875059+00	71b29d4d-fcf1-4774-b628-d59bd3c9fdc2
414ba9de3e9149d4299510e459488f8f5f73c033	2024-12-18 10:14:51.089137+00	8e9eadd0-aea2-4af6-b6a3-bb9fb8916ce4
2a20eb88fa5a8917afae10ffe48b80cdfafe07d6	2024-12-19 08:56:32.275251+00	44046f22-65e2-424e-b36a-76b171ee2d52
f14bb39607c938e2516e0ef843cb7006e4dbf915	2025-01-05 15:21:40.713922+00	5406eafa-bc9f-408b-90cf-91d82cd87335
618c21c9db21258c57634eef3056ab822312cb47	2025-06-23 05:21:58.970204+00	cd16356c-c181-40e6-aaa6-66ecf6c30576
1bd17eb21d076d71d771b0e81640170a4695b24c	2025-06-24 06:44:57.550829+00	3cd16955-6ce9-4c9d-9dc9-40e834c9b2f3
dc4c0b377fd8567985de4035f7bb87c044a556d1	2025-07-06 19:25:59.529626+00	5fd25854-0726-41dc-95f4-9522fc664424
22a64d2bbd2a2239bad882139805f04208e3b78d	2025-07-07 08:11:05.933538+00	58ef759b-8019-4ad1-b1dd-ce3c0aa933b0
26f424b2e7bc1f7ec0ddba282fe86b86892c6f52	2025-07-08 04:47:15.841923+00	ef3d5b77-66c5-4742-8a53-c994f6a11a9d
b1d2ab09ca74d0c1297f99c7c725ac5c34a16657	2025-07-08 10:17:11.331459+00	60f8f0b8-ea02-4552-ac9c-f511ea8e164a
133e0735e3b294494aecdfd5ef576424c69ffe9d	2025-07-09 09:05:30.197904+00	61a30b57-9e74-4376-b652-b1a68a255dfd
6647a46b3fabcaf2e02b360cc8aeeee20745e774	2025-07-21 10:30:07.766828+00	3779fce5-52aa-41df-963b-981e98896280
8d75ebfebfa7fd98f6bec7459bf285e07f7a97a0	2025-07-23 14:16:03.925042+00	8810cb0b-58eb-48d9-96ec-b546366cc6c4
a60b92d88efe6be292d24e5949908ae19bb239bb	2025-07-23 16:48:37.453179+00	7ea70e5c-9a0e-4f49-a17c-d1d9be522799
07454df61f5be68520c9650f50cbeeff61e6cc1b	2025-07-25 06:20:45.489812+00	10bc9495-2255-4faa-9497-8c25c2d62044
2022d697106cd2b727833372ce7eaac18c06330e	2025-07-29 08:54:27.834336+00	848151cb-e218-4567-a4be-de5041487052
22a09e56b8c055c19e69176afa75a8aaf303e237	2025-07-29 09:53:14.550536+00	97393a41-49b9-41da-ad7f-106a7a2faca4
fa42617a89446137afc60dcd296405952fdc4045	2025-08-07 04:18:56.213914+00	f3777d75-8311-4e7d-b42e-7cf8e3dde66c
3fd766b8790841ecec3045043a20d10cfa421279	2025-08-10 01:59:42.034841+00	1cb4baff-44a0-4ff2-8fcb-25fdabc78fce
923a3bc139299e11c096797679fe389aababb6cf	2025-08-11 16:54:17.797547+00	6a9d9b34-9a03-49c7-b786-810553134d12
cf9d7afa2d55464a0e5a11638698e06e5ab45cd7	2025-08-14 04:11:48.599585+00	bf3e0031-e2d6-4095-b79e-4282e91b0282
00ef3906359367e30723cfa331ce8b692d58ae91	2025-08-17 13:12:16.209642+00	28ee9f52-d8b8-44fa-a76d-07992a93681f
1bf04a627660879abfc876bec521273e24d99c38	2025-08-19 06:08:10.022907+00	5cb9f38a-3e44-47d9-9a4a-6ec0eacbe264
5c631a0f69fb63c94e1698817412991d0331ebf0	2025-08-19 12:57:11.245098+00	3d256c9b-2fe4-488e-832c-a7f76995a92c
4b92748c25259ea7e59aea68b4718416a0a0539f	2025-08-20 13:57:17.995082+00	84761213-c195-40d5-90ae-fa0dfd7c3e5c
d5332989e6ab5be29ad62b635707ef2a8d8ecdc9	2025-08-22 03:48:15.507121+00	96a21096-7119-4644-8d57-a4a73e44f99d
ce5d79a8706a3134e584c03972c665b00f5bbb98	2025-08-22 11:22:14.030578+00	652353a5-f9ce-4b64-a026-6eb8b5facf9b
1268038a4b0e5131c11d6735f85b88787fce4dcd	2025-08-24 05:05:25.456788+00	e376f271-a93f-47a2-901a-d7a223f5fa74
e41639e7965e266a80df008a6b82dc6607f098c3	2025-11-09 03:21:21.595378+00	192ea645-b13b-407f-aecc-1ab1641ba25e
504294785b7b279a2118e3c2eb96db5042999e76	2025-11-09 08:01:47.519143+00	626b5bf0-d10b-4253-b208-fe51cf63d1e4
4c81ea727c3c1d2ceb5aefbd21bf66a9de558062	2025-11-09 20:31:04.624357+00	47e2b35b-4e46-4223-8451-83dd278950cb
\.


--
-- Data for Name: cache_table; Type: TABLE DATA; Schema: public; Owner: postgres
--

COPY public.cache_table (cache_key, value, expires) FROM stdin;
:1:user_session_key_d59d53f8-dfd3-42f7-b7d0-14cdbd326b8a	gAWV9AAAAAAAAAB9lCiMCXVzZXJfZGF0YZR9lCiMBXBob25llIwMKzc3MDc4NDA1MTYxlIwFZW1haWyUjBhhbGV4ZXlrYWt1bGtvdkBnbWFpbC5jb22UjApmaXJzdF9uYW1llIwEQWxleJSMCWxhc3RfbmFtZZSMBlBldHJvdpSMCHBhc3N3b3JklIxYcGJrZGYyX3NoYTI1NiQ2MDAwMDAkNmhETll6NUFyaWFRTHdlNG51RXV0NSRqUlh2TUhRcVY3VXRUeGM2emNKMDJ6a3VBMFFSakYxOVFtM0JXQ0ZvM3VVPZR1jAplbWFpbF9jb2RllIwGNTQ5MjYxlHUu	2024-12-02 16:47:47+00
:1:user_session_key_cb206aad-b9e6-4b2f-b69b-9995dab2bb9e	gAWV+AAAAAAAAAB9lCiMCXVzZXJfZGF0YZR9lCiMBXBob25llIwLODcwODc3MjI0MDeUjAVlbWFpbJSMGXdvcmthbmRzdHVkZW50c0BnbWFpbC5jb22UjApmaXJzdF9uYW1llIwET2xlZ5SMCWxhc3RfbmFtZZSMCkJha3R5YmF5ZXaUjAhwYXNzd29yZJSMWHBia2RmMl9zaGEyNTYkNjAwMDAwJHhjZzgxVjhKRjBZTTgyWTN1cDdvdUEkVVRpSHN0YmZxM0FZNmZTOFVPQ3NVQXo2UFdsTDIxdWRiM2pSQmM0VFFaST2UdYwKZW1haWxfY29kZZSMBjMzOTYwOJR1Lg==	2024-12-03 04:46:50+00
:1:user_session_key_9e6bd8fb-3613-4066-bd2b-e3fcf1b60efd	gAWVBQEAAAAAAAB9lCiMCXVzZXJfZGF0YZR9lCiMBXBob25llIwMKzc3NzY0OTk4MjI1lIwFZW1haWyUjBdhYmRpa2FyaW1hcm51cjJAbWFpbC5ydZSMCmZpcnN0X25hbWWUjArQkNGA0L3SsdGAlIwJbGFzdF9uYW1llIwS05jQsdC00ZbQutOZ0YDRltC8lIwIcGFzc3dvcmSUjFhwYmtkZjJfc2hhMjU2JDYwMDAwMCRDNGdJd0VWYnNmS3ZFZDNjUnpDRmpIJEQ3RFAxRjdRRlo4b3U4Zk12cWVKRWVDRXMzL2FaaXdjRDhwVExIMWFuYnM9lHWMCmVtYWlsX2NvZGWUjAY1NDIyMDWUdS4=	2024-12-09 08:36:36+00
:1:user_session_key_db5e92ce-97e0-4cbb-844a-c68f827b3c5d	gAWV8gAAAAAAAAB9lCiMCXVzZXJfZGF0YZR9lCiMBXBob25llIwMKzc3MDY2NTQ4MDc3lIwFZW1haWyUjBNhZGFieWxiYWlAZ21haWwuY29tlIwKZmlyc3RfbmFtZZSMBUFydWFplIwJbGFzdF9uYW1llIwIRGFieWxiYWmUjAhwYXNzd29yZJSMWHBia2RmMl9zaGEyNTYkNjAwMDAwJFZRUEJ0WHY0T2Z6NDFETFJXbXQ5cGgkTDJYK2tJaFkrdUlBYWM5TTlGYmdKVjMxVjR5TWlCR3RiQUdma2k4dkVjcz2UdYwKZW1haWxfY29kZZSMBjg3MzI5MJR1Lg==	2024-12-09 08:40:04+00
:1:user_session_key_af54a39c-e352-4d75-a568-e8c1fbb8bc39	gAWV9gAAAAAAAAB9lCiMCXVzZXJfZGF0YZR9lCiMBXBob25llIwMKzc3NzExMDcxNDQ0lIwFZW1haWyUjBdhLm11c2FldmExNDA0QGdtYWlsLmNvbpSMCmZpcnN0X25hbWWUjAZBaXN1bHWUjAlsYXN0X25hbWWUjAdNdXNhZXZhlIwIcGFzc3dvcmSUjFhwYmtkZjJfc2hhMjU2JDYwMDAwMCRzTlRHMUJBdG9GRmp0N2JNakY3WUFTJENqT1J3cnB3K3JJQ2VYSG9hd1RJUlpWM2lkV1NuL0huMjRFTzZYVFREdkU9lHWMCmVtYWlsX2NvZGWUjAYwNDUwMTmUdS4=	2024-12-09 08:40:47+00
:1:user_session_key_af1681d2-a2bb-4a8d-8071-5a6e2126b9f7	gAWV9gAAAAAAAAB9lCiMCXVzZXJfZGF0YZR9lCiMBXBob25llIwMKzc3NzExMDcxNDQ0lIwFZW1haWyUjBdhLm11c2FldmExNDA0QGdtYWlsLmNvbpSMCmZpcnN0X25hbWWUjAZBaXN1bHWUjAlsYXN0X25hbWWUjAdNdXNhZXZhlIwIcGFzc3dvcmSUjFhwYmtkZjJfc2hhMjU2JDYwMDAwMCRXUUR1Rjh2Qm9Ia0dQWU9hMGlhS1l2JElYUlJPT2p6ZEdRSEQ4QUswcDlRUmtMUzdFQWJSbngrVWk5dEVBYzBaODg9lHWMCmVtYWlsX2NvZGWUjAY4MzYwNjmUdS4=	2024-12-09 08:40:48+00
:1:user_session_key_2a6d26c2-8b2a-497a-9457-77218d7cb989	gAWVBwEAAAAAAAB9lCiMCXVzZXJfZGF0YZR9lCiMBXBob25llIwMKzc3MDc0NzY4NTY1lIwFZW1haWyUjBtrYXJpbmFzcGljaW5hMjAwOEBnbWFpbC5jb22UjApmaXJzdF9uYW1llIwM0JrQsNGA0LjQvdCwlIwJbGFzdF9uYW1llIwO0KHQv9C40YbQuNC90LCUjAhwYXNzd29yZJSMWHBia2RmMl9zaGEyNTYkNjAwMDAwJGZRRTBCSGwyWVdPZzZlODZPeFZSZkkkdWhBeWJHK0xZYVZsVS9kZFQyQml4KzIyMEYvWU14djV4ODlzR3FTZkFnST2UdYwKZW1haWxfY29kZZSMBjUxMDM3M5R1Lg==	2024-12-09 08:41:47+00
:1:user_session_key_96d89953-c77e-4724-921a-3e51466f55aa	gAWV9gAAAAAAAAB9lCiMCXVzZXJfZGF0YZR9lCiMBXBob25llIwMKzc3NzExMDcxNDQ0lIwFZW1haWyUjBdhLm11c2FldmExNDA0QGdtYWlsLmNvbZSMCmZpcnN0X25hbWWUjAZBaXN1bHWUjAlsYXN0X25hbWWUjAdNdXNhZXZhlIwIcGFzc3dvcmSUjFhwYmtkZjJfc2hhMjU2JDYwMDAwMCRWMjBkZm9vU1VlTFFHUjFIM3pnVkVBJDdjRFNoU3RBcVh4WENGdTZBTm9Gc1pKWlN6cWkrenRBc0RVVUlveHVaZDQ9lHWMCmVtYWlsX2NvZGWUjAYzMzg3MzSUdS4=	2024-12-09 08:43:52+00
:1:user_session_key_32be3b32-f0e1-4687-8539-49be94638047	gAWVAgEAAAAAAAB9lCiMCXVzZXJfZGF0YZR9lCiMBXBob25llIwMKzc3MDc0NzY4NTY1lIwFZW1haWyUjBZkamFtYm9rb2tvODJAZ21haWwuY29tlIwKZmlyc3RfbmFtZZSMDNCa0LDRgNC40L3QsJSMCWxhc3RfbmFtZZSMDtCh0L/QuNGG0LjQvdCwlIwIcGFzc3dvcmSUjFhwYmtkZjJfc2hhMjU2JDYwMDAwMCR1anJhY0VNcWJsRmJ5R0V6VTNRUEdDJHY5NVJNaTVNcGRiOG1pMGF0M0RkR2J4K1MxZWNWQy9NdmU5dm1TNmlKN2c9lHWMCmVtYWlsX2NvZGWUjAYyNTAxNTeUdS4=	2024-12-09 08:44:32+00
:1:user_session_key_c83207ba-db04-4f10-adf6-d63dec514688	gAWVAgEAAAAAAAB9lCiMCXVzZXJfZGF0YZR9lCiMBXBob25llIwMKzc3MDc0NzY4NTY1lIwFZW1haWyUjBZkamFtYm9rb2tvODJAZ21haWwuY29tlIwKZmlyc3RfbmFtZZSMDNCa0LDRgNC40L3QsJSMCWxhc3RfbmFtZZSMDtCh0L/QuNGG0LjQvdCwlIwIcGFzc3dvcmSUjFhwYmtkZjJfc2hhMjU2JDYwMDAwMCRZMFVlSGs5SkU4cnhaMVh3dk1ZZFJzJGJhNnRnbisxQ1ZMUVFnVHVDcVV3T2VjSnVETzBLL0xobVV0cWJaazlvYnM9lHWMCmVtYWlsX2NvZGWUjAYxNjMwNDKUdS4=	2024-12-09 08:44:33+00
:1:user_session_key_8f49e801-b66c-41b3-af4f-925b0fe4267f	gAWVAgEAAAAAAAB9lCiMCXVzZXJfZGF0YZR9lCiMBXBob25llIwMKzc3MDc0NzY4NTY1lIwFZW1haWyUjBZkamFtYm9rb2tvODJAZ21haWwuY29tlIwKZmlyc3RfbmFtZZSMDNCa0LDRgNC40L3QsJSMCWxhc3RfbmFtZZSMDtCh0L/QuNGG0LjQvdCwlIwIcGFzc3dvcmSUjFhwYmtkZjJfc2hhMjU2JDYwMDAwMCQyUno0UU9iUnN3cnFvRnc3SU9Vc2N4JENnNlVrLzlkOTd2MEZPVzVrV2w1ci8xbStTWU4xZ3dGa0RFa3A1NS9leXc9lHWMCmVtYWlsX2NvZGWUjAYzMjE3ODCUdS4=	2024-12-09 08:44:34+00
:1:user_session_key_b74795ad-a514-43d5-ab8e-8a393e99d00a	gAWVAgEAAAAAAAB9lCiMCXVzZXJfZGF0YZR9lCiMBXBob25llIwMKzc3MDc0NzY4NTY1lIwFZW1haWyUjBZkamFtYm9rb2tvODJAZ21haWwuY29tlIwKZmlyc3RfbmFtZZSMDNCa0LDRgNC40L3QsJSMCWxhc3RfbmFtZZSMDtCh0L/QuNGG0LjQvdCwlIwIcGFzc3dvcmSUjFhwYmtkZjJfc2hhMjU2JDYwMDAwMCQyZDlTeVJzV0dqMlRwZXplVzNNMWNvJEZzaGdlQ2wvanpYN1IvTkJLSngrRExNbHpGQWp6aFdUMGMrZmFLK3RyOHc9lHWMCmVtYWlsX2NvZGWUjAY5MzgxMDWUdS4=	2024-12-09 08:44:34+00
:1:user_session_key_c8196795-c227-48bd-b279-70bca9a0415f	gAWVAgEAAAAAAAB9lCiMCXVzZXJfZGF0YZR9lCiMBXBob25llIwMKzc3MDc0NzY4NTY1lIwFZW1haWyUjBZkamFtYm9rb2tvODJAZ21haWwuY29tlIwKZmlyc3RfbmFtZZSMDNCa0LDRgNC40L3QsJSMCWxhc3RfbmFtZZSMDtCh0L/QuNGG0LjQvdCwlIwIcGFzc3dvcmSUjFhwYmtkZjJfc2hhMjU2JDYwMDAwMCRtN2tRTzJOeTZyT01NYWQzb0Y2WmR4JGpSdDFnL1ZGSFR6UGlqSnlYMTNHTzBMZ1R3eEFPRFJHQU04di9EQU5zVHc9lHWMCmVtYWlsX2NvZGWUjAY2NTM0MjSUdS4=	2024-12-09 08:44:36+00
:1:user_session_key_066500a8-7238-4945-a62b-09d107de963c	gAWV9QAAAAAAAAB9lCiMCXVzZXJfZGF0YZR9lCiMBXBob25llIwMKzc3MDc0NzY4NTY1lIwFZW1haWyUjBZkamFtYm9rb2tvODJAZ21haWwuY29tlIwKZmlyc3RfbmFtZZSMBkthcmluYZSMCWxhc3RfbmFtZZSMB1NwaWNpbmGUjAhwYXNzd29yZJSMWHBia2RmMl9zaGEyNTYkNjAwMDAwJGhDSmRTbEMyanlUbW81NFdOd2xySkMkMzlUbGVwSE5iSFBXbHl1TThDb0IzM250azNBekJyTEVsOWliRTVEL2M1WT2UdYwKZW1haWxfY29kZZSMBjk4MTk1NpR1Lg==	2024-12-09 09:12:22+00
:1:user_session_key_7be16249-ce98-4a60-900b-523f64a3ea34	gAWV9QAAAAAAAAB9lCiMCXVzZXJfZGF0YZR9lCiMBXBob25llIwMKzc3MDc0NzY4NTY1lIwFZW1haWyUjBZkamFtYm9rb2tvODJAZ21haWwuY29tlIwKZmlyc3RfbmFtZZSMBkthcmluYZSMCWxhc3RfbmFtZZSMB1NwaWNpbmGUjAhwYXNzd29yZJSMWHBia2RmMl9zaGEyNTYkNjAwMDAwJG8zdHNqeXQ4aE81RDFOVmtIbXJqbHckWjV6d3dnU3ZDRUFGNGswOEZvYjJKVXE0cjE2cE5vam9CSUpzQWpXdnB3Zz2UdYwKZW1haWxfY29kZZSMBjc4NTg0NJR1Lg==	2024-12-09 09:12:22+00
:1:user_session_key_bc3696d3-b1c1-4780-82df-e58db8635f21	gAWV9QAAAAAAAAB9lCiMCXVzZXJfZGF0YZR9lCiMBXBob25llIwMKzc3MDc0NzY4NTY1lIwFZW1haWyUjBZkamFtYm9rb2tvODJAZ21haWwuY29tlIwKZmlyc3RfbmFtZZSMBkthcmluYZSMCWxhc3RfbmFtZZSMB1NwaWNpbmGUjAhwYXNzd29yZJSMWHBia2RmMl9zaGEyNTYkNjAwMDAwJGd2REJlQXI5aE5DZ2RXaUlSenpsTXYkYW9qOG0zZUg1MXQzMzN3WGRTczBvNk1BUWJLUzJXZWFhck1JaC9jdEh4ST2UdYwKZW1haWxfY29kZZSMBjM5ODUxNJR1Lg==	2024-12-09 09:12:23+00
:1:user_session_key_ec829699-652c-4e0f-a1f5-ee0277619199	gAWV/QAAAAAAAAB9lCiMCXVzZXJfZGF0YZR9lCiMBXBob25llIwMKzc3MDc3ODg3Mzc1lIwFZW1haWyUjBxrYW1pbGxhLnN0cml6aGFrODVAZ21haWwuY29tlIwKZmlyc3RfbmFtZZSMB0thbWlsbGGUjAlsYXN0X25hbWWUjAhTdHJpemhha5SMCHBhc3N3b3JklIxYcGJrZGYyX3NoYTI1NiQ2MDAwMDAkTlRpVVZGNnpjU0oxTjFLS1F1cGYzMyRpNnZ5WHoyQ1JMWEI4MWNyMnRyZm5CUnl0SjFVMGJaNms1Si9xalN2V2RJPZR1jAplbWFpbF9jb2RllIwGNjI3MDI5lHUu	2024-12-09 09:14:53+00
:1:user_session_key_61f8d1db-398c-4081-90f7-494aaa1cdf41	gAWVCAEAAAAAAAB9lCiMCXVzZXJfZGF0YZR9lCiMBXBob25llIwMKzc3NzY5ODM4MTE4lIwFZW1haWyUjBh0aXBvbGlueWFoZWxsb0BnbWFpbC5jb22UjApmaXJzdF9uYW1llIwQ0JDQvdCz0LXQu9C40L3QsJSMCWxhc3RfbmFtZZSMDtCi0YPRgNCx0LjQvdCwlIwIcGFzc3dvcmSUjFhwYmtkZjJfc2hhMjU2JDYwMDAwMCRQY1lGUjVSUzZXRGxOUW1RaVBlT09UJFRkMFBtUE94VUdQZ0wrNWhkWWRhQ2p6bHUzc0psa0htVm40dk1JMUowem89lHWMCmVtYWlsX2NvZGWUjAYxMjEwMjeUdS4=	2024-12-10 10:06:01+00
:1:user_session_key_a253d8c3-3519-41d5-9233-2892f9a37d60	gAWVAQEAAAAAAAB9lCiMCXVzZXJfZGF0YZR9lCiMBXBob25llIwMKzc3MDgyOTk3Nzc0lIwFZW1haWyUjB1hbGVrc2FuZHJhc3VtaWxvdmE1QGdtYWlsLmNvbZSMCmZpcnN0X25hbWWUjAlBbGV4YW5kcmGUjAlsYXN0X25hbWWUjAlTaHVtaWxvdmGUjAhwYXNzd29yZJSMWHBia2RmMl9zaGEyNTYkNjAwMDAwJGpOeGg4YWZyMFRBSGJQeHlhYnR2OHUkNVNvTzVtTHprQkNiekJEdFRuTUlkQllOTXdQRlF2dVJZV0dLWlRmdElLTT2UdYwKZW1haWxfY29kZZSMBjc2NjM3NpR1Lg==	2024-12-10 10:06:49+00
:1:user_session_key_3557dedd-9231-4660-b914-d5b274d4e61b	gAWVAQEAAAAAAAB9lCiMCXVzZXJfZGF0YZR9lCiMBXBob25llIwMKzc3MDgyOTk3Nzc0lIwFZW1haWyUjB1hbGVrc2FuZHJhc3VtaWxvdmE1QGdtYWlsLmNvbZSMCmZpcnN0X25hbWWUjAlBbGV4YW5kcmGUjAlsYXN0X25hbWWUjAlTaHVtaWxvdmGUjAhwYXNzd29yZJSMWHBia2RmMl9zaGEyNTYkNjAwMDAwJDJiYmRTV1JRNTg2Mm9Jb2ZRdEV0Z3Akdk9KblpoVzlxZlgzZHU2cWFCb1hORk1YUVBrVWpuVEZqdTE2eTlqYXJoaz2UdYwKZW1haWxfY29kZZSMBjg3NTk1NpR1Lg==	2024-12-10 10:13:22+00
:1:user_session_key_e1bd8470-47bf-42c9-9e67-d42ad405eb37	gAWVAQEAAAAAAAB9lCiMCXVzZXJfZGF0YZR9lCiMBXBob25llIwMKzc3MDgyOTk3Nzc0lIwFZW1haWyUjB1hbGVrc2FuZHJhc3VtaWxvdmE1QGdtYWlsLmNvbZSMCmZpcnN0X25hbWWUjAlBbGV4YW5kcmGUjAlsYXN0X25hbWWUjAlTaHVtaWxvdmGUjAhwYXNzd29yZJSMWHBia2RmMl9zaGEyNTYkNjAwMDAwJHg5ak1xVzRncUVEQ0h2SFdKSXF1Um4kMm43Q1JBODArZXlJdHQ3SXl4bkgyd3A1anVIdDI5bGRmMTFOWkJTQ2ZJbz2UdYwKZW1haWxfY29kZZSMBjY4MzAxOZR1Lg==	2024-12-10 10:13:25+00
:1:user_session_key_bd1dc8be-334b-418c-ab06-8ad24ba1cebd	gAWVAgEAAAAAAAB9lCiMCXVzZXJfZGF0YZR9lCiMBXBob25llIwMKzc3MDc0NzY4NTY1lIwFZW1haWyUjBZkamFtYm9rb2tvODJAZ21haWwuY29tlIwKZmlyc3RfbmFtZZSMDNCa0LDRgNC40L3QsJSMCWxhc3RfbmFtZZSMDtCh0L/QuNGG0LjQvdCwlIwIcGFzc3dvcmSUjFhwYmtkZjJfc2hhMjU2JDYwMDAwMCRkZmVzdTVVN0tBclFPcnozQ05wTzlrJGFvTXllU1dKeG9JdXlaam85ODBYc2RWa1B1NEF5Mk1tYkIyRitkMnVRNHM9lHWMCmVtYWlsX2NvZGWUjAYyNTgwOTOUdS4=	2024-12-10 10:23:36+00
:1:user_session_key_01187cbb-01c8-4be1-b725-72e2b8884f64	gAWVAgEAAAAAAAB9lCiMCXVzZXJfZGF0YZR9lCiMBXBob25llIwMKzc3MDc0NzY4NTY1lIwFZW1haWyUjBZkamFtYm9rb2tvODJAZ21haWwuY29tlIwKZmlyc3RfbmFtZZSMDNCa0LDRgNC40L3QsJSMCWxhc3RfbmFtZZSMDtCh0L/QuNGG0LjQvdCwlIwIcGFzc3dvcmSUjFhwYmtkZjJfc2hhMjU2JDYwMDAwMCRnZnRaNG5iTEFCeWx3bW1LSVZHNmR6JDVHdjRGbWhudHdlemluNDArc1hDci81VTdwT21kcGtYNUMxVGN0STFKTzA9lHWMCmVtYWlsX2NvZGWUjAYzOTgyNTGUdS4=	2024-12-10 10:23:36+00
:1:user_session_key_564a7159-4fca-4668-9f1b-cf7df1197803	gAWV9QAAAAAAAAB9lCiMCXVzZXJfZGF0YZR9lCiMBXBob25llIwMKzc3Nzc3Nzc3Nzc3lIwFZW1haWyUjBthbGV4ZXlwZXRyb3Zza3k1N0BnbWFpbC5jb22UjApmaXJzdF9uYW1llIwEYWxleJSMCWxhc3RfbmFtZZSMBHRlc3SUjAhwYXNzd29yZJSMWHBia2RmMl9zaGEyNTYkNjAwMDAwJEFuRm5pRkJKcTV5elc5TGMzT3pXb0wkVEdJSm8zcm9FMVlFRWk4bU9HSE5WZXdVMjN1bkNlcWRmc0NnM2t3VG1Laz2UdYwKZW1haWxfY29kZZSMBjY3OTU0NpR1Lg==	2024-12-10 10:24:33+00
:1:user_session_key_26b31f06-5a29-48cf-bf55-dcbe2d1fe8f2	gAWVCwEAAAAAAAB9lCiMCXVzZXJfZGF0YZR9lCiMBXBob25llIwMKzc3MDAyMjg1OTU3lIwFZW1haWyUjBlnYWxpbXp5YW5vdmEuYWRlbEBtYWlsLnJ1lIwKZmlyc3RfbmFtZZSMCtCQ0LTQtdC70YyUjAlsYXN0X25hbWWUjBbQk9Cw0LvQuNC80LfRj9C90L7QstCwlIwIcGFzc3dvcmSUjFhwYmtkZjJfc2hhMjU2JDYwMDAwMCRhUXJhVU8wZlFWS0JLajljUFRvSjJtJDRIckIyVTBJQTMrd2FkOTNiV01UVDBHOW93WGdnWXU5eGZSYnF4Q0xGbGs9lHWMCmVtYWlsX2NvZGWUjAYwODkwODSUdS4=	2024-12-10 15:56:44+00
:1:user_session_key_40d808b9-b5a7-4ddb-b859-65faac49ff85	gAWVCgEAAAAAAAB9lCiMCXVzZXJfZGF0YZR9lCiMBXBob25llIwMKzc3MDc3ODg3Mzc1lIwFZW1haWyUjBxrYW1pbGxhLnN0cml6aGFrODVAZ21haWwuY29tlIwKZmlyc3RfbmFtZZSMDtCa0LDQvNC40LvQu9CwlIwJbGFzdF9uYW1llIwO0KHRgtGA0LjQttCw0LqUjAhwYXNzd29yZJSMWHBia2RmMl9zaGEyNTYkNjAwMDAwJE1QdWJWaTJRYWlnOVQzaW1PanBjWWwkNFRmdHhkd1U0YkFNVGFQYTRyWU1xekh5T2ExQzVsb1hrcFJ5d3k1RVc2MD2UdYwKZW1haWxfY29kZZSMBjUzMTc2NJR1Lg==	2024-12-10 17:22:21+00
:1:user_session_key_16043dc7-be0b-4d1d-895a-96df5a5d8809	gAWVBAEAAAAAAAB9lCiMCXVzZXJfZGF0YZR9lCiMBXBob25llIwMKzc3MDc3ODg3Mzc1lIwFZW1haWyUjBZrYW1paS5yYWIwMDdAZ21haWwuY29tlIwKZmlyc3RfbmFtZZSMDtCa0LDQvNC40LvQu9CwlIwJbGFzdF9uYW1llIwO0KHRgtGA0LjQttCw0LqUjAhwYXNzd29yZJSMWHBia2RmMl9zaGEyNTYkNjAwMDAwJGI2Mjl6MEU2Z0FNd1drMW9KQ01jdWokWDVoVmNHMWVvdnd0bXI5Z2l5RUZSOUtnclB1cUs4OU14anZXQzlXVzkxYz2UdYwKZW1haWxfY29kZZSMBjI1MzM0MpR1Lg==	2024-12-10 17:48:21+00
:1:user_session_key_50a91a2a-67d1-4a59-924f-3a3505c50c92	gAWVBAEAAAAAAAB9lCiMCXVzZXJfZGF0YZR9lCiMBXBob25llIwMKzc3MDc3ODg3Mzc1lIwFZW1haWyUjBZrYW1paS5yYWIwMDdAZ21haWwuY29tlIwKZmlyc3RfbmFtZZSMDtCa0LDQvNC40LvQu9CwlIwJbGFzdF9uYW1llIwO0KHRgtGA0LjQttCw0LqUjAhwYXNzd29yZJSMWHBia2RmMl9zaGEyNTYkNjAwMDAwJFZablhwTWpUc2pSY2pETFRIa1N5VkwkTlloVGd4eEx2REc3WU5kQzdXcitQQUNKQUJJbGJWaERxbjJKZ051Z2l0TT2UdYwKZW1haWxfY29kZZSMBjE4MzE5OZR1Lg==	2024-12-10 17:50:46+00
:1:user_session_key_2e90fea9-05d0-4902-a5c7-a3a088697b8b	gAWV9gAAAAAAAAB9lCiMCXVzZXJfZGF0YZR9lCiMBXBob25llIwMKzc3NzgxMDIyNTQ1lIwFZW1haWyUjBFuc3QyOG12QGdtYWlsLmNvbZSMCmZpcnN0X25hbWWUjAtBbmFzdGFzc2l5YZSMCWxhc3RfbmFtZZSMCEtocmFtb3ZhlIwIcGFzc3dvcmSUjFhwYmtkZjJfc2hhMjU2JDYwMDAwMCREdEo2TlhBQnRtYmMwdzI2b2lJWDBzJEJucVUyQUZVSG9ZS216Y2RtNlJhVlVkTkMzTndZVkRTR3hTY1pieEhUR009lHWMCmVtYWlsX2NvZGWUjAYzMDM4MTOUdS4=	2024-12-11 16:27:30+00
:1:user_session_key_14f4d6ae-e361-4dbb-8536-f43e564eea51	gAWVCgEAAAAAAAB9lCiMCXVzZXJfZGF0YZR9lCiMBXBob25llIwMKzc3MDcxNDE0NTA1lIwFZW1haWyUjBhrcmlzdGluYXBhcms1ZkBnbWFpbC5jb22UjApmaXJzdF9uYW1llIwM0KHQsNCx0LjQvdCwlIwJbGFzdF9uYW1llIwU0JDRgdGL0LvQsdC10LrQvtCy0LCUjAhwYXNzd29yZJSMWHBia2RmMl9zaGEyNTYkNjAwMDAwJElBNFpBdEx6M0lXUmxucnJuaVpsUnokOHBuZGlOaFlacHVMUzdtRDlkVlVsVlQ4cDJIQ0FlNHo5b3FXVnFadHpBdz2UdYwKZW1haWxfY29kZZSMBjU3NDI1OZR1Lg==	2024-12-15 01:25:00+00
:1:user_session_key_14b15b46-12c9-4d51-b48e-a8fd0c72221a	gAWVCgEAAAAAAAB9lCiMCXVzZXJfZGF0YZR9lCiMBXBob25llIwMKzc3MDcxNDE0NTA1lIwFZW1haWyUjBhrcmlzdGluYXBhcms1ZkBnbWFpbC5jb22UjApmaXJzdF9uYW1llIwM0KHQsNCx0LjQvdCwlIwJbGFzdF9uYW1llIwU0JDRgdGL0LvQsdC10LrQvtCy0LCUjAhwYXNzd29yZJSMWHBia2RmMl9zaGEyNTYkNjAwMDAwJDR1dW5WSW5MU3lqc2tzQ3g3TDMwT1kkTk1pSUp1M0NPZUIrQzZNb0p2cW1WWVdPeTNxRTZSNEN1WHVVOWcyVExYMD2UdYwKZW1haWxfY29kZZSMBjUwNTY5MZR1Lg==	2024-12-15 01:25:01+00
:1:user_session_key_897d7edd-2291-4f45-a078-8d24f6b4de8b	gAWVBAEAAAAAAAB9lCiMCXVzZXJfZGF0YZR9lCiMBXBob25llIwMKzc3NzYyNTY3MTE3lIwFZW1haWyUjBJua2l0MjIyNUBnbWFpbC5jb22UjApmaXJzdF9uYW1llIwK0JDRj9C20LDQvZSMCWxhc3RfbmFtZZSMFtCW0LDRgdGC0LjQu9C10LrQvtCy0LCUjAhwYXNzd29yZJSMWHBia2RmMl9zaGEyNTYkNjAwMDAwJG9kZ0lHd0NwZHlMUUxRSWJUVTV2ajkkTlpwK3I3cmdjUzcrZDZiU01RSTUvc0NlYkNlOWthVyt6M0tlTFY2NXNvdz2UdYwKZW1haWxfY29kZZSMBjYwMzI0OJR1Lg==	2024-12-18 08:51:45+00
:1:user_session_key_70939cee-e7f4-41ba-894e-017f06196201	gAWVCgEAAAAAAAB9lCiMCXVzZXJfZGF0YZR9lCiMBXBob25llIwMKzc3MDcxNDE0NTA1lIwFZW1haWyUjBhrcmlzdGluYXBhcms1ZkBnbWFpbC5jb22UjApmaXJzdF9uYW1llIwM0KHQsNCx0LjQvdCwlIwJbGFzdF9uYW1llIwU0JDRgdGL0LvQsdC10LrQvtCy0LCUjAhwYXNzd29yZJSMWHBia2RmMl9zaGEyNTYkNjAwMDAwJDdlRjZENWpSV0JjN3VmZzM2RmxBaHckZ0hQWDN5ejFNSDFEb0MxcndWNUdUSm9LdjQrMTE3L2sySzB3SWJwU1ZWUT2UdYwKZW1haWxfY29kZZSMBjk3NjE1MpR1Lg==	2024-12-18 08:52:26+00
:1:user_session_key_f5c5c562-dfec-4041-bfc9-0bf1f2db045b	gAWV9wAAAAAAAAB9lCiMCXVzZXJfZGF0YZR9lCiMBXBob25llIwMKzc3NDc4MTQzNjU1lIwFZW1haWyUjBl1bGRhbmFoYWlyYXQwMUBpY2xvdWQuY29tlIwKZmlyc3RfbmFtZZSMBlVsZGFuYZSMCWxhc3RfbmFtZZSMBkthaXJhdJSMCHBhc3N3b3JklIxYcGJrZGYyX3NoYTI1NiQ2MDAwMDAkaGsyRktZbzRFWGRpdHZsZWFuOThGdCRYSFpNTDN4TjcyL3dqOTFOVWtTYXJCSGVOb2lBc1Q5L0t0NDBFc2NoZ0NFPZR1jAplbWFpbF9jb2RllIwGOTI1MDIzlHUu	2024-12-18 08:54:28+00
:1:user_session_key_4d9b75b5-7ad1-47f1-960e-63580b140463	gAWV7wAAAAAAAAB9lCiMCXVzZXJfZGF0YZR9lCiMBXBob25llIwMKzc3NDc4MTQzNjU1lIwFZW1haWyUjBF2bGxhbGFiZHRzbEBiay5ydZSMCmZpcnN0X25hbWWUjAZVbGRhbmGUjAlsYXN0X25hbWWUjAZLYWlyYXSUjAhwYXNzd29yZJSMWHBia2RmMl9zaGEyNTYkNjAwMDAwJHhBOVhLM2J5UzYxZVhJM2J6WTJzemMkd3ZwdmxBUWdxa2lJUUp5Y1BwNHdFcEY3OFV6RG9LNHRyVG0vVWtac2FIMD2UdYwKZW1haWxfY29kZZSMBjg1ODI4OZR1Lg==	2024-12-18 09:03:13+00
:1:user_session_key_6a9cd5c8-064a-42e5-bde3-50ea37873031	gAWV7wAAAAAAAAB9lCiMCXVzZXJfZGF0YZR9lCiMBXBob25llIwMKzc3NDc4MTQzNjU1lIwFZW1haWyUjBF2bGxhbGFiZHRzbEBiay5ydZSMCmZpcnN0X25hbWWUjAZVbGRhbmGUjAlsYXN0X25hbWWUjAZLYWlyYXSUjAhwYXNzd29yZJSMWHBia2RmMl9zaGEyNTYkNjAwMDAwJE5XZmRpZElSRkY0UUhKclB5bGo3YmIkWXJ6em9HTDJsdzBaQnJJTFFrMlk2Y3hnQld6cjBYQjVLL0ROd01uY2VFZz2UdYwKZW1haWxfY29kZZSMBjk0OTE2NZR1Lg==	2024-12-18 09:03:14+00
:1:user_session_key_975238fa-e3b9-4966-9876-2452a42ceb84	gAWV7wAAAAAAAAB9lCiMCXVzZXJfZGF0YZR9lCiMBXBob25llIwMKzc3NDc4MTQzNjU1lIwFZW1haWyUjBF2bGxhbGFiZHRzbEBiay5ydZSMCmZpcnN0X25hbWWUjAZVbGRhbmGUjAlsYXN0X25hbWWUjAZLYWlyYXSUjAhwYXNzd29yZJSMWHBia2RmMl9zaGEyNTYkNjAwMDAwJExBY2djY2tLSUF0cUlieFpwcDhCbmMkQ1l2R3lwU2VYamdBNFNnRnhvVUMvcVFIVjlTZkJBU21MbXAzT2JvYlFzWT2UdYwKZW1haWxfY29kZZSMBjgyMDQzNJR1Lg==	2024-12-18 09:03:15+00
:1:user_session_key_7e196e0f-a7fa-413b-a250-14f381c6ee07	gAWV7wAAAAAAAAB9lCiMCXVzZXJfZGF0YZR9lCiMBXBob25llIwMKzc3NDc4MTQzNjU1lIwFZW1haWyUjBF2bGxhbGFiZHRzbEBiay5ydZSMCmZpcnN0X25hbWWUjAZVbGRhbmGUjAlsYXN0X25hbWWUjAZLYWlyYXSUjAhwYXNzd29yZJSMWHBia2RmMl9zaGEyNTYkNjAwMDAwJFQ2elRkYkI1bW5YYktBa0xYY1ZTNFMkQUlsejY5TUZlSVFuSDBnWE9IcHlaZ205bmVSR1VuVHJ2VXVEcFFoLzBRdz2UdYwKZW1haWxfY29kZZSMBjM5ODA1OZR1Lg==	2024-12-18 09:03:16+00
:1:user_session_key_651aa901-d266-4078-86e2-b1b70b10cfb0	gAWVCgEAAAAAAAB9lCiMCXVzZXJfZGF0YZR9lCiMBXBob25llIwMKzc3MDcxNDE0NTA1lIwFZW1haWyUjBhrcmlzdGluYXBhcms1ZkBnbWFpbC5jb22UjApmaXJzdF9uYW1llIwM0KHQsNCx0LjQvdCwlIwJbGFzdF9uYW1llIwU0JDRgdGL0LvQsdC10LrQvtCy0LCUjAhwYXNzd29yZJSMWHBia2RmMl9zaGEyNTYkNjAwMDAwJHZZVTBqSWlnN1BTYjhESEU1bGY3WTQkdUVLaE03WUF5RHBnUjRzbm9ycG9lQzFBV0J5clNOdEVmUkEvd2gya1Zrbz2UdYwKZW1haWxfY29kZZSMBjQzNzY1NpR1Lg==	2024-12-18 09:10:10+00
:1:user_session_key_69b28a19-0c7d-4c4a-9341-73a611ba796f	gAWVCgEAAAAAAAB9lCiMCXVzZXJfZGF0YZR9lCiMBXBob25llIwMKzc3MDcxNDE0NTA1lIwFZW1haWyUjBhrcmlzdGluYXBhcms1ZkBnbWFpbC5jb22UjApmaXJzdF9uYW1llIwM0KHQsNCx0LjQvdCwlIwJbGFzdF9uYW1llIwU0JDRgdGL0LvQsdC10LrQvtCy0LCUjAhwYXNzd29yZJSMWHBia2RmMl9zaGEyNTYkNjAwMDAwJFB3emo5blVldGZ0OXEzb2wxdzRqemIkVWJaVVB0WXdsTlBxOC9hTitXMHZ1ZElEbE1wZDFJOC9kNFNxWGNYWG5kcz2UdYwKZW1haWxfY29kZZSMBjM2NTg5OZR1Lg==	2024-12-18 09:17:15+00
:1:user_session_key_74f4f411-0f26-46b4-a6f2-30301b673e5a	gAWVCgEAAAAAAAB9lCiMCXVzZXJfZGF0YZR9lCiMBXBob25llIwMKzc3MDcxNDE0NTA1lIwFZW1haWyUjBhrcmlzdGluYXBhcms1ZkBnbWFpbC5jb22UjApmaXJzdF9uYW1llIwM0KHQsNCx0LjQvdCwlIwJbGFzdF9uYW1llIwU0JDRgdGL0LvQsdC10LrQvtCy0LCUjAhwYXNzd29yZJSMWHBia2RmMl9zaGEyNTYkNjAwMDAwJFhQemZybTRJTmRKUHZraGpCQjJXYW8kQmdBSDk1OE1iazlhZ3MwUHkreE5FTjlTNUNGZmRFai9LcnJuU01yOWhvOD2UdYwKZW1haWxfY29kZZSMBjc2NTgyNJR1Lg==	2024-12-18 09:43:43+00
:1:user_session_key_c713a697-3578-4efb-b3fe-9d015787f823	gAWVCwEAAAAAAAB9lCiMCXVzZXJfZGF0YZR9lCiMBXBob25llIwMKzc3NzcyMTUzMzExlIwFZW1haWyUjBVBZ2liYWxvdmE2Z0BnbWFpbC5jb22UjApmaXJzdF9uYW1llIwS0JzQsNGA0LPQsNGA0LjRgtCwlIwJbGFzdF9uYW1llIwS0JDQs9C40LHQsNC70L7QstCwlIwIcGFzc3dvcmSUjFhwYmtkZjJfc2hhMjU2JDYwMDAwMCRoQkRQWklYS3hmMWNUQ0h3dWRrYTVGJG9xWERpNW80TERtU0EwRGRmWVVURmc1QlVYSXQ5cytkMzM1OHMzTTBSc0k9lHWMCmVtYWlsX2NvZGWUjAY1MjQ2NDKUdS4=	2024-12-18 10:18:42+00
:1:user_session_key_bdc757e0-56a7-435d-a1ba-7f46b3d21c8f	gAWVBwEAAAAAAAB9lCiMCXVzZXJfZGF0YZR9lCiMBXBob25llIwMKzc3MDg5MzQ2MzUwlIwFZW1haWyUjBVtZWRldGJla21hZEBnbWFpbC5jb22UjApmaXJzdF9uYW1llIwM0JzQsNC00LjRj9GAlIwJbGFzdF9uYW1llIwU0JzQtdC00LXRgtCx0LXQutC+0LKUjAhwYXNzd29yZJSMWHBia2RmMl9zaGEyNTYkNjAwMDAwJFptSnNDamtzbHhWN2p3UEdYWHVoM08kNGx2Q0pmcjdBM21mZ1orR21BVHZyZElEUStNYWRub1NwLzcyUVZYS0FZdz2UdYwKZW1haWxfY29kZZSMBjIyNDg3OJR1Lg==	2024-12-19 09:00:41+00
:1:user_session_key_d9e72e0a-e780-4343-a4ba-77b5e8eb3b22	gAWV5AAAAAAAAAB9lCiMCXVzZXJfZGF0YZR9lCiMBXBob25llIwMKzc5MjA4MjAzMzQ0lIwFZW1haWyUjAZhQGEucnWUjApmaXJzdF9uYW1llIwGZnNkZmRzlIwJbGFzdF9uYW1llIwGZHNmZHNmlIwIcGFzc3dvcmSUjFhwYmtkZjJfc2hhMjU2JDYwMDAwMCQwVGZkVjRQWTdLVEhNTDNrQXUwYUxlJHRuRnhySWgrU2J0L3ZMMXVWUDhlUmk0cmhtUmMwTnVkMHQwZWZpQmllVEU9lHWMCmVtYWlsX2NvZGWUjAY5MTU0MTSUdS4=	2024-12-19 15:59:12+00
:1:user_session_key_f3deb1a7-f881-4524-87f8-6b70209039c8	gAWV+AAAAAAAAAB9lCiMCXVzZXJfZGF0YZR9lCiMBXBob25llIwMKzc3NzcxNzM4Nzg3lIwFZW1haWyUjBh6aGFuZWx5YXNoYW1pbEBnbWFpbC5jb22UjApmaXJzdF9uYW1llIwM0JbQsNC90LXQu9GMlIwJbGFzdF9uYW1llIwC0KiUjAhwYXNzd29yZJSMWHBia2RmMl9zaGEyNTYkNjAwMDAwJGg3TVJFREZEMUVaWUh6eUtBbWlIVkYkd01tQWxUSUJpTzFGSjN4T3lFbFZ5eHdXZTlBQWhoWExNSmZQWnF5ZUVLMD2UdYwKZW1haWxfY29kZZSMBjgwMTMxNJR1Lg==	2024-12-23 09:06:01+00
:1:user_session_key_8482c91d-1e3b-4a6e-86a9-a7e937813dd3	gAWV7gAAAAAAAAB9lCiMCXVzZXJfZGF0YZR9lCiMBXBob25llIwMKzc3NDcxOTgwMTE2lIwFZW1haWyUjBJrdW9rdW1xZUBnbWFpbC5jb22UjApmaXJzdF9uYW1llIwI0LvQuNC90LCUjAlsYXN0X25hbWWUjALQsZSMCHBhc3N3b3JklIxYcGJrZGYyX3NoYTI1NiQ2MDAwMDAkZjR2bncyZEdIT3oyNjNPUzNKSFpIaiRFcG1iSGF3TWVqZTdWQ2VIQ29xd2tCZ0t0SGJ6YUdSYlB3YXppNEpGTlMwPZR1jAplbWFpbF9jb2RllIwGNzA2NjQzlHUu	2024-12-23 09:07:48+00
:1:user_session_key_110ec5ad-c9cb-4163-a040-2a201f30c211	gAWV/gAAAAAAAAB9lCiMCXVzZXJfZGF0YZR9lCiMBXBob25llIwMKzc3MDg1NDg2NzUzlIwFZW1haWyUjBBhYS5rYS45MEBtYWlsLnJ1lIwKZmlyc3RfbmFtZZSMCtCQ0YDQvdKx0YCUjAlsYXN0X25hbWWUjBLTmNCx0LTRltC605nRgNGW0LyUjAhwYXNzd29yZJSMWHBia2RmMl9zaGEyNTYkNjAwMDAwJERidnBQNXFnMm4yVmpGS29yNUpncEwkM3dXVVl5RnI5bnVMT0JyODYvMFk0THZxYktIa1grRkxFbFJReXU4TlRpZz2UdYwKZW1haWxfY29kZZSMBjQ1NTk2M5R1Lg==	2025-01-05 15:25:51+00
:1:user_session_key_dd035681-98c4-4d33-a995-e742aea1c81d	gAWV/gAAAAAAAAB9lCiMCXVzZXJfZGF0YZR9lCiMBXBob25llIwMKzc3NzczMTI0MjExlIwFZW1haWyUjBplbG51ci5rYXpha2hzdGFuQGdtYWlsLmNvbZSMCmZpcnN0X25hbWWUjAZZZWxudXKUjAlsYXN0X25hbWWUjAxBYmRyYWtobWFub3aUjAhwYXNzd29yZJSMWHBia2RmMl9zaGEyNTYkNjAwMDAwJGtqZzZjbUR1ZmRLTndIN3R4QU1TNFkkaUd0dzZKNmM3T3RZUkY1M3RMdnFTQWpuTWZtUXBTZ05tVXE2RUFET08rWT2UdYwKZW1haWxfY29kZZSMBjI0ODIxOJR1Lg==	2025-04-28 14:09:50+00
:1:user_session_key_333ca931-08b3-4609-a2ca-c26b44521770	gAWVAgEAAAAAAAB9lCiMCXVzZXJfZGF0YZR9lCiMBXBob25llIwMKzc3MDE3OTkwOTY2lIwFZW1haWyUjBZhaWphbl90eW1iYWV2YUBtYWlsLnJ1lIwKZmlyc3RfbmFtZZSMCtCQ0LnQttCw0L2UjAlsYXN0X25hbWWUjBDQotGL0LzQsdCw0LXQstCwlIwIcGFzc3dvcmSUjFhwYmtkZjJfc2hhMjU2JDYwMDAwMCQybWxzR1NYcmt4MFNJQjN4Sk53REJZJHhOUE5Xclp4dFMrbTVvYXhQOFhpZjFCb3ZWTXRQR0JMTXF2b1pubjN0Tlk9lHWMCmVtYWlsX2NvZGWUjAY2MTE0MzGUdS4=	2025-06-23 05:26:30+00
:1:user_session_key_03e43a75-04dc-497c-a825-18a4157393af	gAWV+gAAAAAAAAB9lCiMCXVzZXJfZGF0YZR9lCiMBXBob25llIwMKzc3MDcyMTAxMDQxlIwFZW1haWyUjBJhcnRlbWJteEBnbWFpbC5jb22UjApmaXJzdF9uYW1llIwK0JDRgNGC0ZHQvJSMCWxhc3RfbmFtZZSMDNCb0LXQtNGP0LXQspSMCHBhc3N3b3JklIxYcGJrZGYyX3NoYTI1NiQ2MDAwMDAkTHc5RGN2VHhTekt5QmtDSVZ5azU5eCRWeEw4M1gwbkVrUGFOTnlxclNjZE84VENFWmlYTC9hM0R2eVlNcmc3ZUlnPZR1jAplbWFpbF9jb2RllIwGNjk1OTIylHUu	2025-06-24 06:49:21+00
:1:user_session_key_e1c3debe-e9a1-4d6e-8f5a-e404cc819f00	gAWVBQEAAAAAAAB9lCiMCXVzZXJfZGF0YZR9lCiMBXBob25llIwMKzc3Nzc1ODY1MDI2lIwFZW1haWyUjBNhbG1hYnlsYXlAZ21haWwuY29tlIwKZmlyc3RfbmFtZZSMDNCQ0LHRi9C70LDQuZSMCWxhc3RfbmFtZZSMFNCQ0LvQvNCw0YHRhdCw0L3QvtCylIwIcGFzc3dvcmSUjFhwYmtkZjJfc2hhMjU2JDYwMDAwMCRmREc3WmtSdlRDdHJtWURFa1U2cE9UJHlZWnZYOWlXblFpcEFxS1VrUGxMUjNZZ3ZiQ1JGTUlRTGNURjZqS0FPd009lHWMCmVtYWlsX2NvZGWUjAY1ODMxOTWUdS4=	2025-07-06 19:22:44+00
:1:user_session_key_6ed5d259-2d4c-4256-8144-79da63468f38	gAWVBQEAAAAAAAB9lCiMCXVzZXJfZGF0YZR9lCiMBXBob25llIwMKzc3Nzc1ODY1MDI2lIwFZW1haWyUjBNhbG1hYnlsYXlAZ21haWwuY29tlIwKZmlyc3RfbmFtZZSMDNCQ0LHRi9C70LDQuZSMCWxhc3RfbmFtZZSMFNCQ0LvQvNCw0YHRhdCw0L3QvtCylIwIcGFzc3dvcmSUjFhwYmtkZjJfc2hhMjU2JDYwMDAwMCR2VEJDTEo4eUt5V0ZLb09lYzdmTUp1JHF6dkdiL2R0NVEwdG1RYUVTc2FrdmRWZmg5d0tPemMzWVVHejJld0FtVUk9lHWMCmVtYWlsX2NvZGWUjAY1OTUyMjmUdS4=	2025-07-06 19:25:36+00
:1:user_session_key_5651bc7c-c124-4fb7-a401-88ad0c8c9cd9	gAWVBQEAAAAAAAB9lCiMCXVzZXJfZGF0YZR9lCiMBXBob25llIwMKzc3Nzc1ODY1MDI2lIwFZW1haWyUjBNhbG1hYnlsYXlAZ21haWwuY29tlIwKZmlyc3RfbmFtZZSMDNCQ0LHRi9C70LDQuZSMCWxhc3RfbmFtZZSMFNCQ0LvQvNCw0YHRhdCw0L3QvtCylIwIcGFzc3dvcmSUjFhwYmtkZjJfc2hhMjU2JDYwMDAwMCR4OG5lSml5YmhLbE1GWnpMZFNGWjFIJEgvMTEzTUhoZXQ2Z3djcVh5VnAzR3o2THZEZDZQRU9GY2dtR1ZrYzlZUXM9lHWMCmVtYWlsX2NvZGWUjAY0MTA1MjCUdS4=	2025-07-06 19:30:41+00
:1:user_session_key_386ad122-3a50-43e0-8fdc-cc989776a819	gAWVCQEAAAAAAAB9lCiMCXVzZXJfZGF0YZR9lCiMBXBob25llIwMKzc3Nzg2MjE4MjgwlIwFZW1haWyUjBVkYW1pcmEyNy4wNy5rQG1haWwucnWUjApmaXJzdF9uYW1llIwM0JTQsNC80LjRgNCwlIwJbGFzdF9uYW1llIwW0JrQsNC00YvRgNCw0LvQuNC10LLQsJSMCHBhc3N3b3JklIxYcGJrZGYyX3NoYTI1NiQ2MDAwMDAka2lYNXBwY3Ywa3E0a1pxa2Z6WnJscSR6MTNRK1hGNlAxZElrMGdFbDlXK1JzQmNGeUYxVVNUaGxnc3pFL25OM00wPZR1jAplbWFpbF9jb2RllIwGODc4MzY2lHUu	2025-07-07 08:15:11+00
:1:user_session_key_ae4e101d-2e8c-47f8-919f-f7e54f2d9183	gAWV+AAAAAAAAAB9lCiMCXVzZXJfZGF0YZR9lCiMBXBob25llIwMKzc3Nzc3Nzc2Nzc2lIwFZW1haWyUjAgxQHdmaS5repSMCmZpcnN0X25hbWWUjA7QldCy0LPQtdC90LjQuZSMCWxhc3RfbmFtZZSMENCi0LjQvNC10L3RhtC10LKUjAhwYXNzd29yZJSMWHBia2RmMl9zaGEyNTYkNjAwMDAwJFFYQmJscW1JRmxFQm1UeGZBYlNXUkIkSnhVSDdTQlNUS01sNDFmOG0wUTZadGVjeE41M3NYYmllVWhYTU1xckRUST2UdYwKZW1haWxfY29kZZSMBjA3MjMyN5R1Lg==	2025-07-07 16:19:14+00
:1:user_session_key_31bf7ba8-0841-4f6e-a0a6-4bd5fb76f9c1	gAWVDgEAAAAAAAB9lCiMCXVzZXJfZGF0YZR9lCiMBXBob25llIwMKzc3Nzc3Nzc2Nzc2lIwFZW1haWyUjB50dXJ1c2Jla292Lm1leXJhbWJla0BnbWFpbC5jb22UjApmaXJzdF9uYW1llIwO0JXQstCz0LXQvdC40LmUjAlsYXN0X25hbWWUjBDQotC40LzQtdC90YbQtdCylIwIcGFzc3dvcmSUjFhwYmtkZjJfc2hhMjU2JDYwMDAwMCQ2aFhoWGNsOHh0bnZrQjhYV2FkeW01JHRyM0FDVCsvZFUrS0J0M0w4Ujh1Snh4cHYrMWd0aGxsaHdORlNwclcrb2c9lHWMCmVtYWlsX2NvZGWUjAY2ODYzMTaUdS4=	2025-07-08 04:43:07+00
:1:user_session_key_0d496bdb-f059-4f18-9631-536442329f95	gAWVDgEAAAAAAAB9lCiMCXVzZXJfZGF0YZR9lCiMBXBob25llIwMKzc3Nzc3Nzc2Nzc2lIwFZW1haWyUjB50dXJ1c2Jla292Lm1leXJhbWJla0BnbWFpbC5jb22UjApmaXJzdF9uYW1llIwO0JXQstCz0LXQvdC40LmUjAlsYXN0X25hbWWUjBDQotC40LzQtdC90YbQtdCylIwIcGFzc3dvcmSUjFhwYmtkZjJfc2hhMjU2JDYwMDAwMCRlOEJsbmluOUl4VG5qYndoMEVaeGZkJFN5c09MRkdUdDh5NHpvUXJjeFhGT2VwaFNYMWRTUzRuVU51eCthYmhXWkk9lHWMCmVtYWlsX2NvZGWUjAY5NzY0MTWUdS4=	2025-07-08 04:51:50+00
:1:user_session_key_146db78e-66dd-441f-a7e2-db4a5460d9d5	gAWVAwEAAAAAAAB9lCiMCXVzZXJfZGF0YZR9lCiMBXBob25llIwMKzc3NzUxMzEzMzM5lIwFZW1haWyUjBNmZW5jZXIua3pAZ21haWwuY29tlIwKZmlyc3RfbmFtZZSMDtCS0LDQu9C10YDQuNC5lIwJbGFzdF9uYW1llIwQ0JXRgNC10LzQtdC90LrQvpSMCHBhc3N3b3JklIxYcGJrZGYyX3NoYTI1NiQ2MDAwMDAkcHJsZ2lsVDhmR09OakoyTjVjRWY3dyR0bWhtRlg4K3NwR2tzTjNJeGVQZjJ0eGUya0NZamt4OGI0ZDYrQjhiRi84PZR1jAplbWFpbF9jb2RllIwGMzU4OTgwlHUu	2025-07-08 10:21:51+00
:1:user_session_key_d6fbe93a-fd58-4610-8404-f080995c6fb8	gAWVAwEAAAAAAAB9lCiMCXVzZXJfZGF0YZR9lCiMBXBob25llIwMKzc3MDEyMzU0MTIylIwFZW1haWyUjBVqYWt1cG92YTc4OUBnbWFpbC5jb22UjApmaXJzdF9uYW1llIwK0JbQsNC90L3QsJSMCWxhc3RfbmFtZZSMEtCU0LbQsNC60YPQv9C+0LLQsJSMCHBhc3N3b3JklIxYcGJrZGYyX3NoYTI1NiQ2MDAwMDAkVlhKZGlmaWVUa1NJSnZ1WmYycGNZcyRFa2RObnM5VXVldGFNN2pBak15b2Z4dHk1QkJEWDNBa2xUeXpPMU9rT0pBPZR1jAplbWFpbF9jb2RllIwGMjI2NjgxlHUu	2025-07-09 09:10:07+00
:1:user_session_key_902406c3-b6d2-4331-bd95-382ce64cf6b8	gAWV8AAAAAAAAAB9lCiMCXVzZXJfZGF0YZR9lCiMBXBob25llIwMKzc3NzcwMjA2OTE5lIwFZW1haWyUjBVhcnR1cnRvcDg1NkBnbWFpbC5jb22UjApmaXJzdF9uYW1llIwGQXJ0aHVylIwJbGFzdF9uYW1llIwDbGVklIwIcGFzc3dvcmSUjFhwYmtkZjJfc2hhMjU2JDYwMDAwMCROOXNOa3VLMEhCMjVnOXZGbU91aXhTJDY0NjVSVGYycFBzRDJ2NEZybklQRzF4ZW5XSnluZDB6UzY0NWFmdEkzelE9lHWMCmVtYWlsX2NvZGWUjAYxNjk4OTSUdS4=	2025-07-11 11:43:04+00
:1:user_session_key_3f22c9a2-cbb6-46a3-8f85-75b85a5fec43	gAWVBgEAAAAAAAB9lCiMCXVzZXJfZGF0YZR9lCiMBXBob25llIwMKzc3MDcyNDE1NzM4lIwFZW1haWyUjBppc21haWxvdmFzbGFuODAxQGdtYWlsLmNvbZSMCmZpcnN0X25hbWWUjArQkNGB0LvQsNC9lIwJbGFzdF9uYW1llIwQ0JjRgdC80LDQuNC70L7QspSMCHBhc3N3b3JklIxYcGJrZGYyX3NoYTI1NiQ2MDAwMDAkM1NFeG1uZkNZeGtBTzhEdkh6RjhtSyRwdDdJdXgvZWJLQy96eVJMdkVjUVNkYzFseG4xaVhEWUttTnBqeHFjZzAwPZR1jAplbWFpbF9jb2RllIwGMjE5MTE3lHUu	2025-07-21 10:34:33+00
:1:user_session_key_fd889a15-b33b-4231-9cbc-6c5139def522	gAWVAgEAAAAAAAB9lCiMCXVzZXJfZGF0YZR9lCiMBXBob25llIwMKzc3MDc0MDM5MjMwlIwFZW1haWyUjBRrbGV5bnZlYmVyQGdtYWlsLmNvbZSMCmZpcnN0X25hbWWUjAzQmtGB0LXQvdC40Y+UjAlsYXN0X25hbWWUjBDQmNGB0LrQsNC60L7QstCwlIwIcGFzc3dvcmSUjFhwYmtkZjJfc2hhMjU2JDYwMDAwMCRjTTBrQjFCdHB2TWt5ZXJKQ0tUQXY1JFQ2VGltRFBuNUFjMmdETlowVzNnUDliV0lkanRRN1FIUHAyMVYzS3FKcFU9lHWMCmVtYWlsX2NvZGWUjAYwNTk0MTKUdS4=	2025-07-23 14:20:42+00
:1:user_session_key_feeb6d4c-3a49-4f60-9e8b-fa8b9211582b	gAWVBQEAAAAAAAB9lCiMCXVzZXJfZGF0YZR9lCiMBXBob25llIwMKzc3MDE3MTYzNTQ5lIwFZW1haWyUjBNyZWJla2thMTY3NUBtYWlsLnJ1lIwKZmlyc3RfbmFtZZSMDNCg0LDQsdC40LPQsJSMCWxhc3RfbmFtZZSMFNCc0YPRhdCw0LzQtdC00LjRj9GAlIwIcGFzc3dvcmSUjFhwYmtkZjJfc2hhMjU2JDYwMDAwMCRJM08weDFUaTJ0THpKaDd4SzFtYkxJJGcxV1Faa0lwemVMQmpCblkxNVI2dWo4akVuOWc2TTNMdS93SXFyUlNhVTQ9lHWMCmVtYWlsX2NvZGWUjAYyNzIwNDGUdS4=	2025-07-23 16:52:52+00
:1:user_session_key_07d30e87-58d5-4a55-abc2-7bd3bc38a1ff	gAWV8wAAAAAAAAB9lCiMCXVzZXJfZGF0YZR9lCiMBXBob25llIwMKzc3MDEyMTE2NzQ0lIwFZW1haWyUjBRzdW5yaXNlMTk4N0BpbmJveC5ydZSMCmZpcnN0X25hbWWUjARTb2ZvlIwJbGFzdF9uYW1llIwJRGF2bGV0b3ZhlIwIcGFzc3dvcmSUjFhwYmtkZjJfc2hhMjU2JDYwMDAwMCQ5bHVwVGRaSWhOUzV5V2NDWnVGSUhoJE1wVURPdDA5WkszUkwwNUxkWGZ0bWNjdldCRGtuK2tYNWFFa1hmYmdnNGs9lHWMCmVtYWlsX2NvZGWUjAY4NTg3NjKUdS4=	2025-07-25 06:25:29+00
:1:user_session_key_1d30499b-ed66-4f55-9a05-30e31e816a4e	gAWVAAEAAAAAAAB9lCiMCXVzZXJfZGF0YZR9lCiMBXBob25llIwMKzc3NDc1NTU5Nzg4lIwFZW1haWyUjBRpZ29yZXhhNDQ0QGdtYWlsLmNvbZSMCmZpcnN0X25hbWWUjArQmNCz0L7RgNGMlIwJbGFzdF9uYW1llIwQ0J3Rg9GA0LbQsNC90L7QspSMCHBhc3N3b3JklIxYcGJrZGYyX3NoYTI1NiQ2MDAwMDAkY0V5YkJEMndTSmQxSEJZc2pqOEhsaCRsbXcrcmdGd1VvYi95cEtBOEhVc0l0ZWlQYVgrSlpSbkt6RFNxcGE5Q1JzPZR1jAplbWFpbF9jb2RllIwGNjIwMjI0lHUu	2025-07-29 08:59:05+00
:1:user_session_key_3421da69-9e39-44e2-a6e9-45ecdfbcb541	gAWV/wAAAAAAAAB9lCiMCXVzZXJfZGF0YZR9lCiMBXBob25llIwMKzc3NDc4MzgzODMwlIwFZW1haWyUjA9rYWNjYTkwQG1haWwucnWUjApmaXJzdF9uYW1llIwO0JrRgdCw0L3QtNGA0LCUjAlsYXN0X25hbWWUjBDQodC40LvQsNC90YLRjNC1lIwIcGFzc3dvcmSUjFhwYmtkZjJfc2hhMjU2JDYwMDAwMCRRWG15MnFleUJBeDlCV053RTFzNGRDJEJvT2ZBelJyMkIvcUQ2VEhQdXpoNWUvTTJLaldudkhWRVdEWEZhQmR6M3M9lHWMCmVtYWlsX2NvZGWUjAYzNTk5MzGUdS4=	2025-07-29 09:58:00+00
:1:user_session_key_1652a2bf-efc7-4e89-8303-4ffc82af9a05	gAWV8gAAAAAAAAB9lCiMCXVzZXJfZGF0YZR9lCiMBXBob25llIwMKzc3NzcyODMwMDAzlIwFZW1haWyUjBJpbm5hLWRhbmNlQG1haWwucnWUjApmaXJzdF9uYW1llIwI0JjQvdC90LCUjAlsYXN0X25hbWWUjAbQmtC40LyUjAhwYXNzd29yZJSMWHBia2RmMl9zaGEyNTYkNjAwMDAwJHdBUTcwNkZQeTdsbkIwY1JyWTZpcmIkcGVpVjBBcWtEdDRUUXBtZFBNdktNUWZMYW5wd0dhWDFXV0dMVTBiKzBocz2UdYwKZW1haWxfY29kZZSMBjIxOTM5N5R1Lg==	2025-08-07 04:23:32+00
:1:user_session_key_41dcb925-a7fd-42d3-90c6-5ae44326ca63	gAWVBgEAAAAAAAB9lCiMCXVzZXJfZGF0YZR9lCiMBXBob25llIwMKzc3MDc3MDQ0NTE2lIwFZW1haWyUjBZrdWthXzE5OTkuMTk5OUBtYWlsLnJ1lIwKZmlyc3RfbmFtZZSMENKa0L7Qu9KT0LDQvdCw0YKUjAlsYXN0X25hbWWUjA7QkdCw0pvRgdC40YvSm5SMCHBhc3N3b3JklIxYcGJrZGYyX3NoYTI1NiQ2MDAwMDAkOVFiajJUMUk0Z2tHbWFYUmN4c0xmbSRoeVk2Ujg5T2VXdmhmSEphYkFIVnpEMGRVMkJ4MWxtRlFmck9FRnI5c2FzPZR1jAplbWFpbF9jb2RllIwGMjg0MjUzlHUu	2025-08-10 02:04:13+00
:1:user_session_key_b6684eb2-5577-46a3-90c1-35f4790f5238	gAWVBgEAAAAAAAB9lCiMCXVzZXJfZGF0YZR9lCiMBXBob25llIwMKzc3MDc3MDQ0NTE2lIwFZW1haWyUjBZrdWthXzE5OTkuMTk5OUBtYWlsLnJ1lIwKZmlyc3RfbmFtZZSMENKa0L7Qu9KT0LDQvdCw0YKUjAlsYXN0X25hbWWUjA7QkdCw0pvRgdC40YvSm5SMCHBhc3N3b3JklIxYcGJrZGYyX3NoYTI1NiQ2MDAwMDAkeDhienFXcndSRkhlZ3h1T0NGUWxaRyQvNmMzODMrd24rVnhoU2VEa0hnZ3hEV0pBQTZGNGVaY085bU9ncEJTRk44PZR1jAplbWFpbF9jb2RllIwGNTM4MTAylHUu	2025-08-10 02:04:15+00
:1:user_session_key_df13c5ff-8a39-4fbb-9ac7-db95cb38a8ee	gAWVBwEAAAAAAAB9lCiMCXVzZXJfZGF0YZR9lCiMBXBob25llIwMKzc3MDg4MjQwNDAxlIwFZW1haWyUjBViZi5hc3N5YWxheUBnbWFpbC5jb22UjApmaXJzdF9uYW1llIwK0JDQudC90YPRgJSMCWxhc3RfbmFtZZSMFtCa0YvQu9GL0YjQsdC10LrQvtCy0LCUjAhwYXNzd29yZJSMWHBia2RmMl9zaGEyNTYkNjAwMDAwJFFJVFh2emUzeVhFWnFTSWVHWmlKMDkkcmRTRkVGOVZCVnh1bDJ1Z0dyNGJrcDJMZU5rT0M1Wmoxc3VvSVBjNWVGST2UdYwKZW1haWxfY29kZZSMBjMxNjI2MJR1Lg==	2025-08-11 16:56:14+00
:1:user_session_key_d061d28b-ea65-4e86-ba58-277bba16e9ba	gAWVBgEAAAAAAAB9lCiMCXVzZXJfZGF0YZR9lCiMBXBob25llIwMKzc3MDg4MjQwNDAxlIwFZW1haWyUjBRiZi5hc3N5bGF5QGdtYWlsLmNvbZSMCmZpcnN0X25hbWWUjArQkNC50L3Rg9GAlIwJbGFzdF9uYW1llIwW0JrRi9C70YvRiNCx0LXQutC+0LLQsJSMCHBhc3N3b3JklIxYcGJrZGYyX3NoYTI1NiQ2MDAwMDAkbVg4M3lIamZNYUVUNE5vWmpwWFE1aCQ2Z3k3WlU5N251bUN4azBmM0FEVC8xdkE3b0hWY0N5alhWTkl1c3g1VmhJPZR1jAplbWFpbF9jb2RllIwGODI1MTY4lHUu	2025-08-11 16:58:56+00
:1:user_session_key_26893a12-f92d-47e2-8647-80405812690e	gAWVBQEAAAAAAAB9lCiMCXVzZXJfZGF0YZR9lCiMBXBob25llIwMKzc3NzYxMDQwMjk0lIwFZW1haWyUjBVrei5zaG93ZG93bkBnbWFpbC5jb22UjApmaXJzdF9uYW1llIwK0JzQsNGA0LDRgpSMCWxhc3RfbmFtZZSMFNCa0L7QttCw0YXQvNC10YLQvtCylIwIcGFzc3dvcmSUjFhwYmtkZjJfc2hhMjU2JDYwMDAwMCQ4VktxaDRrN1NsMHZENHlvOUd6am1ZJHlLbXBiKzlXUndOaHdOTzBiVjE1UWt4MmhxY1FQM1FqMkUzTXpIditwN0U9lHWMCmVtYWlsX2NvZGWUjAYyOTc1NzmUdS4=	2025-08-14 04:16:24+00
:1:user_session_key_4f09fe7f-629d-4a32-be91-56e7e3aae72c	gAWVAAEAAAAAAAB9lCiMCXVzZXJfZGF0YZR9lCiMBXBob25llIwMKzc3Nzg1NTU1MDU4lIwFZW1haWyUjBllbmpveS5zaG93bWFrZXJAZ21haWwuY29tlIwKZmlyc3RfbmFtZZSMDNCQ0LfQsNC80LDRgpSMCWxhc3RfbmFtZZSMCVNhZ2luYmFldpSMCHBhc3N3b3JklIxYcGJrZGYyX3NoYTI1NiQ2MDAwMDAkS09MUUF6U2tuZkM2dkp0blQ0cWFCaCRjU0pBZy8xb1B4bUlGd1JaR2dlb3RtaXBBTWVqNnp4aHZ0S25rYmNnVVlVPZR1jAplbWFpbF9jb2RllIwGNzI3MTQ1lHUu	2025-08-17 13:16:50+00
:1:user_session_key_bb9ca971-0cb4-4cb9-b134-dab7f4d31207	gAWVCgEAAAAAAAB9lCiMCXVzZXJfZGF0YZR9lCiMBXBob25llIwMKzc3NDcxNjM0ODk1lIwFZW1haWyUjBRzaWRlbG5pa292aUBpbmJveC5ydZSMCmZpcnN0X25hbWWUjBJTdW5yaXNlZGFuY2VzdHVkaW+UjAlsYXN0X25hbWWUjBJTdW5yaXNlZGFuY2VzdHVkaW+UjAhwYXNzd29yZJSMWHBia2RmMl9zaGEyNTYkNjAwMDAwJG5IdzJucjJ5ZTRZUWZvVENJQTExMEMkUnVSUjAvZ2xxMFNWM2plRm5MQ1hBQ2M4OXB3a3RzUldieHF4SFpPaEJuND2UdYwKZW1haWxfY29kZZSMBjUyMTUyMZR1Lg==	2025-08-19 06:12:48+00
:1:user_session_key_5b1f935b-7a53-4a81-a90b-6435925005df	gAWV+QAAAAAAAAB9lCiMCXVzZXJfZGF0YZR9lCiMBXBob25llIwMKzc3MDUxNzA4MzAwlIwFZW1haWyUjBpnYXRhLmZsYW1lbmNvLmt6QGdtYWlsLmNvbZSMCmZpcnN0X25hbWWUjARPbGdhlIwJbGFzdF9uYW1llIwJVHNhdHVyeWFulIwIcGFzc3dvcmSUjFhwYmtkZjJfc2hhMjU2JDYwMDAwMCRGdXA5WGkzbWxiOGpoYmtPb0hEbDBVJDJFbjBKSGVEcVBmc3c2QkEySGgxbGlzTXJ0TnB3ZXlpTGZUNHJpN2pVNTA9lHWMCmVtYWlsX2NvZGWUjAYxOTQzMTaUdS4=	2025-08-19 13:01:26+00
:1:user_session_key_9a1e84ed-ea6a-451f-824f-d3f4891a16f2	gAWV9gAAAAAAAAB9lCiMCXVzZXJfZGF0YZR9lCiMBXBob25llIwMKzc3NDc0NjU4MzgwlIwFZW1haWyUjBdtYXJpYV9tYWthcm92YUBpbmJveC5ydZSMCmZpcnN0X25hbWWUjAVNYXJpYZSMCWxhc3RfbmFtZZSMCE1ha2Fyb3ZhlIwIcGFzc3dvcmSUjFhwYmtkZjJfc2hhMjU2JDYwMDAwMCQ3S2FzMDlJdjU2cHRtTWhEZmhUb21SJHZtbThMQzZ0eXlBaHo0aDIyQTdCcWVqTWgzZnU3Z2RkNjFDNWh2d0lkWUU9lHWMCmVtYWlsX2NvZGWUjAY1MDkxMzeUdS4=	2025-08-20 13:58:52+00
:1:user_session_key_1e218587-a95a-40f5-99a9-5a06a4d8cb92	gAWVBAEAAAAAAAB9lCiMCXVzZXJfZGF0YZR9lCiMBXBob25llIwMKzc3MDE0OTQ3NTQ4lIwFZW1haWyUjBhtYWRpbmEuYWxpbWthbkBnbWFpbC5jb22UjApmaXJzdF9uYW1llIwM0JzQsNC00LjQvdCwlIwJbGFzdF9uYW1llIwO0JDQu9C40LzQutCw0L2UjAhwYXNzd29yZJSMWHBia2RmMl9zaGEyNTYkNjAwMDAwJFVFY283SGExWEMzMGZ4QTRvTEtiZGwkTVlUeDlnTlBjV3FqcFBiekRHYUY2YnFXR3Y2QmF2aGg4dE16Z3kzeEl0bz2UdYwKZW1haWxfY29kZZSMBjk1MjgwNZR1Lg==	2025-08-22 03:52:50+00
:1:user_session_key_f0c1253e-0b7e-4c35-9f19-5c3664b1dad3	gAWV/gAAAAAAAAB9lCiMCXVzZXJfZGF0YZR9lCiMBXBob25llIwMKzc3MDgxMDExODQylIwFZW1haWyUjBZhbmdlbG9mZjE1MDlAZ21haWwuY29tlIwKZmlyc3RfbmFtZZSMCtCc0LDQttC40YKUjAlsYXN0X25hbWWUjAzQp9C+0YfQsNC10LKUjAhwYXNzd29yZJSMWHBia2RmMl9zaGEyNTYkNjAwMDAwJFZOa1BNVTRNd1NkVm5SUHl5c3V0ODgkS3pxaUhYd3BFVTM5TFNnNUJjYU5CSW9HQnpKaEtwSnlHVTFJYmx5cDJoUT2UdYwKZW1haWxfY29kZZSMBjM3MDE4MpR1Lg==	2025-08-22 11:26:57+00
:1:user_session_key_fc176225-c016-41d7-9d5f-4389e61f7a8f	gAWVBgEAAAAAAAB9lCiMCXVzZXJfZGF0YZR9lCiMBXBob25llIwMKzc3MDIxODQ4ODM3lIwFZW1haWyUjBZpLmxpdG92aGVua29AZ21haWwuY29tlIwKZmlyc3RfbmFtZZSMCtCY0LPQvtGA0YyUjAlsYXN0X25hbWWUjBTQm9C40YLQvtCy0YfQtdC90LrQvpSMCHBhc3N3b3JklIxYcGJrZGYyX3NoYTI1NiQ2MDAwMDAkSXRwWTdhZkxmZEhOWXVMY2toMXRjMSRKejRTZzhxSjNaTnVBVWFRVENZNHl4ckkralF2amNucVYwYUR3ZlYyVXBZPZR1jAplbWFpbF9jb2RllIwGOTI4NjMylHUu	2025-08-24 05:10:04+00
:1:user_session_key_c2db8fe8-9fbb-4158-b008-07932df1d204	gAWV6AAAAAAAAAB9lCiMCXVzZXJfZGF0YZR9lCiMBXBob25llIwMKzc3NzYxMTE0ODEylIwFZW1haWyUjBRzZXJpa3podW51QGdtYWlsLmNvbZSMCmZpcnN0X25hbWWUjAFTlIwJbGFzdF9uYW1llIwBWpSMCHBhc3N3b3JklIxYcGJrZGYyX3NoYTI1NiQ2MDAwMDAkb1R3WTBrQmFNZExEdlVFd3dDd2NZaSRMc2hiU1c5aHdwcFNGbzBnRk1BOWZ5d3JGTndvTEtvWG43TzB1dVNtSitNPZR1jAplbWFpbF9jb2RllIwGOTE2Njg5lHUu	2025-10-25 16:55:47+00
:1:user_session_key_2996ccd4-f8c1-4a3e-a10d-60d4034ce869	gAWV9QAAAAAAAAB9lCiMCXVzZXJfZGF0YZR9lCiMBXBob25llIwMKzc3MDA3MTIxMDQwlIwFZW1haWyUjBVkdWxhdGVhLmRvdEBnbWFpbC5jb22UjApmaXJzdF9uYW1llIwGRHVsYXRplIwJbGFzdF9uYW1llIwIWWVuc2Vub3aUjAhwYXNzd29yZJSMWHBia2RmMl9zaGEyNTYkNjAwMDAwJEJaZlppemo0bHNaMFEzM2RydFBYUDgkTFBXeXRDVmNRVFlyaFZ6MytDUmo2MnNBTGNpaFZ6ZEtVYVgybWhuSDl4ST2UdYwKZW1haWxfY29kZZSMBjgxNzA3MJR1Lg==	2025-11-09 03:25:51+00
:1:user_session_key_b378d6ac-9b5f-4f63-b97e-e20decf5b448	gAWV8QAAAAAAAAB9lCiMCXVzZXJfZGF0YZR9lCiMBXBob25llIwMKzc3NzcwMTgzMzQ2lIwFZW1haWyUjBJzdXBwb3J0QHJ1bnZleC5uZXSUjApmaXJzdF9uYW1llIwGU3VsdGFulIwJbGFzdF9uYW1llIwHS2FyaWxvdpSMCHBhc3N3b3JklIxYcGJrZGYyX3NoYTI1NiQ2MDAwMDAkSWZLeUl6ZXhheHJpMmJGNVo5clNhSyREKzBVdDY1aXVKdm5Gb1l6OVhOMHdRMk1aT3JuVXZaRFFZYzQxZFdvS2lNPZR1jAplbWFpbF9jb2RllIwGNzA2ODkwlHUu	2025-11-09 08:04:22+00
:1:user_session_key_7b2bc736-82e1-4dd7-8f6b-451211ef2a12	gAWV+gAAAAAAAAB9lCiMCXVzZXJfZGF0YZR9lCiMBXBob25llIwMKzc3NzcwMTgzMzQ2lIwFZW1haWyUjBtzdWx0YW5rYXJpbG92MjQwOUBnbWFpbC5jb22UjApmaXJzdF9uYW1llIwGU3VsdGFulIwJbGFzdF9uYW1llIwHS2FyaWxvdpSMCHBhc3N3b3JklIxYcGJrZGYyX3NoYTI1NiQ2MDAwMDAkZ29BZGE1RHNPbjZ1OHhXM3g1MHNHRSRDZzZZektWVUJMVm94VVRJQ0xhTmdtNG1URHE2dmN2Q1o3VlZxTFNpUitjPZR1jAplbWFpbF9jb2RllIwGNTAyMTM1lHUu	2025-11-09 08:06:34+00
:1:user_session_key_6bc4ffa2-533b-4323-b2e4-f4879d4bc776	gAWVBwEAAAAAAAB9lCiMCXVzZXJfZGF0YZR9lCiMBXBob25llIwMKzc3MDczODA0MDc1lIwFZW1haWyUjBd6bnVybGFudWx5MjAzQGdtYWlsLmNvbZSMCmZpcnN0X25hbWWUjAzQltCw0YHQu9Cw0L2UjAlsYXN0X25hbWWUjBLQotC+0LnRiNGL0LHQsNC10LKUjAhwYXNzd29yZJSMWHBia2RmMl9zaGEyNTYkNjAwMDAwJDgxcE1Ca1pXQmFvSWJPT0Z4Wm9MZmckOHFNUTV3SnluSjBjeWtoNmhzaTlNRkkrL2FraHhPMDMyMEQ3L3lURUhyWT2UdYwKZW1haWxfY29kZZSMBjMyODc4M5R1Lg==	2025-11-09 20:35:47+00
\.


--
-- Data for Name: clubs_city; Type: TABLE DATA; Schema: public; Owner: postgres
--

COPY public.clubs_city (id, iata_code, name, created_at, updated_at) FROM stdin;
80055063-465a-460d-93ff-36a804e74a1f	050000	АЛМАТЫ	2024-11-30 07:19:45.910709+00	2024-11-30 07:19:45.910748+00
\.


--
-- Data for Name: clubs_club; Type: TABLE DATA; Schema: public; Owner: postgres
--

COPY public.clubs_club (id, name, logo, whatsapp_group_link, description, email, phone, address, members_count, likes_count, is_active, is_private, created_at, updated_at, partners_count, category_id, city_id, creater_id) FROM stdin;
09095ee2-354f-40e9-a8cf-da457411ac78	Control Tech	club/logos/IMG_1501.png	https://www.instagram.com/controltech.official?igsh=MTl1a3UwZTZ0MDlwdg%3D%3D&utm_source=qr	Молодая и перспективная metal-группа из Алматы,несущая живую музыку в массы! Группа образована в 2017 году в городе Алматы. Группа поет о социальных и экологических проблемах. Музыка - наша созидательная сила и ключ к объединению людей!	ismailovaslan801@gmail.com	+77072415738	Алматы	1	0	t	f	2025-07-21 18:55:43.0017+00	2025-07-21 19:03:55.15821+00	0	0b902f14-4a04-4e84-96f8-834113061c7d	80055063-465a-460d-93ff-36a804e74a1f	3779fce5-52aa-41df-963b-981e98896280
b7a57fea-f03c-40f0-acdf-f9816b3c7ad3	DIY-Art	club/logos/IMG-20241218-WA0003.jpg	https://chat.whatsapp.com/ET23W8heGxrKAvp3wruv9L	Мы сообщество, DIY- креейтеров. С радостью примем любителей хенд-мейда и всех ценителей ручной работы.\r\nМы: 1 вяжем на заказ (шарфы, свитера и т.п.) \r\n2 создаем украшения из смолы (подвески, кольца, серьги и т.п.) \r\n3 создаем глиняные изделия (пепельницы, бусины, кулоны, кольца и т.п.) \r\n4 пишем картины на заказ. (Акварель, акрил, пастель, масло. Портреты, интерьерные картины, натюрморты, пейзажи, паспарту и т.п.)	Agibalova6g@gmail.com	+77772153311	no location	1	0	t	f	2024-12-18 11:02:47.494238+00	2025-01-03 10:36:05.388139+00	0	0b902f14-4a04-4e84-96f8-834113061c7d	80055063-465a-460d-93ff-36a804e74a1f	8e9eadd0-aea2-4af6-b6a3-bb9fb8916ce4
155eef88-0c83-40c5-b199-01201154deac	Ride Bike Club	club/logos/1000092686.jpg	https://chat.whatsapp.com/BeHlfSe9cNDFn36ka5zRup	Ride Bike Club — школа велосипедного мастерства для всех уровней.\r\nУчим кататься с нуля, оттачиваем технику, проводим тренировки. С нами безопасно, весело и по-настоящему влюбляешься в велосипед. \r\nМы больше, чем просто школа.\r\nЭто сообщество, где велосипед становится стилем жизни. Вместе мы крутим педали к новым вершинам, ощущениям и друзьям.	artembmx@gmail.com	+77072101041	No location	2	0	t	f	2025-07-08 16:26:30.314044+00	2025-11-09 08:02:01.333362+00	0	0b902f14-4a04-4e84-96f8-834113061c7d	80055063-465a-460d-93ff-36a804e74a1f	3cd16955-6ce9-4c9d-9dc9-40e834c9b2f3
1b896cfa-fac9-4b7d-9aa5-bc7747c095da	World Fresh Ideas	club/logos/1000001174_eaRstq2.jpg	https://chat.whatsapp.com/K1WZI3PGYTeGSyH1y5f3h8	СОЦИАЛЬНОЕ МОТИВАЦИОННОЕ СООБЩЕСТВО \r\n\r\nСпорт💪,\r\nсаморазвитие🧠, предпринимательство💡, благотворительность🎁.\r\n\r\nЕ Ж Е Д Н Е В Н О:\r\n- Сбор до 4:30 АЗС RP Достык 99/1\r\n- 5:00 Медео "Лестница здоровья"\r\n    ● 5:30 "Общее фото"\r\n- 6:00 "Зарядка на Apa Katya"\r\n- 6:30 Дыхание Вим Хоф на Горельнике\r\n- 6:45 Медитация \r\n- 7:00 Завтрак в Apa Katya\r\n- 8:00 Доска Садху \r\n- 8:30 Закаливание\r\n\r\nСсылка на You Tube канал https://youtube.com/@worldfreshideas7266?si=ShodLbVif13GUCqW	1@wfi.kz	+77777776776	Горельник	1	0	t	f	2025-07-08 06:16:41.482954+00	2025-07-08 06:18:42.47351+00	0	8e77599a-d845-4089-a7dd-912dae2c2ae3	80055063-465a-460d-93ff-36a804e74a1f	ef3d5b77-66c5-4742-8a53-c994f6a11a9d
d0a86b2f-c813-4ccd-8c14-13b39da7304d	Ride_Bike_Club Almaty	club/logos/club/logos/club-icon_I4Q2bGb.png	https://chat.whatsapp.com/BeHlfSe9cNDFn36ka5zRup	Ride Bike Club — школа велосипедного мастерства для всех уровней.\r\nУчим кататься с нуля, оттачиваем технику, проводим тренировки. С нами безопасно, весело и по-настоящему влюбляешься в велосипед. \r\nМы больше, чем просто школа.\r\nЭто сообщество, где велосипед становится стилем жизни. Вместе мы крутим педали к новым вершинам, ощущениям и друзьям.	artembmx@gmail.com	+77072101041	No location	1	0	t	f	2025-07-11 11:22:11.304386+00	2025-07-11 11:22:11.304408+00	0	0b902f14-4a04-4e84-96f8-834113061c7d	80055063-465a-460d-93ff-36a804e74a1f	3cd16955-6ce9-4c9d-9dc9-40e834c9b2f3
3fdfe231-0517-45ce-b6b8-1f497f1db6cf	Альянс Писателей и Поэтов ПИШУЩИЕ	club/logos/1000026957.jpg	https://chat.whatsapp.com/LEBcLPA2ZQYLesAogO3MqN?mode=ac_t	Есть творческие идеи, но нет команды и единомышленников? \r\n\r\nЦель "Пишущих": объединить в продуктивные коллаборации творческих людей QZ и реализовать идеи.\r\n\r\nАльянс всех:\r\nПисателей\r\nПоэтов\r\nСценаристов\r\nРедакторов\r\nХудожников \r\nРежиссеров\r\nМузыкантов\r\nКопирайтеров\r\nЖурналистов\r\n\r\nОрганизуем: твор. встречи, воркшопы,фесты,конфы и другие куль-обр. мероприятия. \r\n\r\nНеТВОРЧЕСКАЯ РЕКЛАМА ТАБУ!\r\n\r\nОрганизатор-директор Издательства/Фонда "Интерлигал" - Ксандра Силантье	jourdom@mail.ru	+77073525383	No location	1	0	t	f	2025-07-30 15:04:27.911148+00	2025-07-30 15:04:27.911168+00	0	f0202f92-0998-4daa-8320-5e291ccb3336	80055063-465a-460d-93ff-36a804e74a1f	97393a41-49b9-41da-ad7f-106a7a2faca4
5ef9ff91-9f60-46b7-b69e-262936d72233	Балетная школа-студия INSPIRATION	club/logos/Дизайн_без_названия_-_Логотип.png	https://wa.me/message/54AMD7EJUCEDK1	Балетная школа-студия INSPIRATION\r\nприглашает всех желающих с 3-х лет. \r\n\r\nПеред родителями встает непростой выбор: куда отдать ребенка и к какому педагогу доверить свое чадо?\r\n👉Приходите к нам и найдете все ответы на свои вопросы!\r\n🦋\r\n🧚‍♀️Приглашаем на пробный урок, где представляется возможность познакомиться с будущим наставником своего малыша и окончательно убедиться в правильности своего решения\r\nБалетные уроки помогают заложить основы для полноценного развития детского организма, формируют правильную осанку, дисциплинируют и укрепляют вестибулярный аппарат детского тела. 🩰🩰Балет учит ребенка понимать и слышать свое тело, управлять им.\r\n\r\nБалет нужен ребенку!\r\n💃Для уроков по классическому танцу важно иметь правильную осанку. Основа осанки - это позвоночник и его соединение с тазовым поясом. Позвоночник имеет шейный, грудной, поясничный и кресцово-копчиковый изгибы. При нормальной осанке изгибы позвоночника выражены умеренно. Обратить внимание нужно и на расположение лопаток.\r\n🦋Особенность балета- это исправление любых отклонений (лордоз, сколиоз, кифоз и др.) Дает оптимальную нагрузку и сочетает интенсивные движения с плавными.\r\n‼️‼️Упражнения для спины, которые мы даем на уроках классического танца укрепляют мышечный каркас и выравнивают любые искривления позвоночника.\r\n➡️Балет- это красивая осанка и крепкая спина.\r\nЗанимайтесь вместе с нами! Пусть ваши дети растут здоровыми!🌺	inna-dance@mail.ru	+77766660908	Казахстан, г. Алматы, ул. Жандосова, д. 59, уг. Берегового	1	1	t	f	2025-08-14 13:57:27.661534+00	2025-08-14 13:58:40.48189+00	0	0b902f14-4a04-4e84-96f8-834113061c7d	80055063-465a-460d-93ff-36a804e74a1f	f3777d75-8311-4e7d-b42e-7cf8e3dde66c
63d1a76e-7c75-4785-ab18-7b56d1a4b00e	Федерация шоудауна	club/logos/PHOTO-2023-06-22-22-07-29.jpg	\N	Наша организация - "Федерация шоудауна", руководителем  которой является Кожахметов Марат Саулекалиевич, занимается развитием спорта инвалидов по зрению. Мы выбрали настольный теннис для незрячиъх потому, что именно шоудаун является тем видом спорта, который важен и необходим для людей с нарушением зрения. Шоудаун развивает скорость мышления, улучшает слух, даёт возможность укреплять здоровье, достигать поставленные цели, достигать спортивных высот. Привезя шоудаун в казахстан и активно развивая его в нашей стране мы сталкиваемся с рядом проблем. Являясь непаралимпийским видом спорта, мы не имеем ни государственной и никакой иной поддержки. Приобретение столов и необходимого инвентаря, все соревнования и поездки в ближнее зарубежье осуществляются за свой личный счет и личный счет спортсменов. На сегодняшний день мы имеем такие проблемы как отсутствие помещения для проведения занятий по шоудауну, отсутствие спонсорской финансовой поддержки для проведения соревнований и осуществления поездок на соревнования в Россию и другие страны. \r\n   Шоудаун - интересная и азартная игра, существует уже более 60 лет. В казахстане этот уникальный вид спорта существует всего около семи лет. Шоудаун очень популярен среди спортсменов-инвалидов по зрению, и неизвестен среди широких м масс нашей страны. Мы хотим познакомить всех с этим интереснейшим видом спорта, и нам хотелось бы обратить на себя внимание неравнодушных людей, имеющих возможность поддержать нас.\r\n   Мы предлагаем вам попробовать себя в шоудауне. На н аших столах вы можете проводить как досуговые игры, так и заниматься профессионально. Мы можем организовать тренировки и даже соревнования как в личных играх, так и в играх между командами или организациями. \r\n   Наши спортсмены в этом году вошли в десятку на чемпионате по шоудауну в России. Наша цель - войти в тройку на чемпионате мира! Мы обращаемся к потенциальным спонсорам: поверьте в нас, и мы вас не подведем!	kz.showdown@gmail.com	+77761040294	ул. Борзова 73/4	1	0	t	f	2025-08-20 16:32:31.368238+00	2025-08-20 16:32:31.368271+00	0	8e77599a-d845-4089-a7dd-912dae2c2ae3	80055063-465a-460d-93ff-36a804e74a1f	bf3e0031-e2d6-4095-b79e-4282e91b0282
6aefd978-b7ee-47d2-9122-8c0b78d41274	Футбольный клуб	club/logos/IMG_6696.jpeg	\N	Открыл футбольный клуб, которая выступает в разных лигах в разных форматах. Я тут что бы найти инвестора для футбольного клуба где ваша компания ваш логотип будет у нас на фирменных экипировках, где мейдийная  часть будет на нас. Где мы в разных футбольно-спортивнх ивентах будем выходить и вы будете лицом этого мероприятия.	angeloff1509@gmail.com	+77081011842	No location	1	0	t	f	2025-08-22 11:31:26.795309+00	2025-08-22 12:27:11.100488+00	0	8e77599a-d845-4089-a7dd-912dae2c2ae3	80055063-465a-460d-93ff-36a804e74a1f	652353a5-f9ce-4b64-a026-6eb8b5facf9b
52468dd3-102c-49c9-83fc-5eee50cc991c	Клуб силы	club/logos/IMG_7467.png	https://chat.whatsapp.com/LBz7ow0Wc0w9Cb8wfGTzg6?mode=ems_copy_c	💙 Эта группа создана для того, чтобы оказывать психологическую и информационную поддержку тем, кто проходит нелёгкий путь борьбы с онкологией, а также их близким. Здесь мы делимся опытом, полезной информацией, вдохновением и поддержкой.\r\n\r\n🤝 Очень важно, чтобы каждый чувствовал себя в безопасности и понимании. Поэтому большая просьба:\r\n•относиться друг к другу с уважением;\r\n•не критиковать и не осуждать;\r\n•поддерживать добрым словом и вниманием.\r\n\r\n🌿 Пусть это пространство станет местом силы, где можно найти ответы, вдохновение и почувствовать, что вы не одни.	bf.assylay@gmail.com	+77088240401	No location	1	0	t	f	2025-09-08 14:03:22.220867+00	2025-09-08 14:03:22.220906+00	0	0b902f14-4a04-4e84-96f8-834113061c7d	80055063-465a-460d-93ff-36a804e74a1f	6a9d9b34-9a03-49c7-b786-810553134d12
fb810a36-b6fa-4536-900e-53bd545bc257	"ПИШУЩИЕ" - Альянс писателей и поэтов	club/logos/1000026957_Vu810lX.jpg	https://chat.whatsapp.com/LEBcLPA2ZQYLesAogO3MqN?mode=ac_t	Есть творческие идеи, но нет команды и единомышленников? \r\n\r\nЦель "Пишущих": объединить в продуктивные коллаборации творческих людей QZ и реализовать идеи.\r\n\r\nАльянс всех:\r\nПисателей\r\nПоэтов\r\nСценаристов\r\nРедакторов\r\nХудожников \r\nРежиссеров\r\nМузыкантов\r\nКопирайтеров\r\nЖурналистов\r\n\r\nОрганизуем: твор. встречи, воркшопы,фесты,конфы и другие куль-обр. мероприятия. \r\n\r\nНеТВОРЧЕСКАЯ РЕКЛАМА ТАБУ!\r\n\r\nОрганизатор-директор Издательства/Фонда "Интерлигал" - Ксандра Силантье	jourdom@mail.ru	+77073525383	No location	4	0	t	f	2025-07-30 15:21:39.543537+00	2025-11-09 20:31:11.160301+00	0	f0202f92-0998-4daa-8320-5e291ccb3336	80055063-465a-460d-93ff-36a804e74a1f	97393a41-49b9-41da-ad7f-106a7a2faca4
\.


--
-- Data for Name: clubs_club_likes; Type: TABLE DATA; Schema: public; Owner: postgres
--

COPY public.clubs_club_likes (id, club_id, user_id) FROM stdin;
2	5ef9ff91-9f60-46b7-b69e-262936d72233	f3777d75-8311-4e7d-b42e-7cf8e3dde66c
\.


--
-- Data for Name: clubs_club_managers; Type: TABLE DATA; Schema: public; Owner: postgres
--

COPY public.clubs_club_managers (id, club_id, user_id) FROM stdin;
14	b7a57fea-f03c-40f0-acdf-f9816b3c7ad3	8e9eadd0-aea2-4af6-b6a3-bb9fb8916ce4
22	1b896cfa-fac9-4b7d-9aa5-bc7747c095da	ef3d5b77-66c5-4742-8a53-c994f6a11a9d
23	155eef88-0c83-40c5-b199-01201154deac	3cd16955-6ce9-4c9d-9dc9-40e834c9b2f3
24	d0a86b2f-c813-4ccd-8c14-13b39da7304d	3cd16955-6ce9-4c9d-9dc9-40e834c9b2f3
25	09095ee2-354f-40e9-a8cf-da457411ac78	3779fce5-52aa-41df-963b-981e98896280
26	3fdfe231-0517-45ce-b6b8-1f497f1db6cf	97393a41-49b9-41da-ad7f-106a7a2faca4
27	fb810a36-b6fa-4536-900e-53bd545bc257	97393a41-49b9-41da-ad7f-106a7a2faca4
28	5ef9ff91-9f60-46b7-b69e-262936d72233	f3777d75-8311-4e7d-b42e-7cf8e3dde66c
29	63d1a76e-7c75-4785-ab18-7b56d1a4b00e	bf3e0031-e2d6-4095-b79e-4282e91b0282
30	6aefd978-b7ee-47d2-9122-8c0b78d41274	652353a5-f9ce-4b64-a026-6eb8b5facf9b
31	52468dd3-102c-49c9-83fc-5eee50cc991c	6a9d9b34-9a03-49c7-b786-810553134d12
\.


--
-- Data for Name: clubs_club_members; Type: TABLE DATA; Schema: public; Owner: postgres
--

COPY public.clubs_club_members (id, club_id, user_id) FROM stdin;
64	63d1a76e-7c75-4785-ab18-7b56d1a4b00e	bf3e0031-e2d6-4095-b79e-4282e91b0282
65	fb810a36-b6fa-4536-900e-53bd545bc257	96a21096-7119-4644-8d57-a4a73e44f99d
66	6aefd978-b7ee-47d2-9122-8c0b78d41274	652353a5-f9ce-4b64-a026-6eb8b5facf9b
67	52468dd3-102c-49c9-83fc-5eee50cc991c	6a9d9b34-9a03-49c7-b786-810553134d12
68	fb810a36-b6fa-4536-900e-53bd545bc257	192ea645-b13b-407f-aecc-1ab1641ba25e
69	155eef88-0c83-40c5-b199-01201154deac	626b5bf0-d10b-4253-b208-fe51cf63d1e4
70	fb810a36-b6fa-4536-900e-53bd545bc257	47e2b35b-4e46-4223-8451-83dd278950cb
41	b7a57fea-f03c-40f0-acdf-f9816b3c7ad3	8e9eadd0-aea2-4af6-b6a3-bb9fb8916ce4
57	1b896cfa-fac9-4b7d-9aa5-bc7747c095da	ef3d5b77-66c5-4742-8a53-c994f6a11a9d
58	155eef88-0c83-40c5-b199-01201154deac	3cd16955-6ce9-4c9d-9dc9-40e834c9b2f3
59	d0a86b2f-c813-4ccd-8c14-13b39da7304d	3cd16955-6ce9-4c9d-9dc9-40e834c9b2f3
60	09095ee2-354f-40e9-a8cf-da457411ac78	3779fce5-52aa-41df-963b-981e98896280
61	3fdfe231-0517-45ce-b6b8-1f497f1db6cf	97393a41-49b9-41da-ad7f-106a7a2faca4
62	fb810a36-b6fa-4536-900e-53bd545bc257	97393a41-49b9-41da-ad7f-106a7a2faca4
63	5ef9ff91-9f60-46b7-b69e-262936d72233	f3777d75-8311-4e7d-b42e-7cf8e3dde66c
\.


--
-- Data for Name: clubs_club_partners; Type: TABLE DATA; Schema: public; Owner: postgres
--

COPY public.clubs_club_partners (id, from_club_id, to_club_id) FROM stdin;
\.


--
-- Data for Name: clubs_clubads; Type: TABLE DATA; Schema: public; Owner: postgres
--

COPY public.clubs_clubads (id, title, description, img, created_at, updated_at, club_id, type_id) FROM stdin;
\.


--
-- Data for Name: clubs_clubadtype; Type: TABLE DATA; Schema: public; Owner: postgres
--

COPY public.clubs_clubadtype (id, name) FROM stdin;
\.


--
-- Data for Name: clubs_clubcategory; Type: TABLE DATA; Schema: public; Owner: postgres
--

COPY public.clubs_clubcategory (id, name, is_active, created_at, updated_at) FROM stdin;
8e77599a-d845-4089-a7dd-912dae2c2ae3	СПОРТ	t	2024-11-30 07:17:26.602124+00	2024-11-30 07:17:26.602161+00
f0202f92-0998-4daa-8320-5e291ccb3336	ПРОФЕССИЯ	t	2024-11-30 07:17:37.196898+00	2024-11-30 07:17:37.196924+00
0b902f14-4a04-4e84-96f8-834113061c7d	ХОББИ	t	2024-11-30 07:17:42.061323+00	2024-11-30 07:17:42.06141+00
\.


--
-- Data for Name: clubs_clubevent; Type: TABLE DATA; Schema: public; Owner: postgres
--

COPY public.clubs_clubevent (id, title, description, banner, location, start_datetime, old_datetime, end_datetime, min_age, max_age, entry_requirements, created_at, updated_at, club_id) FROM stdin;
9d153b5b-7efa-4725-9ef5-cf227bbc19ac	Концерт балетной школы-студии INSPIRATION	ВНИМАНИЕ! \r\nСостоится концерт Балетной-школы студии INSPIRATION \r\n22 и 23 августа  на сцене  в ТРЦ " SPUTNIK MALL"\r\nНачало концерта в 18.00\r\nПриглашаем всех посетителей ТРЦ абсолютно бесплатно \r\nАдрес: г. Алматы, микрорайон Мамыр-1, д. 8А	clubs/event_banners/_КОНЦЕРТ.png	ТРЦ "SPUTNIK MALL"	2025-08-21 19:00:00+00	\N	2025-08-22 19:00:00+00	1	100	Хорошее настроение и ваши бурные аплодисменты	2025-08-19 05:37:13.183155+00	2025-08-19 05:37:13.183259+00	5ef9ff91-9f60-46b7-b69e-262936d72233
\.


--
-- Data for Name: clubs_clubgalleryphoto; Type: TABLE DATA; Schema: public; Owner: postgres
--

COPY public.clubs_clubgalleryphoto (id, image, created_at, updated_at, club_id) FROM stdin;
664f2fb1-474f-48a5-bf16-ee70d264b28e	clubs/gallery/1000068105.jpg	2024-12-18 11:11:38.122132+00	2024-12-18 11:11:38.122157+00	b7a57fea-f03c-40f0-acdf-f9816b3c7ad3
e47f03b4-33b7-4403-b05e-9656c628a0ab	clubs/gallery/fbb9fcd9d2df15ba46ef737cbd84bc4d.jpg	2024-12-18 11:11:58.923918+00	2024-12-18 11:11:58.923943+00	b7a57fea-f03c-40f0-acdf-f9816b3c7ad3
812d39e2-581f-4328-852e-b7c07362efcc	clubs/gallery/2fd3d636bdd2ed46f6a9cf51d8e13964.jpg	2024-12-18 11:12:37.878231+00	2024-12-18 11:12:37.878254+00	b7a57fea-f03c-40f0-acdf-f9816b3c7ad3
9a06fa8c-9734-47c3-8077-dba4cf75a42b	clubs/gallery/7fbfa11b239b40bf30e7b4078c2f224d.jpg	2024-12-18 11:17:40.981988+00	2024-12-18 11:17:40.982008+00	b7a57fea-f03c-40f0-acdf-f9816b3c7ad3
27e1f84b-ec09-4594-b231-100546e31e50	clubs/gallery/72694eaf7229c87da6f7bbf8475bfc16.jpg	2024-12-18 11:18:15.346031+00	2024-12-18 11:18:15.346052+00	b7a57fea-f03c-40f0-acdf-f9816b3c7ad3
bc4d6d88-ace0-4a42-ad8d-f123cf256a16	clubs/gallery/47e16a1614979db3f44a617f550eb2f0.jpg	2024-12-18 11:18:25.771504+00	2024-12-18 11:18:25.771538+00	b7a57fea-f03c-40f0-acdf-f9816b3c7ad3
395037a6-c982-48a0-bfba-ca5ac043a84c	clubs/gallery/8fbc9c53e2aa5eccada6bb9661df2f2f.jpg	2024-12-18 11:18:40.850056+00	2024-12-18 11:18:40.850075+00	b7a57fea-f03c-40f0-acdf-f9816b3c7ad3
f37ae50d-122d-43a1-817c-54f69f2a83d2	clubs/gallery/1000068039.jpg	2024-12-18 11:19:55.343905+00	2024-12-18 11:19:55.343931+00	b7a57fea-f03c-40f0-acdf-f9816b3c7ad3
f514ce3c-de79-476c-8c11-789a25dcbf7e	clubs/gallery/1000068043.jpg	2024-12-18 11:20:13.739687+00	2024-12-18 11:20:13.739709+00	b7a57fea-f03c-40f0-acdf-f9816b3c7ad3
2f97e70b-5b7b-427e-9d4f-44d8818e5eec	clubs/gallery/1000068048.jpg	2024-12-18 11:20:42.312321+00	2024-12-18 11:20:42.312342+00	b7a57fea-f03c-40f0-acdf-f9816b3c7ad3
fa7a4a5a-d377-4a72-a195-b7a7b2893d54	clubs/gallery/1000068062.jpg	2024-12-18 11:36:22.655228+00	2024-12-18 11:36:22.655256+00	b7a57fea-f03c-40f0-acdf-f9816b3c7ad3
159d97cc-5d0d-48c9-9bf2-16cca73153bb	clubs/gallery/1000068921_gXhdneD.jpg	2025-07-11 11:24:46.564516+00	2025-07-11 11:24:46.564548+00	d0a86b2f-c813-4ccd-8c14-13b39da7304d
d5a53f44-af47-4824-b55f-440ac9474a0b	clubs/gallery/1000007294.jpg	2025-07-11 11:26:36.714525+00	2025-07-11 11:26:36.714547+00	d0a86b2f-c813-4ccd-8c14-13b39da7304d
b3d0d2f5-7d1d-4975-972c-241522075bd8	clubs/gallery/1000007317.jpg	2025-07-11 11:27:35.731707+00	2025-07-11 11:27:35.731735+00	d0a86b2f-c813-4ccd-8c14-13b39da7304d
6c0a6d6c-7663-4395-8315-30e154d21489	clubs/gallery/IMG_1137.jpeg	2025-07-21 18:57:03.946942+00	2025-07-21 18:57:03.946964+00	09095ee2-354f-40e9-a8cf-da457411ac78
e0bdbd85-9410-48e1-be77-6a621f049ad6	clubs/gallery/IMG_7817_копия.JPG	2025-08-19 04:01:02.827675+00	2025-08-19 04:01:02.827715+00	5ef9ff91-9f60-46b7-b69e-262936d72233
f44f4272-bc00-4373-a717-0f8282176372	clubs/gallery/Альмен_подача.jpeg	2025-08-20 16:48:11.868286+00	2025-08-20 16:48:11.868347+00	63d1a76e-7c75-4785-ab18-7b56d1a4b00e
27b5c46b-ed3d-46ef-952e-dc9004911e3e	clubs/gallery/001.jpg	2025-08-20 16:48:18.653233+00	2025-08-20 16:48:18.653278+00	63d1a76e-7c75-4785-ab18-7b56d1a4b00e
537d43d4-37a3-4b02-a25d-1221dd405a39	clubs/gallery/Балнур_игра_2.jpeg	2025-08-20 16:48:26.815946+00	2025-08-20 16:48:26.816+00	63d1a76e-7c75-4785-ab18-7b56d1a4b00e
f40e44f8-c21e-43d0-954e-8d4cd0a8b779	clubs/gallery/Диас_в_броске.jpeg	2025-08-20 16:48:34.620348+00	2025-08-20 16:48:34.620372+00	63d1a76e-7c75-4785-ab18-7b56d1a4b00e
9b94808a-e262-494d-a15c-a1571a31c93d	clubs/gallery/Жарылкасын_Гульмира.jpeg	2025-08-20 16:48:41.371963+00	2025-08-20 16:48:41.37201+00	63d1a76e-7c75-4785-ab18-7b56d1a4b00e
a60282c0-222e-4a2f-9dde-405dd400a72a	clubs/gallery/Жанабай_Айгуль.jpeg	2025-08-20 16:50:57.714359+00	2025-08-20 16:50:57.714406+00	63d1a76e-7c75-4785-ab18-7b56d1a4b00e
91894b2e-4c35-4a00-be4b-4be95c0422b1	clubs/gallery/Жарылкасын_Константин.jpeg	2025-08-20 16:51:03.374288+00	2025-08-20 16:51:03.374325+00	63d1a76e-7c75-4785-ab18-7b56d1a4b00e
717da87b-d881-497b-a16d-64f8cb526b10	clubs/gallery/Оксана_игра.jpeg	2025-08-20 16:51:10.461166+00	2025-08-20 16:51:10.461239+00	63d1a76e-7c75-4785-ab18-7b56d1a4b00e
\.


--
-- Data for Name: clubs_clubjoinrequest; Type: TABLE DATA; Schema: public; Owner: postgres
--

COPY public.clubs_clubjoinrequest (id, approved, created_at, updated_at, club_id, user_id) FROM stdin;
\.


--
-- Data for Name: clubs_clubpartnershiprequest; Type: TABLE DATA; Schema: public; Owner: postgres
--

COPY public.clubs_clubpartnershiprequest (id, approved, created_at, updated_at, club_accepter_id, club_requester_id) FROM stdin;
\.


--
-- Data for Name: clubs_clubservice; Type: TABLE DATA; Schema: public; Owner: postgres
--

COPY public.clubs_clubservice (id, name, description, price, created_at, updated_at, club_id) FROM stdin;
c715c58d-3740-44fd-ada3-dc328a4699dd	Мастер-класс глина	Мы проводим мастер-класс по лепке из глины.\r\nПоможем и объясним как слепить:\r\n1 кружки\r\n2 вазы\r\n3 кольца\r\n4 подвески\r\n5 предметы декора. \r\n Мастер-класс проводиться в группах от 3-5 человек, с 12-99 лет.	20000.00	2024-12-18 11:45:37.306937+00	2024-12-18 11:57:03.886392+00	b7a57fea-f03c-40f0-acdf-f9816b3c7ad3
a1da3a21-8fde-4ca7-8cef-4db740913357	Выступление	Драйвовое выступление рок-группы «Control Tech”	40000.00	2025-07-21 19:02:32.879569+00	2025-07-21 19:02:32.879613+00	09095ee2-354f-40e9-a8cf-da457411ac78
\.


--
-- Data for Name: clubs_clubserviceimage; Type: TABLE DATA; Schema: public; Owner: postgres
--

COPY public.clubs_clubserviceimage (id, image, created_at, updated_at, service_id) FROM stdin;
09a1bba6-bd9e-4377-9a6c-2a2dfd7caf10	club/service_images/557cfbf014c2ff7e9138430440ac7d49_8v8WV0V.jpg	2024-12-18 11:45:37.380191+00	2024-12-18 11:57:03.928167+00	c715c58d-3740-44fd-ada3-dc328a4699dd
3787326b-ccf9-4c21-bdcc-7488a7dd9a40	club/service_images/IMG_1131.jpeg	2025-07-21 19:02:33.419306+00	2025-07-21 19:02:33.419341+00	a1da3a21-8fde-4ca7-8cef-4db740913357
\.


--
-- Data for Name: clubs_festival; Type: TABLE DATA; Schema: public; Owner: postgres
--

COPY public.clubs_festival (id, name, description, image, created_at, updated_at, start_datetime, location) FROM stdin;
1a311557-2892-4ce9-b10c-301978cf14d8	Фестиваль Сообществ 2	🌟🎤Фестиваль сообществ 2 приглашает всех желающих выступить на главной сцене в Алматы\r\n\r\n22–24 августа 2025 года в ТРЦ Sputnik Mall состоится фестиваль «Сообществ 2» — уникальное событие, где любой может заявить о себе - бесплатно !\r\n\r\n🇰🇿Организатором выступает проект «Центр Событий», и главная цель фестиваля — популяризация культурных, спортивных и образовательных инициатив, а также поддержка активных граждан и сообществ, которые формируют среду вокруг себя.\r\n\r\nЧто ждёт участников?\r\nФестиваль предоставляет открытую сцену и широкие возможности для самопрезентации. Формат максимально свободный — каждый может предложить свою идею и выйти с ней к публике.\r\n\r\nВы можете провести:\r\n• мастер-класс;\r\n• презентацию проекта;\r\n• викторину;\r\n• флешмоб;\r\n• музыкальное, танцевальное или театральное выступление;\r\nТакже доступно размещение промо-стойки внутри торгового центра. В течение всех трёх дней участники смогут общаться с гостями, раздавать флаеры, визитки и консультировать заинтересованных.\r\n\r\nПочему стоит участвовать?\r\nЭто возможность:\r\n• привлечь новых клиентов, участников или последователей;\r\n• найти партнёров, подрядчиков, специалистов;\r\n• заинтересовать спонсоров и меценатов;\r\n• расширить своё сообщество и выйти на новую аудиторию;\r\n\r\nКто может подать заявку?\r\nМы приглашаем :\r\n• спортивные секции и организации;\r\n• профессиональные объединения и союзы;\r\n• общественные объединения и фонды;\r\n• образовательные и творческие центры;\r\n• фан-клубы, хобби-сообщества и все, кто объединяет людей по интересам;\r\nКак принять участие?\r\nУчастие бесплатное, но требуется заранее отправить материалы:\r\n• слайды для LED-экрана;\r\n• аудио/видео сопровождение;\r\n• фонограммы и другие медиафайлы;\r\n\r\nWhatsApp: +7 708 809 00 82\r\nСайт: www.fan-club.kz\r\n\r\nАдрес офиса: г. Алматы, ул. Тургут Озала, 114\r\nБолее подробную информацию вы можете получить в инстаграме @FAN_CLUB.KZ	clubs/festival_photo/IMG_3416.JPG	2024-11-30 07:12:29.892823+00	2025-08-14 14:57:13.418633+00	2025-08-22 13:00:00+00	г.Алматы
\.


--
-- Data for Name: clubs_festival_approved_clubs; Type: TABLE DATA; Schema: public; Owner: postgres
--

COPY public.clubs_festival_approved_clubs (id, festival_id, club_id) FROM stdin;
6	1a311557-2892-4ce9-b10c-301978cf14d8	5ef9ff91-9f60-46b7-b69e-262936d72233
7	1a311557-2892-4ce9-b10c-301978cf14d8	fb810a36-b6fa-4536-900e-53bd545bc257
8	1a311557-2892-4ce9-b10c-301978cf14d8	d0a86b2f-c813-4ccd-8c14-13b39da7304d
9	1a311557-2892-4ce9-b10c-301978cf14d8	1b896cfa-fac9-4b7d-9aa5-bc7747c095da
10	1a311557-2892-4ce9-b10c-301978cf14d8	3fdfe231-0517-45ce-b6b8-1f497f1db6cf
11	1a311557-2892-4ce9-b10c-301978cf14d8	155eef88-0c83-40c5-b199-01201154deac
\.


--
-- Data for Name: clubs_festivalparticipationrequest; Type: TABLE DATA; Schema: public; Owner: postgres
--

COPY public.clubs_festivalparticipationrequest (id, approved, created_at, updated_at, club_id, festival_id) FROM stdin;
a770dbbd-8923-4a5b-8f8e-fe57f8fdf2b4	\N	2025-08-20 17:04:36.727568+00	2025-08-20 17:04:36.727603+00	63d1a76e-7c75-4785-ab18-7b56d1a4b00e	1a311557-2892-4ce9-b10c-301978cf14d8
\.


--
-- Data for Name: clubs_publication; Type: TABLE DATA; Schema: public; Owner: postgres
--

COPY public.clubs_publication (id, title, created_at, updated_at, content, annotation) FROM stdin;
c7212d31-1bf8-4069-b87d-5947b9d62080	Здраствуйте дорогие гости сайта.	2024-11-30 07:07:17.582149+00	2024-11-30 07:07:17.58226+00	Для тех кто хочет создать сообщество - будет необходимым снять интервью или репортаж о вас.	На нашем сайте вы можете создать собственное сообщество. В котором сможете продавать товары и услуги своим участникам. Для этого вам необходимо зайти в личный кабинет и создать сообщество.\r\nТак же вы можете быть участником сообществ предоставленных на нашем сайте.
\.


--
-- Data for Name: clubs_serviceforclubs; Type: TABLE DATA; Schema: public; Owner: postgres
--

COPY public.clubs_serviceforclubs (id, name, description, created_at, image, updated_at, phone, max_price, min_price) FROM stdin;
ca37ebf3-2dc6-47f6-b965-a008deb7e35e	БРЕНДИРОВАНИЕ	ВЫШИВКА ЛОГОТИПОВ НА ОДЕЖДЕ, ПЕЧАТЬ БАННЕРОВ.   ОТПРАВЛЯЯ ЗАПРОС НА ПРОСЧЕТ НЕЗАБУДЬТЕ УКАЗАТЬ : 1. КОЛИЧЕСТВО2. РАЗМЕРЫ3. ДИЗАЙН4. СРОКИ	2024-11-30 07:00:25.944602+00	clubs/service_for_clubs/БРЕНДИРОВАНИЕ.jpg	2024-12-01 12:02:56.030628+00	87087722405	\N	500.00
a84a0b52-dc82-4a48-8402-51bf4f0c120b	АРЕНДА СЦЕНЫ ПОД КЛЮЧ	СЦЕНА,LED ЭКРАН, ЗВУКОВОЕ И СВЕТОВОЕ ОБОРУДОВАНИЕ, КРАСНАЯ ДОРОЖКА, ДЕКОРАЦИИ	2024-11-30 07:01:41.027649+00	clubs/service_for_clubs/СЦЕНА.jpg	2024-12-01 12:03:16.958591+00	87087722405	\N	350000.00
8cd01e2d-e169-4929-bdc7-5668bb4590bd	КОНСУЛЬТАЦИЯ	БУХ.ГАЛТЕР, ЮРИСТ, НОТАРИУС, МАРКЕТОЛОГ	2024-11-30 07:46:21.189664+00	clubs/service_for_clubs/КОНСУЛЬТАЦИИ.jpg	2024-12-01 12:03:36.503043+00	87087722405	\N	5000.00
8cf91b3f-0200-402a-a68a-0c515a854f3c	АРЕНДА ТРАНСПОРТА	Аренда микроавтобуса.\r\nВместимость 18 человек.	2024-12-01 12:47:58.022132+00	clubs/service_for_clubs/цс_автомобиль.jpg	2024-12-01 12:47:58.022356+00	87087722405	\N	60000.00
b3b8ff1b-70cc-4033-b23e-68d9e3a03a09	ФОТО-ВИДЕО СЪЕМКА	От 10.000 тг  в час.\r\n\r\nСнимаем видео мероприятий и материала для инстаграма.	2024-12-01 12:50:33.334511+00	clubs/service_for_clubs/фото-видео_съемка.jpg	2024-12-01 12:50:33.334549+00	87087722405	\N	10000.00
787230e6-5b3c-419e-a4ac-3c65dd91bc38	КИНОТЕАТР ДЛЯ СООБЩЕСТВ	Аренда кинотеатра. Теперь есть уникальная возможность сходить в кинотеатр всем сообществом.\r\n\r\nМы включим персонально для вас любой видео материал.	2024-12-01 12:53:28.53152+00	clubs/service_for_clubs/КИНОТЕАТР.jpg	2024-12-01 12:53:28.531564+00	87087722405	\N	50000.00
\.


--
-- Data for Name: django_admin_log; Type: TABLE DATA; Schema: public; Owner: postgres
--

COPY public.django_admin_log (id, action_time, object_id, object_repr, action_flag, change_message, content_type_id, user_id) FROM stdin;
1	2024-11-30 07:00:25.952435+00	ca37ebf3-2dc6-47f6-b965-a008deb7e35e	Услуга для сообществ - БРЕНДИРОВАНИЕ	1	[{"added": {}}]	23	23bc15e1-2350-4b26-9e3e-b8722707df47
2	2024-11-30 07:01:41.033884+00	a84a0b52-dc82-4a48-8402-51bf4f0c120b	Услуга для сообществ - АРЕНДА СЦЕНЫ ПОД КЛЮЧ	1	[{"added": {}}]	23	23bc15e1-2350-4b26-9e3e-b8722707df47
3	2024-11-30 07:03:22.748676+00	ca37ebf3-2dc6-47f6-b965-a008deb7e35e	Услуга для сообществ - БРЕНДИРОВАНИЕ	2	[{"changed": {"fields": ["\\u0424\\u043e\\u0442\\u043e"]}}]	23	23bc15e1-2350-4b26-9e3e-b8722707df47
4	2024-11-30 07:03:40.848203+00	ca37ebf3-2dc6-47f6-b965-a008deb7e35e	Услуга для сообществ - БРЕНДИРОВАНИЕ	2	[{"changed": {"fields": ["\\u0424\\u043e\\u0442\\u043e"]}}]	23	23bc15e1-2350-4b26-9e3e-b8722707df47
5	2024-11-30 07:17:26.611969+00	8e77599a-d845-4089-a7dd-912dae2c2ae3	СПОРТ	1	[{"added": {}}]	13	23bc15e1-2350-4b26-9e3e-b8722707df47
6	2024-11-30 07:17:37.198464+00	f0202f92-0998-4daa-8320-5e291ccb3336	ПРОФЕССИЯ	1	[{"added": {}}]	13	23bc15e1-2350-4b26-9e3e-b8722707df47
7	2024-11-30 07:17:42.063619+00	0b902f14-4a04-4e84-96f8-834113061c7d	ХОББИ	1	[{"added": {}}]	13	23bc15e1-2350-4b26-9e3e-b8722707df47
8	2024-11-30 07:19:45.925501+00	80055063-465a-460d-93ff-36a804e74a1f	АЛМАТЫ	1	[{"added": {}}]	10	23bc15e1-2350-4b26-9e3e-b8722707df47
9	2024-11-30 07:31:37.448403+00	ca37ebf3-2dc6-47f6-b965-a008deb7e35e	Услуга для сообществ - БРЕНДИРОВАНИЕ	2	[{"changed": {"fields": ["\\u041e\\u043f\\u0438\\u0441\\u0430\\u043d\\u0438\\u0435 \\u0443\\u0441\\u043b\\u0443\\u0433\\u0438"]}}]	23	23bc15e1-2350-4b26-9e3e-b8722707df47
10	2024-11-30 07:46:21.192931+00	8cd01e2d-e169-4929-bdc7-5668bb4590bd	Услуга для сообществ - КОНСУЛЬТАЦИЯ	1	[{"added": {}}]	23	23bc15e1-2350-4b26-9e3e-b8722707df47
11	2024-11-30 09:29:52.529649+00	a3c29817-e84b-4ecf-a6b0-1466c6d4f9c0	Артур Ким	2	[{"changed": {"fields": ["Is displayed in allies"]}}]	8	23bc15e1-2350-4b26-9e3e-b8722707df47
12	2024-11-30 13:03:49.572888+00	ca37ebf3-2dc6-47f6-b965-a008deb7e35e	Услуга для сообществ - БРЕНДИРОВАНИЕ	2	[{"changed": {"fields": ["\\u041e\\u043f\\u0438\\u0441\\u0430\\u043d\\u0438\\u0435 \\u0443\\u0441\\u043b\\u0443\\u0433\\u0438", "\\u0424\\u043e\\u0442\\u043e"]}}]	23	23bc15e1-2350-4b26-9e3e-b8722707df47
13	2024-11-30 13:03:57.707608+00	a84a0b52-dc82-4a48-8402-51bf4f0c120b	Услуга для сообществ - АРЕНДА СЦЕНЫ ПОД КЛЮЧ	2	[{"changed": {"fields": ["\\u0424\\u043e\\u0442\\u043e"]}}]	23	23bc15e1-2350-4b26-9e3e-b8722707df47
14	2024-11-30 13:04:04.515124+00	8cd01e2d-e169-4929-bdc7-5668bb4590bd	Услуга для сообществ - КОНСУЛЬТАЦИЯ	2	[{"changed": {"fields": ["\\u0424\\u043e\\u0442\\u043e"]}}]	23	23bc15e1-2350-4b26-9e3e-b8722707df47
15	2024-11-30 13:04:51.64041+00	ca37ebf3-2dc6-47f6-b965-a008deb7e35e	Услуга для сообществ - БРЕНДИРОВАНИЕ	2	[{"changed": {"fields": ["\\u0424\\u043e\\u0442\\u043e"]}}]	23	23bc15e1-2350-4b26-9e3e-b8722707df47
16	2024-11-30 13:06:47.28704+00	ca37ebf3-2dc6-47f6-b965-a008deb7e35e	Услуга для сообществ - БРЕНДИРОВАНИЕ	2	[{"changed": {"fields": ["\\u0424\\u043e\\u0442\\u043e"]}}]	23	23bc15e1-2350-4b26-9e3e-b8722707df47
17	2024-11-30 13:07:02.709698+00	a84a0b52-dc82-4a48-8402-51bf4f0c120b	Услуга для сообществ - АРЕНДА СЦЕНЫ ПОД КЛЮЧ	2	[{"changed": {"fields": ["\\u0424\\u043e\\u0442\\u043e"]}}]	23	23bc15e1-2350-4b26-9e3e-b8722707df47
18	2024-11-30 13:32:41.849222+00	ca37ebf3-2dc6-47f6-b965-a008deb7e35e	Услуга для сообществ - БРЕНДИРОВАНИЕ	2	[{"changed": {"fields": ["\\u0424\\u043e\\u0442\\u043e"]}}]	23	23bc15e1-2350-4b26-9e3e-b8722707df47
19	2024-11-30 13:47:05.938425+00	ca37ebf3-2dc6-47f6-b965-a008deb7e35e	Услуга для сообществ - БРЕНДИРОВАНИЕ	2	[{"changed": {"fields": ["\\u0424\\u043e\\u0442\\u043e"]}}]	23	23bc15e1-2350-4b26-9e3e-b8722707df47
20	2024-11-30 14:51:42.271884+00	1a311557-2892-4ce9-b10c-301978cf14d8	Фестиваль Сообществ 2	2	[{"changed": {"fields": ["\\u0417\\u0430\\u0433\\u043e\\u043b\\u043e\\u0432\\u043e\\u043a", "\\u041e\\u043f\\u0438\\u0441\\u0430\\u043d\\u0438\\u0435", "\\u0414\\u0430\\u0442\\u0430 \\u043d\\u0430\\u0447\\u0430\\u043b\\u0430"]}}]	15	23bc15e1-2350-4b26-9e3e-b8722707df47
21	2024-12-01 07:53:57.204669+00	dfc83749-eadb-4768-8706-88e891f6edac	Артур Ким	2	[{"changed": {"fields": ["Is displayed in allies", "Staff status", "Superuser status"]}}]	8	23bc15e1-2350-4b26-9e3e-b8722707df47
22	2024-12-01 07:54:06.137021+00	a3c29817-e84b-4ecf-a6b0-1466c6d4f9c0	Артур Ким	2	[{"changed": {"fields": ["Staff status", "Superuser status"]}}]	8	23bc15e1-2350-4b26-9e3e-b8722707df47
23	2024-12-01 12:08:06.278272+00	84a2fbae-65ac-4fc0-b74c-579e20473290	Айсулу Турасыл	2	[{"changed": {"fields": ["Is displayed in allies"]}}]	8	a3c29817-e84b-4ecf-a6b0-1466c6d4f9c0
24	2024-12-01 12:34:42.61704+00	02540c23-d4bf-4be3-895b-54746f18c896	Рустем Бактыбаев	2	[{"changed": {"fields": ["Is displayed in allies"]}}]	8	23bc15e1-2350-4b26-9e3e-b8722707df47
25	2024-12-03 07:47:04.755394+00	36f78418-dbed-44e3-8ec4-7d71a3647ffd	Oleg Baktybayev	2	[{"changed": {"fields": ["Is displayed in allies"]}}]	8	23bc15e1-2350-4b26-9e3e-b8722707df47
26	2024-12-03 07:57:11.113233+00	c03df82c-8774-4259-87ca-996c3a04ec45	gdsgdsgdsg	2	[{"changed": {"fields": ["\\u041c\\u0430\\u043a\\u0441\\u0438\\u043c\\u0430\\u043b\\u044c\\u043d\\u044b\\u0439 \\u0432\\u043e\\u0437\\u0440\\u0430\\u0441\\u0442 \\u0434\\u043b\\u044f \\u0432\\u0445\\u043e\\u0434\\u0430"]}}]	21	dfc83749-eadb-4768-8706-88e891f6edac
27	2024-12-03 07:59:04.678297+00	bbe54c2a-b19b-4f69-9560-d209ba0aaf12	gdsgdsgdsg	2	[{"changed": {"fields": ["\\u0414\\u0430\\u0442\\u0430 \\u0438 \\u0432\\u0440\\u0435\\u043c\\u044f \\u0437\\u0430\\u0432\\u0435\\u0440\\u0448\\u0435\\u043d\\u0438\\u044f"]}}]	21	dfc83749-eadb-4768-8706-88e891f6edac
28	2024-12-03 08:01:08.135831+00	8a6d4873-ae9d-4d62-baa5-59a38924a02d	fdsfhfd	2	[{"changed": {"fields": ["\\u041a\\u043e\\u043d\\u0442\\u0430\\u043a\\u0442\\u043d\\u044b\\u0439 email"]}}]	11	dfc83749-eadb-4768-8706-88e891f6edac
29	2024-12-03 08:04:05.596863+00	c03df82c-8774-4259-87ca-996c3a04ec45	gdsgdsgdsg	2	[{"changed": {"fields": ["\\u041e\\u043f\\u0438\\u0441\\u0430\\u043d\\u0438\\u0435"]}}]	21	dfc83749-eadb-4768-8706-88e891f6edac
30	2024-12-03 08:04:12.601764+00	9faa5dd5-2491-445c-838e-19e4ab976a38	testesttset	2	[{"changed": {"fields": ["\\u041e\\u043f\\u0438\\u0441\\u0430\\u043d\\u0438\\u0435"]}}]	21	dfc83749-eadb-4768-8706-88e891f6edac
31	2024-12-03 08:04:58.728039+00	9faa5dd5-2491-445c-838e-19e4ab976a38	фыввфывфыв	2	[{"changed": {"fields": ["\\u041d\\u0430\\u0437\\u0432\\u0430\\u043d\\u0438\\u0435 \\u0441\\u043e\\u0431\\u044b\\u0442\\u0438\\u044f", "\\u041e\\u043f\\u0438\\u0441\\u0430\\u043d\\u0438\\u0435", "\\u041c\\u0435\\u0441\\u0442\\u043e \\u043f\\u0440\\u043e\\u0432\\u0435\\u0434\\u0435\\u043d\\u0438\\u044f"]}}]	21	dfc83749-eadb-4768-8706-88e891f6edac
32	2024-12-05 16:07:56.632064+00	ff582afa-7550-4752-9eda-014ec8c7e264	дждибавидадд	3		21	23bc15e1-2350-4b26-9e3e-b8722707df47
33	2024-12-05 16:07:56.638456+00	f23b507c-f5c4-4bda-b2a1-8c3ca78c2f5f	РЕРАПЬРП	3		21	23bc15e1-2350-4b26-9e3e-b8722707df47
34	2024-12-05 16:23:34.055422+00	a3c29817-e84b-4ecf-a6b0-1466c6d4f9c0	Артур Ким	2	[{"changed": {"fields": ["\\u041d\\u043e\\u043c\\u0435\\u0440 \\u0442\\u0435\\u043b\\u0435\\u0444\\u043e\\u043d\\u0430"]}}]	8	23bc15e1-2350-4b26-9e3e-b8722707df47
35	2024-12-05 16:23:42.073188+00	b020eb45-0bee-468a-817a-d77f00f25f86	Nfejdekofhofjwdoe jirekdwjfreohogjkerwkrj rekwlrkfekjgoperrkfoek ojeopkfwkferjgiejfwk okfepjfgrihgoiejfklegjroi jeiokferfekfrjgiorjofeko jeoighirhgioe Nfejdekofhofjwdoe jirekdwjfreohogjkerwkrj rekwlrk	2	[{"changed": {"fields": ["\\u041d\\u043e\\u043c\\u0435\\u0440 \\u0442\\u0435\\u043b\\u0435\\u0444\\u043e\\u043d\\u0430"]}}]	8	23bc15e1-2350-4b26-9e3e-b8722707df47
36	2024-12-05 16:23:50.120029+00	205b3c21-3095-4450-9a4e-39f61aa268f0	CZefRYOFnx FTeECiizrewuLIJ	2	[{"changed": {"fields": ["\\u041d\\u043e\\u043c\\u0435\\u0440 \\u0442\\u0435\\u043b\\u0435\\u0444\\u043e\\u043d\\u0430"]}}]	8	23bc15e1-2350-4b26-9e3e-b8722707df47
37	2024-12-05 16:23:58.907085+00	dfc83749-eadb-4768-8706-88e891f6edac	Артур Ким	2	[{"changed": {"fields": ["\\u041d\\u043e\\u043c\\u0435\\u0440 \\u0442\\u0435\\u043b\\u0435\\u0444\\u043e\\u043d\\u0430"]}}]	8	23bc15e1-2350-4b26-9e3e-b8722707df47
38	2024-12-05 16:24:06.294923+00	84a2fbae-65ac-4fc0-b74c-579e20473290	Айсулу Турасыл	2	[{"changed": {"fields": ["\\u041d\\u043e\\u043c\\u0435\\u0440 \\u0442\\u0435\\u043b\\u0435\\u0444\\u043e\\u043d\\u0430"]}}]	8	23bc15e1-2350-4b26-9e3e-b8722707df47
39	2024-12-05 16:24:13.342733+00	e2bf4737-29b3-4778-8e06-bdf1b5a51968	Артур Ким	2	[{"changed": {"fields": ["\\u041d\\u043e\\u043c\\u0435\\u0440 \\u0442\\u0435\\u043b\\u0435\\u0444\\u043e\\u043d\\u0430"]}}]	8	23bc15e1-2350-4b26-9e3e-b8722707df47
40	2024-12-05 16:24:41.879826+00	982fce0e-6fed-4914-b399-63b8794ae67f	PatrickpleakLZ PatrickpleakLZ	2	[{"changed": {"fields": ["\\u041d\\u043e\\u043c\\u0435\\u0440 \\u0442\\u0435\\u043b\\u0435\\u0444\\u043e\\u043d\\u0430"]}}]	8	23bc15e1-2350-4b26-9e3e-b8722707df47
41	2024-12-05 16:24:53.191457+00	1d320b90-c1c6-4b64-9cac-39db36487360	FgiWTWrHlSOYDL yCxBlwwgFyTaKSb	3		8	23bc15e1-2350-4b26-9e3e-b8722707df47
42	2024-12-05 16:25:16.143091+00	205b3c21-3095-4450-9a4e-39f61aa268f0	CZefRYOFnx FTeECiizrewuLIJ	3		8	23bc15e1-2350-4b26-9e3e-b8722707df47
43	2024-12-05 16:25:16.147914+00	6060d600-9a51-4104-bba4-0cca367bdacf	Lawsyn Seccareccia	3		8	23bc15e1-2350-4b26-9e3e-b8722707df47
44	2024-12-05 16:25:16.150164+00	a731ce69-dcb1-4b2c-a1fe-3d019f00a1e9	XMC-PL-ShigoRN XMC-PL-ShigoRN	3		8	23bc15e1-2350-4b26-9e3e-b8722707df47
45	2024-12-05 16:25:16.15208+00	1568abdf-6dcb-4f98-8c3f-ad4915bd8a1a	AecflIMfc HTRngnJgZGTD	3		8	23bc15e1-2350-4b26-9e3e-b8722707df47
46	2024-12-05 16:25:16.154271+00	70f99d85-1abe-41ac-bd8f-ac8876c9393b	UxvWgdwphlqJQy snQJVRCZnBUtmy	3		8	23bc15e1-2350-4b26-9e3e-b8722707df47
47	2024-12-05 16:25:16.156201+00	368e812b-cd22-4864-9fee-1df42871ed6e	XTVYuVHrNevP ffdWCERvrALjUQF	3		8	23bc15e1-2350-4b26-9e3e-b8722707df47
48	2024-12-05 16:25:16.158041+00	1c408276-54b8-4025-9f61-3e0c5025646c	ymJwZYZb OzkAVmlyMV	3		8	23bc15e1-2350-4b26-9e3e-b8722707df47
49	2024-12-05 16:25:16.159746+00	f2e144e7-153f-4e74-99e2-3eae6b3d60fa	TGwybtcpqdjTIM katKdkISwp	3		8	23bc15e1-2350-4b26-9e3e-b8722707df47
50	2024-12-05 16:25:27.556364+00	36f78418-dbed-44e3-8ec4-7d71a3647ffd	Oleg Baktybayev	2	[{"changed": {"fields": ["\\u041d\\u043e\\u043c\\u0435\\u0440 \\u0442\\u0435\\u043b\\u0435\\u0444\\u043e\\u043d\\u0430"]}}]	8	23bc15e1-2350-4b26-9e3e-b8722707df47
51	2024-12-05 16:25:36.981407+00	8e3e8feb-e853-4e74-a44c-31314ed558f4	Олег Олегович	2	[{"changed": {"fields": ["\\u041d\\u043e\\u043c\\u0435\\u0440 \\u0442\\u0435\\u043b\\u0435\\u0444\\u043e\\u043d\\u0430"]}}]	8	23bc15e1-2350-4b26-9e3e-b8722707df47
52	2024-12-05 16:28:45.147355+00	02540c23-d4bf-4be3-895b-54746f18c896	Рустем Бактыбаев	2	[{"changed": {"fields": ["\\u041d\\u043e\\u043c\\u0435\\u0440 \\u0442\\u0435\\u043b\\u0435\\u0444\\u043e\\u043d\\u0430"]}}]	8	23bc15e1-2350-4b26-9e3e-b8722707df47
53	2024-12-05 16:34:50.159859+00	02540c23-d4bf-4be3-895b-54746f18c896	Рустем Бактыбаев	3		8	23bc15e1-2350-4b26-9e3e-b8722707df47
54	2024-12-05 16:35:07.895953+00	b020eb45-0bee-468a-817a-d77f00f25f86	Nfejdekofhofjwdoe jirekdwjfreohogjkerwkrj rekwlrkfekjgoperrkfoek ojeopkfwkferjgiejfwk okfepjfgrihgoiejfklegjroi jeiokferfekfrjgiorjofeko jeoighirhgioe Nfejdekofhofjwdoe jirekdwjfreohogjkerwkrj rekwlrk	3		8	23bc15e1-2350-4b26-9e3e-b8722707df47
55	2024-12-05 20:11:28.252733+00	3217fc69-a264-4e8c-85df-ac95e37ea4da	Alex Petrov	2	[{"changed": {"fields": ["password"]}}]	8	23bc15e1-2350-4b26-9e3e-b8722707df47
56	2024-12-09 08:34:40.39977+00	e9b098e8-7474-454e-8109-5fa3ac189cf2	Арнұр Әбдікәрім	2	[{"changed": {"fields": ["Is displayed in allies"]}}]	8	23bc15e1-2350-4b26-9e3e-b8722707df47
57	2024-12-09 21:16:15.441367+00	4cb84414-9c4f-4f59-8e18-b50c24fc4496	Aisulu Musaeva	2	[{"changed": {"fields": ["Is displayed in allies"]}}]	8	23bc15e1-2350-4b26-9e3e-b8722707df47
58	2024-12-10 10:05:47.381782+00	cb4f33f6-d1e4-4170-8535-9d45cd49f20d	Ангелина Турбина	2	[{"changed": {"fields": ["Is displayed in allies"]}}]	8	23bc15e1-2350-4b26-9e3e-b8722707df47
59	2024-12-10 10:05:54.094212+00	93f6f3a2-b9cf-447f-80d2-8f177671827d	Aruai Dabylbai	2	[]	8	23bc15e1-2350-4b26-9e3e-b8722707df47
60	2024-12-10 10:06:02.428807+00	93f6f3a2-b9cf-447f-80d2-8f177671827d	Aruai Dabylbai	2	[{"changed": {"fields": ["Is displayed in allies"]}}]	8	23bc15e1-2350-4b26-9e3e-b8722707df47
61	2024-12-10 10:06:09.964118+00	e9b098e8-7474-454e-8109-5fa3ac189cf2	Арнұр Әбдікәрім	2	[]	8	23bc15e1-2350-4b26-9e3e-b8722707df47
62	2024-12-10 10:10:18.300021+00	76fe3188-d03b-482d-a779-cece17be608c	Alexandra Shumilova	2	[{"changed": {"fields": ["Is displayed in allies"]}}]	8	23bc15e1-2350-4b26-9e3e-b8722707df47
63	2024-12-10 10:23:22.74801+00	b1be1474-f968-437d-b119-66b353e55c90	alex test	3		8	23bc15e1-2350-4b26-9e3e-b8722707df47
64	2024-12-10 10:43:43.160389+00	6ab8b368-f06e-4471-b443-b6ccf15ea291	МАРКЕТИНГОВОЕ АГЕНСТВО	2	[{"deleted": {"name": "\\u0424\\u043e\\u0442\\u043e", "object": "\\u041c\\u0410\\u0420\\u041a\\u0415\\u0422\\u0418\\u041d\\u0413\\u041e\\u0412\\u041e\\u0415 \\u0410\\u0413\\u0415\\u041d\\u0421\\u0422\\u0412\\u041e-clubs/gallery/file_3.jpg"}}]	11	23bc15e1-2350-4b26-9e3e-b8722707df47
65	2024-12-10 13:29:41.786252+00	87d04fef-16aa-4ff1-8b98-da62206fee23	Карина Спицина	2	[{"changed": {"fields": ["Is displayed in allies"]}}]	8	23bc15e1-2350-4b26-9e3e-b8722707df47
66	2024-12-10 13:51:05.023492+00	4a84eb75-c7ac-4eca-b43e-35bf7a734ec6	студия рисования - Фестиваль Сообществ 2	2	[{"changed": {"fields": ["\\u041f\\u0440\\u0438\\u0433\\u043b\\u0430\\u0448\\u0435\\u043d"]}}]	16	23bc15e1-2350-4b26-9e3e-b8722707df47
67	2024-12-10 13:51:13.650057+00	c0e8294b-a31a-46f7-8f96-483f29fe8fe2	test2 - Фестиваль Сообществ 2	2	[{"changed": {"fields": ["\\u041f\\u0440\\u0438\\u0433\\u043b\\u0430\\u0448\\u0435\\u043d"]}}]	16	23bc15e1-2350-4b26-9e3e-b8722707df47
68	2024-12-10 13:51:20.349832+00	f65c6d0b-1f5f-4e46-9aa8-fb6b51973007	Кружок рисования - Фестиваль Сообществ 2	2	[{"changed": {"fields": ["\\u041f\\u0440\\u0438\\u0433\\u043b\\u0430\\u0448\\u0435\\u043d"]}}]	16	23bc15e1-2350-4b26-9e3e-b8722707df47
69	2024-12-10 13:51:24.778951+00	c0e8294b-a31a-46f7-8f96-483f29fe8fe2	test2 - Фестиваль Сообществ 2	2	[{"changed": {"fields": ["\\u041f\\u0440\\u0438\\u0433\\u043b\\u0430\\u0448\\u0435\\u043d"]}}]	16	23bc15e1-2350-4b26-9e3e-b8722707df47
70	2024-12-17 08:22:09.507856+00	830cfb9e-4ae8-4957-9fd2-47bc6cc00f3f	Камилла Стрижак	2	[{"changed": {"fields": ["Is displayed in allies"]}}]	8	23bc15e1-2350-4b26-9e3e-b8722707df47
71	2024-12-17 08:23:19.519755+00	fef0ecce-b4a1-47ed-8a34-e004a03f0fc0	TIHCeGIeM vAdaNDye	3		8	23bc15e1-2350-4b26-9e3e-b8722707df47
72	2024-12-17 08:23:19.525302+00	9252a41b-7c05-4560-bf07-e5f791049172	bMYibHIPceWWY bziaPhohcX	3		8	23bc15e1-2350-4b26-9e3e-b8722707df47
73	2024-12-17 08:23:19.527408+00	5f9b5232-c035-40b2-9964-d765d5706965	Rysfbmgif hJvIVJDPQDdSMZ	3		8	23bc15e1-2350-4b26-9e3e-b8722707df47
74	2024-12-17 08:23:19.529242+00	12985c83-591b-41d7-ad9b-8c5fd0d756b7	fWOpqfOnhqpxmjN vAiyFbiDyKjqCu	3		8	23bc15e1-2350-4b26-9e3e-b8722707df47
75	2024-12-17 08:23:19.53107+00	804a0764-9d0e-4370-a8f5-2fdfe6f235f9	MMzhhtGKbIcZy WMGjcyUtfZt	3		8	23bc15e1-2350-4b26-9e3e-b8722707df47
76	2024-12-17 08:23:19.532895+00	ece4aa61-593e-4561-b6b2-da88aacf6ab0	vsYWeTGdyt emAXHhzxfVbYaO	3		8	23bc15e1-2350-4b26-9e3e-b8722707df47
77	2024-12-17 08:23:19.534804+00	fef4eef4-5043-4a90-a334-910ad16d7575	speeoSggRDqc yEKLletDkxMi	3		8	23bc15e1-2350-4b26-9e3e-b8722707df47
78	2024-12-17 08:23:19.536798+00	642ac837-3e16-4076-a4d2-5d2b748c1e66	lpmmEHAg SHNwxsrOqS	3		8	23bc15e1-2350-4b26-9e3e-b8722707df47
79	2024-12-17 08:23:19.538691+00	4b8317c1-7ac7-486b-9161-5d736ac89d6f	rXlFasgEfiou PeibxodR	3		8	23bc15e1-2350-4b26-9e3e-b8722707df47
80	2024-12-17 08:23:19.540708+00	07e5f511-4425-4873-b863-c9bb71b8db84	Swwmnmqrgonmh kVrZfrdm	3		8	23bc15e1-2350-4b26-9e3e-b8722707df47
81	2024-12-17 08:23:19.542384+00	c86deb28-b276-4acf-b6e1-c0b5946a3d76	EsQqsSSeWiuuVb JmLUfwFcOwYX	3		8	23bc15e1-2350-4b26-9e3e-b8722707df47
82	2024-12-17 08:23:19.544047+00	7c4fbb0d-36bc-45b8-bf3d-818274586004	JXNvSwiNipORnm OeZrqZNNPn	3		8	23bc15e1-2350-4b26-9e3e-b8722707df47
83	2024-12-17 08:23:19.546017+00	d4e05a22-bef1-4f33-9ccf-ceec21f3d309	oIWwOfeZJp MurdlKVsomShOia	3		8	23bc15e1-2350-4b26-9e3e-b8722707df47
84	2024-12-17 08:23:19.547888+00	96ac8ee6-238b-499b-b454-81a6f08dd076	fTfQKuSzJUsdzh TPMQSsnaeKqEAe	3		8	23bc15e1-2350-4b26-9e3e-b8722707df47
85	2024-12-17 08:23:19.549722+00	15f4028e-80dd-42fd-8453-9c9c85e942e3	fagLDAWsylBpS WZAKjjNPebj	3		8	23bc15e1-2350-4b26-9e3e-b8722707df47
86	2024-12-17 08:23:19.551465+00	c13c3e53-33f3-4406-a18f-614419646d10	zUJEfiPr cXdTkrgZUuhVV	3		8	23bc15e1-2350-4b26-9e3e-b8722707df47
87	2024-12-17 08:23:19.555186+00	e411ee19-b017-4395-9fb2-ff112cd99d87	UQuBGmOWkMHRE qhAJEKpya	3		8	23bc15e1-2350-4b26-9e3e-b8722707df47
88	2024-12-17 08:23:19.55719+00	1696c203-3285-4c40-8571-57964300838d	bbHOpQkkyOylrCK YCaJsGDRi	3		8	23bc15e1-2350-4b26-9e3e-b8722707df47
89	2024-12-17 08:23:19.56058+00	33e2ebf9-eb84-4033-8d89-6fed27d59736	KMpmBxoeooq ngNYLKigKjWF	3		8	23bc15e1-2350-4b26-9e3e-b8722707df47
90	2024-12-17 08:23:19.562475+00	a95deaa6-c02a-4599-81d6-1256d9ad043e	VwrhJvukYL YzYCEviFdol	3		8	23bc15e1-2350-4b26-9e3e-b8722707df47
91	2024-12-17 08:23:19.564317+00	851a904b-0c08-4a6a-b473-1eed5828545a	GvYXpaZnPRPu DHHcZLNblxUS	3		8	23bc15e1-2350-4b26-9e3e-b8722707df47
92	2024-12-17 08:23:19.566196+00	8d05ccc9-c796-4759-9e3f-457b9e36047e	jsokJDmOxr fuaztMSb	3		8	23bc15e1-2350-4b26-9e3e-b8722707df47
93	2024-12-17 08:23:19.567987+00	7b4c064b-6610-489e-82c2-6afebdf96217	TFlPExkz wXrarGURfPRC	3		8	23bc15e1-2350-4b26-9e3e-b8722707df47
94	2024-12-17 08:23:19.570054+00	5792ebe6-c4ba-4f8f-8edc-7f5b35b55407	RspxCwUGrHPYx lrHTKKAxii	3		8	23bc15e1-2350-4b26-9e3e-b8722707df47
95	2024-12-17 08:23:19.571874+00	d178ca77-6c86-4ccc-8908-a9768b3c03c0	jXTVjCIAJnfrR AxhzlGODh	3		8	23bc15e1-2350-4b26-9e3e-b8722707df47
96	2024-12-17 08:23:19.573764+00	262335fe-7b93-4ce2-a52d-031153099206	fbHWszfIujkb QlruESxmM	3		8	23bc15e1-2350-4b26-9e3e-b8722707df47
97	2024-12-17 08:23:19.575491+00	900aa166-95d4-4af2-864d-7d158ea56adf	rKXQAFWeShRq mnldOYLQfoslAv	3		8	23bc15e1-2350-4b26-9e3e-b8722707df47
98	2024-12-17 08:23:19.577229+00	870ef8b6-a863-49f9-8558-a1eb0e8327f0	yDXYOmShs QhFDEDcU	3		8	23bc15e1-2350-4b26-9e3e-b8722707df47
99	2024-12-17 08:23:19.57895+00	f8b59c09-ae90-416a-a63b-6bfccf1ab071	aKEaTFQKiTB GAsrSZKOypLTne	3		8	23bc15e1-2350-4b26-9e3e-b8722707df47
100	2024-12-18 08:46:54.180137+00	fa8c7d18-d6ea-4624-a125-368734a0c409	hSNatTbY wHXEfsSC	3		8	23bc15e1-2350-4b26-9e3e-b8722707df47
101	2024-12-18 08:46:54.214226+00	3b734d80-65b3-4da7-996a-ccb31446bfb8	lAUfJOqCJOBKV zepliuQzPqT	3		8	23bc15e1-2350-4b26-9e3e-b8722707df47
102	2024-12-18 08:46:54.216618+00	fd4aac47-75d7-43ef-af89-d277dc437e94	mdfoeNxRQChygeG WgKbEZeICutKkgr	3		8	23bc15e1-2350-4b26-9e3e-b8722707df47
103	2024-12-18 08:46:54.218382+00	de3e0a72-ba41-412d-8a58-0c31557ac9a9	vwPufOQxkOjgR tQEKJESAHtrNCOI	3		8	23bc15e1-2350-4b26-9e3e-b8722707df47
104	2024-12-18 08:46:54.220123+00	0306883f-63bb-4dea-bd43-1b605ffe570e	HgUKenuoPr VTEGgKuJfS	3		8	23bc15e1-2350-4b26-9e3e-b8722707df47
105	2024-12-18 08:46:54.221932+00	c0deec5d-ff9e-4c55-881f-6cef9ac8b2a4	raOIVoBkKsep TtYjZKirycRzq	3		8	23bc15e1-2350-4b26-9e3e-b8722707df47
106	2024-12-18 08:46:54.223829+00	0a6d471f-097d-4710-8c86-47b196e139ef	HqZhhTuy LlZEYiURQJxK	3		8	23bc15e1-2350-4b26-9e3e-b8722707df47
107	2024-12-18 08:46:54.225661+00	39d8399a-9f7c-4a69-987e-0e3e263e46e5	oqqKpDsqxsL hCAfScQfAdqcCQ	3		8	23bc15e1-2350-4b26-9e3e-b8722707df47
108	2024-12-18 08:46:54.22739+00	3f6be0cb-7b81-4c78-a954-7ed256a34027	cWcBEHjOfiUU VJFBqYrswfYgIX	3		8	23bc15e1-2350-4b26-9e3e-b8722707df47
109	2024-12-18 08:46:54.228977+00	b6a3635c-7cf0-4e72-bc1c-9e66dfa3b211	YjKzQViLPT kwtLSOljrVFQgml	3		8	23bc15e1-2350-4b26-9e3e-b8722707df47
110	2024-12-18 08:46:54.230763+00	5b746988-bceb-4408-9117-67c6a6da2f44	URNWIGUOzTBsV uAsMkeES	3		8	23bc15e1-2350-4b26-9e3e-b8722707df47
111	2024-12-18 08:46:54.232344+00	36b8a01f-bb2a-4aa3-9ea4-a5aa263185d7	ZTYQlKsOgCX AFjirqjyqMORFnj	3		8	23bc15e1-2350-4b26-9e3e-b8722707df47
112	2024-12-18 08:46:54.233928+00	d136acf5-5073-4c80-8514-fc4a456612f4	xCGlnBtGa XmvegeNOsdrc	3		8	23bc15e1-2350-4b26-9e3e-b8722707df47
113	2024-12-18 08:46:54.235665+00	064ba67c-b300-440e-8983-b45301a88e39	ZYBBEPgXpHEcO EJpidunj	3		8	23bc15e1-2350-4b26-9e3e-b8722707df47
114	2024-12-18 08:46:54.23729+00	55830e53-d227-4eb2-9323-e9903dd864b0	pSGoCYupg DGlStfKt	3		8	23bc15e1-2350-4b26-9e3e-b8722707df47
115	2024-12-18 08:46:54.238935+00	6cc75e40-a5d0-4bd5-884d-705db2015b46	UCjVssITn pxJiJBCb	3		8	23bc15e1-2350-4b26-9e3e-b8722707df47
116	2024-12-18 08:46:54.240689+00	1c8233d5-6424-4c67-aa58-db59c248760c	FPWEMnfrJcYWn IYURHdkXvibrdD	3		8	23bc15e1-2350-4b26-9e3e-b8722707df47
117	2024-12-18 08:46:54.242355+00	390b42f9-e07f-4807-a4e5-61a5e7a041f6	DJpNHMdOQFP XMFzhVOPVlVHvMd	3		8	23bc15e1-2350-4b26-9e3e-b8722707df47
118	2024-12-18 08:46:54.243988+00	7dca23de-7feb-476e-afa9-2370cd30f8cd	kHdluVJzJAn ulMdnMUyvA	3		8	23bc15e1-2350-4b26-9e3e-b8722707df47
119	2024-12-18 08:46:54.245666+00	8c398d0a-8fd0-44fe-b1e3-86edbfd61e94	QhsKoBERwkVet tarZAIzqTf	3		8	23bc15e1-2350-4b26-9e3e-b8722707df47
120	2024-12-18 08:46:54.247305+00	9bbdb377-fb69-4a9a-87c9-dbf388105960	eAawnrTcbYudRQs YojmRTfzLJamizY	3		8	23bc15e1-2350-4b26-9e3e-b8722707df47
121	2024-12-18 08:46:54.249518+00	59663289-2c94-4c77-b47d-0eccd66bf157	RdveLiDGe QbmebqhuAJt	3		8	23bc15e1-2350-4b26-9e3e-b8722707df47
122	2024-12-18 08:46:54.251195+00	c0ef729d-622a-4d8a-80d6-158ad61f0178	hbVpKGKUWhLC EiloCVMHmFFw	3		8	23bc15e1-2350-4b26-9e3e-b8722707df47
123	2024-12-18 08:46:54.252754+00	f318d809-1017-4edd-925c-6182e32fe241	KwyxkpbGOcNSeK jBOiGrvarGGOif	3		8	23bc15e1-2350-4b26-9e3e-b8722707df47
124	2024-12-18 08:46:54.254423+00	414405f1-1335-4a1c-86eb-f403a2d9f7ce	GJsLXFKqRUFhEf XorUPIAFRrKRvf	3		8	23bc15e1-2350-4b26-9e3e-b8722707df47
125	2024-12-18 08:46:54.256062+00	f3d4c4ec-79f8-4714-80af-0e1a180054bc	JzQHhpaYxCpcMN kHLXbcVZHEsa	3		8	23bc15e1-2350-4b26-9e3e-b8722707df47
126	2024-12-18 08:46:54.257708+00	41b4f7d4-1383-41d0-b9c2-f91da69818c5	eeUdNBHgK MMQDfKuxWAvvcX	3		8	23bc15e1-2350-4b26-9e3e-b8722707df47
127	2024-12-18 08:46:54.259354+00	d32ffdf2-1792-4c75-9493-b9249b8f5560	kbFQPtGyBbYYP BlIpbnWJnP	3		8	23bc15e1-2350-4b26-9e3e-b8722707df47
128	2024-12-18 08:46:54.260935+00	05da1584-f8fd-4bb7-a859-767c8736dc56	ZctBGUODsNr WftwWTqXFbTzWq	3		8	23bc15e1-2350-4b26-9e3e-b8722707df47
129	2024-12-18 08:46:54.262587+00	24b0fb0f-52ea-4f2b-8b12-6f96a0d9a347	AzfijTXD oHnysENhrJEs	3		8	23bc15e1-2350-4b26-9e3e-b8722707df47
130	2024-12-18 08:46:54.2643+00	c6201ef3-ca7b-4c4b-b73d-43b033d6f44d	lOxgtelHxXNGdxn JWDdUXfON	3		8	23bc15e1-2350-4b26-9e3e-b8722707df47
131	2024-12-18 08:46:54.266007+00	e9e9b164-6096-4c65-90fb-c0073add7f3e	YXnjqQHCne jBkGaznIN	3		8	23bc15e1-2350-4b26-9e3e-b8722707df47
132	2024-12-18 08:46:54.267796+00	8b24efac-537d-4401-b48d-a75b82a8533b	gZGfIwNZy hugnrrqyXJBXTBk	3		8	23bc15e1-2350-4b26-9e3e-b8722707df47
133	2024-12-18 08:46:54.269409+00	1335eea8-914a-4495-bdc0-710daa242600	ukOTcwwfL bNWhmVAnfFIeQ	3		8	23bc15e1-2350-4b26-9e3e-b8722707df47
134	2024-12-18 08:46:54.271013+00	86413e2b-05a6-4dba-a72c-76a7da5e826f	xexdHDXrSuJix pKlJKpJfd	3		8	23bc15e1-2350-4b26-9e3e-b8722707df47
135	2024-12-18 08:46:54.272581+00	ae44cf51-3cf2-4e7f-a36d-507a3e1ec28f	PoEkStNVz CxaYKcPiiWz	3		8	23bc15e1-2350-4b26-9e3e-b8722707df47
136	2024-12-18 08:46:54.274219+00	961a6b17-5c74-4ee6-8d7c-82dc46b35dfe	yjGjsUbreJ kIzMYWIjYUe	3		8	23bc15e1-2350-4b26-9e3e-b8722707df47
137	2024-12-18 08:46:54.276013+00	37d08ab3-01cd-4227-921c-b28b0c330058	BZUSnglrhsy HiRoCjrYQipsgDx	3		8	23bc15e1-2350-4b26-9e3e-b8722707df47
138	2024-12-18 08:46:54.279551+00	e5d330fa-6526-4962-ac76-ba96d8d485f2	cmiixZUeeNKcR eGmzAAomgU	3		8	23bc15e1-2350-4b26-9e3e-b8722707df47
139	2024-12-18 08:46:54.287324+00	4ac657a7-9563-45c8-a0f2-8716f9aded9f	nwrDXSYKltHvwj IQkcpvXLhVtcUV	3		8	23bc15e1-2350-4b26-9e3e-b8722707df47
140	2024-12-18 08:46:54.289599+00	0492d46e-5a34-4146-a9ed-3922752a7477	HNhiKWIsB hzgBaoigZpldW	3		8	23bc15e1-2350-4b26-9e3e-b8722707df47
141	2024-12-18 08:46:54.291355+00	7fb8a3dd-eee7-4d46-839a-b5358c2f5a9b	azHWTYQicnngfG DvKGxZhYIIjQ	3		8	23bc15e1-2350-4b26-9e3e-b8722707df47
142	2024-12-18 08:46:54.293063+00	a5d2a219-0e6c-460d-97ff-17424f0106b1	LCDggaycMfOCEeO kKutBhQQLeINdMo	3		8	23bc15e1-2350-4b26-9e3e-b8722707df47
143	2024-12-18 08:46:54.294783+00	ea416824-074c-4926-bd3e-64fc55f80b63	FsoxfhuxNQnyh NczlEfVVO	3		8	23bc15e1-2350-4b26-9e3e-b8722707df47
144	2024-12-18 08:46:54.296677+00	ffcec93c-0552-461f-99f3-5f2e229a0ee3	qopyweUnpikKZR VMBbwuoYbYeo	3		8	23bc15e1-2350-4b26-9e3e-b8722707df47
145	2024-12-18 08:46:54.298334+00	82f71454-aaf5-4010-9e65-eb0973ed18f8	RzwROcTQWucmwKf dUpkMIKDZfSTIQz	3		8	23bc15e1-2350-4b26-9e3e-b8722707df47
146	2024-12-18 08:46:54.300013+00	ed30437d-5994-4c95-99b2-1c6870ec11d3	QbQsZPKmPkxlIsV tiArklfRQR	3		8	23bc15e1-2350-4b26-9e3e-b8722707df47
147	2024-12-18 08:46:54.301732+00	27aef689-fe6a-446f-86ac-f725bff31fa5	sGuQUjjdGtywdez JkYvtaaNDGes	3		8	23bc15e1-2350-4b26-9e3e-b8722707df47
148	2024-12-18 08:46:54.303414+00	83025f46-fda1-4bde-8100-8bdfd3c5b1c4	dOKrNwshVgBqlbc QHBGQuJe	3		8	23bc15e1-2350-4b26-9e3e-b8722707df47
149	2024-12-18 08:46:54.305104+00	fbc709dc-16b2-4bad-83ac-21c76136b813	vuAJJhqzWG mIKFihXDAlnZDIu	3		8	23bc15e1-2350-4b26-9e3e-b8722707df47
150	2024-12-18 08:46:54.306871+00	84117154-fe9f-4a73-b175-ee79bbae7695	VVRBMbkD EmJAlMEp	3		8	23bc15e1-2350-4b26-9e3e-b8722707df47
151	2024-12-18 08:46:54.308623+00	a6157f3b-2ec2-4bdb-a699-baf468a3791b	KHMdmQKhywHm nbZXComRUzh	3		8	23bc15e1-2350-4b26-9e3e-b8722707df47
152	2024-12-18 08:46:54.310138+00	b876ebf5-bfa0-4354-9242-7bffad6c1b83	lsquAPRppUA bTKnhYWOFqZFW	3		8	23bc15e1-2350-4b26-9e3e-b8722707df47
153	2024-12-18 08:46:54.311745+00	b7b66491-c68e-4207-876f-4c235dc1fdb6	MOGfAaYuGJoRWeO BhoxfDTLCPPYD	3		8	23bc15e1-2350-4b26-9e3e-b8722707df47
154	2024-12-18 08:46:54.313412+00	d8497f32-bcae-4535-9699-0c4ed7863653	PJzxiuQE EJEWvquvdT	3		8	23bc15e1-2350-4b26-9e3e-b8722707df47
155	2024-12-18 08:46:54.315319+00	cc64d9d9-b079-445c-9552-2b63027e7ac4	ufEaKwYq KlavBWPslXKQiZt	3		8	23bc15e1-2350-4b26-9e3e-b8722707df47
156	2024-12-18 08:46:54.316925+00	94f84200-da80-4be2-a870-7491080759c6	IeHzqUxHHzBy RhbOJsXhZmIlhSH	3		8	23bc15e1-2350-4b26-9e3e-b8722707df47
157	2024-12-18 08:46:54.319292+00	ea284921-d8cb-42ba-9d7b-76f5d0b269a1	JRVOLWOtfXVw ISxcqiAwY	3		8	23bc15e1-2350-4b26-9e3e-b8722707df47
158	2024-12-18 08:46:54.320906+00	39beba5d-323f-4269-aee0-12b3110a8626	BBRoqPlS iYORociQiFsYjW	3		8	23bc15e1-2350-4b26-9e3e-b8722707df47
159	2024-12-18 08:46:54.322703+00	cd747972-4482-4588-8daa-596294b1f3c4	aryhrNTBWZ rvJrnyorQZmeMcb	3		8	23bc15e1-2350-4b26-9e3e-b8722707df47
160	2024-12-18 08:46:54.324624+00	1d753477-218f-46f7-a01e-e31941c6fac7	pMDWFHvRUQByc oVvokLSNk	3		8	23bc15e1-2350-4b26-9e3e-b8722707df47
161	2024-12-18 08:46:54.326283+00	c95fe9d4-cfdf-4baf-96da-b182fb1fd112	BjmvhquoQGCK wkSutBOaITc	3		8	23bc15e1-2350-4b26-9e3e-b8722707df47
162	2024-12-18 08:46:54.327819+00	1e3c00bb-36e3-490b-8991-7e2ccde732f1	qjHkdmTb YyjoBgXzmtkv	3		8	23bc15e1-2350-4b26-9e3e-b8722707df47
163	2024-12-18 08:46:54.329495+00	7868e38e-926e-4a55-8a9c-91f7b2d4355a	ZVwBZVYlWdC BOWHkwnsJn	3		8	23bc15e1-2350-4b26-9e3e-b8722707df47
164	2024-12-18 08:46:54.331129+00	97d13e7a-a70a-448a-985f-613ebfa9d916	EavNScDPbzYB LBOWoFXUx	3		8	23bc15e1-2350-4b26-9e3e-b8722707df47
165	2024-12-18 08:46:54.332687+00	91e671d2-60f9-44f9-9f39-12fbdf951b25	lcBCHevlSowLVru hrchdWWOYkO	3		8	23bc15e1-2350-4b26-9e3e-b8722707df47
166	2024-12-18 08:46:54.334323+00	f3bf6068-822b-46e4-bcda-a41e68586863	EGKwIaXfCGjR xtagymfKxyYaq	3		8	23bc15e1-2350-4b26-9e3e-b8722707df47
167	2024-12-18 08:46:54.336067+00	cab12407-d17d-40a2-908d-eab2c05d7bed	zJXtkePXNGXxZ jSthaRojxnD	3		8	23bc15e1-2350-4b26-9e3e-b8722707df47
168	2024-12-18 08:46:54.337693+00	acf739df-574a-4a3e-aa1b-01f6c9d5d124	pGGYJTCMvVZY pFKUMhnnO	3		8	23bc15e1-2350-4b26-9e3e-b8722707df47
169	2024-12-18 08:46:54.339425+00	358ec4b2-14ea-4a6a-aecd-c4a74d93896f	PhFNpRIGNhxSzPE ZNjYpLDUxEx	3		8	23bc15e1-2350-4b26-9e3e-b8722707df47
170	2024-12-18 08:46:54.341021+00	d345ac5c-0b8e-44e7-aeae-985524ea04db	JpfGNCNwIRILoV ZVbHQjykRuBHzil	3		8	23bc15e1-2350-4b26-9e3e-b8722707df47
171	2024-12-18 08:46:54.34289+00	fe6ca0ba-ecc4-439d-a489-ae895a16b7de	FfMggVAymM yBieSjTpU	3		8	23bc15e1-2350-4b26-9e3e-b8722707df47
172	2024-12-18 08:46:54.344523+00	57bbcd5a-ee68-419e-a0b0-9e8292ba2655	iKXXedpt vLSasOST	3		8	23bc15e1-2350-4b26-9e3e-b8722707df47
173	2024-12-18 08:46:54.346084+00	ce79be26-a03f-46d3-90ae-9a3fa02d3935	PKYhOlrDJGGIce gDyWHDiyBmFM	3		8	23bc15e1-2350-4b26-9e3e-b8722707df47
174	2024-12-18 08:46:54.347665+00	dbf5e057-cc9a-4666-964a-1b51c658718d	liGiUvgAdjJ DzjnFceAo	3		8	23bc15e1-2350-4b26-9e3e-b8722707df47
175	2024-12-18 08:46:54.349232+00	83382fe8-9d32-4333-838e-bd7ad8122a3d	aCMokihvgwgOIg hgpEFNyanVp	3		8	23bc15e1-2350-4b26-9e3e-b8722707df47
176	2024-12-18 08:46:54.350803+00	9c45a5f0-dd05-459b-9da9-01cec0958879	tROTfsUbBH PgVkddcHxVzOh	3		8	23bc15e1-2350-4b26-9e3e-b8722707df47
177	2024-12-18 08:46:54.352331+00	772f06e1-0767-4114-96a9-b7e4a8e72352	MMYoHvrW FqedAkkeIWaPREy	3		8	23bc15e1-2350-4b26-9e3e-b8722707df47
178	2024-12-18 08:46:54.353915+00	b07b97be-7075-44d6-a66e-deacdfce3b9d	FBAxYcRw qjIiCUXfnE	3		8	23bc15e1-2350-4b26-9e3e-b8722707df47
179	2024-12-18 08:46:54.355544+00	68a8828c-e8c9-44f3-8d9a-0360f80c7ea4	yuMJdDlzb gWlShmfniS	3		8	23bc15e1-2350-4b26-9e3e-b8722707df47
180	2024-12-18 08:46:54.35703+00	09766c32-47b6-4b1a-93e3-b2224992383f	jPKSheoIuSb xxFnxRwaHj	3		8	23bc15e1-2350-4b26-9e3e-b8722707df47
181	2024-12-18 08:46:54.358716+00	77a74f86-e2ab-4a0d-b21f-435432137b7f	jVGgmVKL pAxUDYLfyB	3		8	23bc15e1-2350-4b26-9e3e-b8722707df47
182	2024-12-18 08:46:54.360539+00	8263bfc5-d784-43c5-8da3-807ce82a5350	YxgtdHpqo NFJkRPReMfodZ	3		8	23bc15e1-2350-4b26-9e3e-b8722707df47
183	2024-12-18 08:46:54.362108+00	d37f0f5a-8c8d-4736-8437-3c6986929745	KSAolCrPwmQAF vOPnrpxzCXmyHI	3		8	23bc15e1-2350-4b26-9e3e-b8722707df47
184	2024-12-18 08:46:54.363761+00	4d455f1e-cd7a-435a-885b-16acc47dba89	uQVgVCje WXzLVSZaF	3		8	23bc15e1-2350-4b26-9e3e-b8722707df47
185	2024-12-18 08:46:54.365418+00	abf3cfb5-f522-42a9-89d0-166613d501fc	AFADpZgrEKslbdg MZvDuAloRYjY	3		8	23bc15e1-2350-4b26-9e3e-b8722707df47
186	2024-12-18 08:46:54.366974+00	fe201d25-3edd-4ed5-b70b-ed0c40fd586a	couKRADfxDY nNBCiATNBgdZP	3		8	23bc15e1-2350-4b26-9e3e-b8722707df47
187	2024-12-18 08:46:54.36866+00	6de6b98f-8dab-4493-9336-9e6506d568c0	UMsEmGQNZKZzmr ASJMyrKYCJhx	3		8	23bc15e1-2350-4b26-9e3e-b8722707df47
188	2024-12-18 08:46:54.370364+00	ce8605dc-773d-4e6b-a074-4d292135029c	IkZHQBCIU QspAEUUMmcbE	3		8	23bc15e1-2350-4b26-9e3e-b8722707df47
189	2024-12-18 08:46:54.371979+00	8165747a-785c-43df-8462-fc044e92f302	LBjjPjtbssVcmgd hFIjOmdcCaNKTFC	3		8	23bc15e1-2350-4b26-9e3e-b8722707df47
190	2024-12-18 08:46:54.373643+00	0b6a57fc-ddb0-4778-b6d2-1dd49dbd604b	TvixjcHGJL GAVigHddyga	3		8	23bc15e1-2350-4b26-9e3e-b8722707df47
191	2024-12-18 08:46:54.375428+00	dd7725c0-dfa8-42c9-a839-89d81959ff31	duMmHNFsBfoqy btzBoCqibW	3		8	23bc15e1-2350-4b26-9e3e-b8722707df47
192	2024-12-18 08:46:54.377057+00	8f928090-fcd0-436e-a6cd-1ed803ef34a2	MbegLURAzpORQ tybIubDRDg	3		8	23bc15e1-2350-4b26-9e3e-b8722707df47
193	2024-12-18 08:46:54.378783+00	522fc129-f1fe-41c2-9987-8ed4c800f058	ZYIhWACtWCzPLbM btdLrXVM	3		8	23bc15e1-2350-4b26-9e3e-b8722707df47
194	2024-12-18 08:46:54.38045+00	865aa65b-f6d3-4c44-810c-388a7bbe0b7f	XiIBAMqRmMvht hGOkRNWS	3		8	23bc15e1-2350-4b26-9e3e-b8722707df47
195	2024-12-18 08:46:54.382322+00	d26c8c4d-54a7-41ca-ac4c-81af4da9a8ee	EqIgoXIi yHMOrqNplPmksz	3		8	23bc15e1-2350-4b26-9e3e-b8722707df47
196	2024-12-18 08:46:54.38399+00	3b1e7b5f-ffd5-454f-a55a-1b47f4d99edd	kUonVDasQKO mzvohnqpfWqHb	3		8	23bc15e1-2350-4b26-9e3e-b8722707df47
197	2024-12-18 08:46:54.385961+00	8d60bc52-5684-482c-a5de-8a3c7f8b6956	zRrePcmc vMBqHYxavdj	3		8	23bc15e1-2350-4b26-9e3e-b8722707df47
198	2024-12-18 08:46:54.388107+00	e0f40c80-f4dd-406a-be9b-5ca5eb51794b	GssNHotRh PHEulQlipfMcgZs	3		8	23bc15e1-2350-4b26-9e3e-b8722707df47
199	2024-12-18 08:46:54.390058+00	490b35a2-50c3-44a1-a490-401ad049b886	ojDnZhsptisOFPS YAfqahrGqZXIc	3		8	23bc15e1-2350-4b26-9e3e-b8722707df47
200	2024-12-18 08:48:43.62815+00	e2145fcf-f800-48f2-abbe-65941c98c190	ihavpvxLjhVxwhn ualtfbkS	3		8	23bc15e1-2350-4b26-9e3e-b8722707df47
201	2024-12-18 08:48:43.63229+00	b9f947fd-0a86-49c8-a984-5a33712d9276	KEqUkztO tXnpxRCB	3		8	23bc15e1-2350-4b26-9e3e-b8722707df47
202	2024-12-18 08:48:43.634288+00	2dd4b704-90b3-4fd9-ab48-e4eda79ca492	xOJGFkjkhTrCR DdijLgylrNc	3		8	23bc15e1-2350-4b26-9e3e-b8722707df47
203	2024-12-18 08:48:43.636085+00	f4d3a70e-3659-4660-8eaa-9e44af3aa4f5	eolZzTGMrFrKgbZ ZBsItwKCYu	3		8	23bc15e1-2350-4b26-9e3e-b8722707df47
204	2024-12-18 08:48:43.638063+00	f0013530-d54e-4f3b-bb4a-1d7d0fbe420e	XNdTikNJJJHN eKfbHbKjFAC	3		8	23bc15e1-2350-4b26-9e3e-b8722707df47
205	2024-12-18 08:48:43.64002+00	f96c964e-5257-4504-8cca-5f5ef0f97fa2	IGFlKOGv bFaHDCujY	3		8	23bc15e1-2350-4b26-9e3e-b8722707df47
206	2024-12-18 08:48:43.641912+00	f0c05e64-f6e0-485a-9efc-04e76cf86dd7	RpjnxQvThvIiN TzBEsFrnysQWXFg	3		8	23bc15e1-2350-4b26-9e3e-b8722707df47
207	2024-12-18 08:48:43.643756+00	4fd3ba92-2bcb-4b0c-8fb0-d1afc28e01d2	zYRAroarinkuCtq Xvfbajyrqnggg	3		8	23bc15e1-2350-4b26-9e3e-b8722707df47
208	2024-12-18 08:48:43.645643+00	48b3bc7b-9d03-4d47-ac6b-7de5d365e203	mrxHppYynQ mtaleYgbTAVrIs	3		8	23bc15e1-2350-4b26-9e3e-b8722707df47
209	2024-12-18 08:48:43.647678+00	bb20663b-b023-43f1-ba1e-f5f6d032ed3c	wyjIdelEBkWDFp YYRZbIjjvNZHl	3		8	23bc15e1-2350-4b26-9e3e-b8722707df47
210	2024-12-18 08:48:43.649599+00	f60ccc70-5b38-425f-829a-5eec318c78de	pIRjLMEHH WcskvhTQMLOgVJ	3		8	23bc15e1-2350-4b26-9e3e-b8722707df47
211	2024-12-18 08:48:43.651402+00	0a1ef299-ea05-4843-8e18-44defb0d3eb4	INkxPwcFlIXneMY NcrKTBIZVQSs	3		8	23bc15e1-2350-4b26-9e3e-b8722707df47
212	2024-12-18 08:48:43.653082+00	b549434a-9b72-432c-9cb4-8a5bc2c891dc	DVYnkNCPXO jKaAddDgESvWtVO	3		8	23bc15e1-2350-4b26-9e3e-b8722707df47
213	2024-12-18 08:48:43.654807+00	a92eec8a-b317-4cfe-89dd-35ea6472ac13	RqZhcqdmExuYob KmMzFbEZMN	3		8	23bc15e1-2350-4b26-9e3e-b8722707df47
214	2024-12-18 08:48:43.656467+00	15739935-4724-4844-b6ec-a85a5687e1e1	RpjiyTcr UNfxOuYJmCSYHIV	3		8	23bc15e1-2350-4b26-9e3e-b8722707df47
215	2024-12-18 08:48:43.658163+00	136ac59c-6d30-4872-896c-bc4ee3eb84ab	ZfNxaizHNK ZXYUhEcUg	3		8	23bc15e1-2350-4b26-9e3e-b8722707df47
216	2024-12-18 08:48:43.659881+00	40ea2c3a-dddd-4eef-ae8b-b79b098ca9be	XyZfKqTVi UCZYazdpH	3		8	23bc15e1-2350-4b26-9e3e-b8722707df47
217	2024-12-18 08:48:43.661542+00	b686ab74-efdd-4512-91f0-014235d19719	zzOgxSNQkgPTQ kRVtiInQxg	3		8	23bc15e1-2350-4b26-9e3e-b8722707df47
218	2024-12-18 08:48:43.663402+00	539bb665-2955-4c09-9a3a-f7956bee29aa	JMnKIrMQ RKbLfjZHc	3		8	23bc15e1-2350-4b26-9e3e-b8722707df47
219	2024-12-18 08:48:43.664994+00	e3692bca-202b-4e5d-aad8-d9faa1564f63	FVNiIJLlmvPIiDq atMiVZag	3		8	23bc15e1-2350-4b26-9e3e-b8722707df47
220	2024-12-18 08:48:43.666838+00	e6217d6f-4e43-4d11-a3f0-eb15aca7ba04	SbBVwptMVbT kckUWTsqRhIj	3		8	23bc15e1-2350-4b26-9e3e-b8722707df47
221	2024-12-18 08:48:43.668674+00	f1787554-6875-4961-9904-0bb310b023a8	aEMzKUMK DftjybbEiXGIO	3		8	23bc15e1-2350-4b26-9e3e-b8722707df47
222	2024-12-18 08:48:43.670566+00	83f16c48-c797-4029-8b91-b0defea590a2	CMvjsocC HdhriWBoN	3		8	23bc15e1-2350-4b26-9e3e-b8722707df47
223	2024-12-18 08:48:43.672345+00	b37fa356-412a-402d-b3d6-6eb3ee7cc263	ZFzaTojet SPTrydlDG	3		8	23bc15e1-2350-4b26-9e3e-b8722707df47
224	2024-12-18 08:48:43.674066+00	8a6104b1-f702-4bc2-8f55-cb2da10a1c1c	apakvfTJnBJQN ZLQiUoyN	3		8	23bc15e1-2350-4b26-9e3e-b8722707df47
225	2024-12-18 08:48:43.675719+00	a57b1841-c425-4f97-a513-c775b8fad06c	YuwECcKDIY NqmWRmtFrYvcGx	3		8	23bc15e1-2350-4b26-9e3e-b8722707df47
226	2024-12-18 08:48:43.677361+00	dc24b13a-4ed2-4012-bcb2-869049d53546	HbfFltMcNI zMiSayWU	3		8	23bc15e1-2350-4b26-9e3e-b8722707df47
227	2024-12-18 08:48:43.67917+00	5c605c10-3a89-44d6-b9f6-1cb569cd4262	szsKZhEJKucPlg qDMCADdxEbVz	3		8	23bc15e1-2350-4b26-9e3e-b8722707df47
228	2024-12-18 08:48:43.680941+00	54c1b315-beee-4613-a8a9-e3aa629dda9e	WjSWGNjzLn UEcomfEfFqPOgrE	3		8	23bc15e1-2350-4b26-9e3e-b8722707df47
229	2024-12-18 08:48:43.682946+00	ab71260b-fdcd-4c97-8b94-ff86c0da4aa8	sPglZLTjogO WWDGrybUplLi	3		8	23bc15e1-2350-4b26-9e3e-b8722707df47
230	2024-12-18 08:48:43.684727+00	27e578e5-2e8f-4f21-a0e9-48ba4d326114	PbiYVktcgikm hNKafzuCIvW	3		8	23bc15e1-2350-4b26-9e3e-b8722707df47
231	2024-12-18 08:48:43.686504+00	745b77bf-a9c3-4663-bc9c-069b017645fb	cbSoMyrWeHtgpPX NzVAAMXvivjrC	3		8	23bc15e1-2350-4b26-9e3e-b8722707df47
232	2024-12-18 08:48:43.688423+00	f8df4980-5c51-4d7b-a195-601fbda6b18e	KsLKfedabCNjlD JGPeAsQBcSASr	3		8	23bc15e1-2350-4b26-9e3e-b8722707df47
233	2024-12-18 08:48:43.690295+00	81e59d95-6be0-4d9b-8edb-da19bd4b792b	duCwKClcykgBSl njrpVldN	3		8	23bc15e1-2350-4b26-9e3e-b8722707df47
234	2024-12-18 08:48:43.692337+00	c1916e26-1d14-4b56-993f-06b3665c86f4	JvbzhRdIIwmEhi nDBWmykbEC	3		8	23bc15e1-2350-4b26-9e3e-b8722707df47
235	2024-12-18 08:48:43.694108+00	ca5b31a1-e6f0-4414-a046-442d581e61ca	xyXtkwMLRrkOlu eNEoRQdlsttrwq	3		8	23bc15e1-2350-4b26-9e3e-b8722707df47
236	2024-12-18 08:48:43.695868+00	bf077541-2444-46b9-9663-62dada07599e	gbdeahzVoSYNK xCOQYRpP	3		8	23bc15e1-2350-4b26-9e3e-b8722707df47
237	2024-12-18 08:48:43.697632+00	aba91144-9cdb-4779-bc0d-3136a807ce9d	eWlcfnwGBQcSe aWqASNzN	3		8	23bc15e1-2350-4b26-9e3e-b8722707df47
238	2024-12-18 08:48:43.699263+00	0c11c38c-e5fa-4c4c-9d2a-b28f6eb95c2a	evUlLmXBJOk mgIKnZwUUrLn	3		8	23bc15e1-2350-4b26-9e3e-b8722707df47
239	2024-12-18 08:48:43.700953+00	16a5ed90-830f-4042-b84a-856d2d24cf3c	xohlknkSJANsv nSajXbzlcoxA	3		8	23bc15e1-2350-4b26-9e3e-b8722707df47
240	2024-12-18 08:48:43.702668+00	34bbe7df-d5d6-45f4-8940-e2e8d0b97abf	FMBEmSFr hwaddFAOZOQLG	3		8	23bc15e1-2350-4b26-9e3e-b8722707df47
241	2024-12-18 08:48:43.705086+00	05650598-95fe-4a09-98c8-b4bac5a52453	SwosHqJzcx YvQrLlgSUhL	3		8	23bc15e1-2350-4b26-9e3e-b8722707df47
242	2024-12-18 08:48:43.706756+00	0e784e0a-4181-4cd8-bea2-4c866cadb9ec	GTwdcDkBslumm bJHkSflK	3		8	23bc15e1-2350-4b26-9e3e-b8722707df47
243	2024-12-18 08:48:43.708368+00	0d0a05c6-57e1-4fc7-814c-83f800ab4ccb	VzeGLJYucUvDRIp JKKEJdnWQMMdeo	3		8	23bc15e1-2350-4b26-9e3e-b8722707df47
244	2024-12-18 08:48:43.709926+00	63ae1f35-a8ec-41c3-aa31-ed16ca7cf7a8	ypfIxyKcIl BHMcbbpIpKvGAnI	3		8	23bc15e1-2350-4b26-9e3e-b8722707df47
245	2024-12-18 08:48:43.711697+00	4cb84081-0931-479b-8e4c-8e3fb6a6d2e3	tipvfuUvh zBYgdQZMLt	3		8	23bc15e1-2350-4b26-9e3e-b8722707df47
246	2024-12-18 08:48:43.713423+00	730e6ea1-03c7-4bf7-968e-17d484371b3f	cVUHEwaPSraf SOxmBUXjR	3		8	23bc15e1-2350-4b26-9e3e-b8722707df47
247	2024-12-18 08:48:43.715082+00	31ac8bce-1b3c-460f-b5d9-c2f1f3ffbb66	TzIocmghxDQGY rNonXcmdS	3		8	23bc15e1-2350-4b26-9e3e-b8722707df47
248	2024-12-18 08:48:43.716634+00	de718107-5c02-4ed7-9f06-5953ab4c767d	oqZjLkKDu nTpdMuEioZey	3		8	23bc15e1-2350-4b26-9e3e-b8722707df47
249	2024-12-18 08:48:43.718548+00	9543c69f-1fea-476a-b0d9-ca98bdeafaf0	JcakzAisFwtViwD cUoywCFuZBYYI	3		8	23bc15e1-2350-4b26-9e3e-b8722707df47
250	2024-12-18 08:48:43.7205+00	86b37316-12aa-4255-bbcd-d140486b1281	NKAEPejqKgpSEl hoIdJvHWAJxkU	3		8	23bc15e1-2350-4b26-9e3e-b8722707df47
251	2024-12-18 08:48:43.722309+00	0d270b26-f622-48f3-901e-a22eae554057	lSaAeJLHRtU eaydcOwaIXdfh	3		8	23bc15e1-2350-4b26-9e3e-b8722707df47
252	2024-12-18 08:48:43.723976+00	512d7c5c-a35c-4bd1-a3e3-1a848aad01f8	ljtHOGliNJgYTHf theIVmtB	3		8	23bc15e1-2350-4b26-9e3e-b8722707df47
253	2024-12-18 08:48:43.725641+00	bb1196a5-0926-4a86-a5a4-0c97cf435a9f	uCfLIeeC ABkZgSYagdBPWmW	3		8	23bc15e1-2350-4b26-9e3e-b8722707df47
254	2024-12-18 08:48:43.727337+00	e853683d-34b0-431c-9b63-22a090eb5229	NCzyQFQmwOjZf OOwWJIQgCWZ	3		8	23bc15e1-2350-4b26-9e3e-b8722707df47
255	2024-12-18 08:48:43.728993+00	b4ea3fd3-6b00-4944-a2a8-e9c1348674c1	dFoAvRlFUjoiLHM DmkPCLJtBzd	3		8	23bc15e1-2350-4b26-9e3e-b8722707df47
256	2024-12-18 08:48:43.730734+00	d0190614-73c8-4a88-8cf6-6b6c984ab24b	oeKVrVkyXiMM WdcnEncedPei	3		8	23bc15e1-2350-4b26-9e3e-b8722707df47
257	2024-12-18 08:48:43.732367+00	537a87d0-d791-4e88-9fa6-cdf3033c95e0	QRJyKvaWjICydxK UVxnrmGijAzHJA	3		8	23bc15e1-2350-4b26-9e3e-b8722707df47
258	2024-12-18 08:48:43.734115+00	7beeef5a-f915-4a64-8d22-3e33fd874100	TYNuEYrFBVljY UPGwPeoeqYD	3		8	23bc15e1-2350-4b26-9e3e-b8722707df47
259	2024-12-18 08:48:43.735788+00	2c06c6da-dbde-4a18-9ba2-b909b56b318d	DgHJPGiyRZg WlwLCbPprqh	3		8	23bc15e1-2350-4b26-9e3e-b8722707df47
260	2024-12-18 08:48:43.73743+00	04ab8afe-7363-47aa-95af-0a2a26b5e6ce	ARkVNxSxl IFnSWWvoCDbOp	3		8	23bc15e1-2350-4b26-9e3e-b8722707df47
261	2024-12-18 08:48:43.738969+00	192fd293-4891-48d9-8808-e34c7a5885b6	nZsIOiOYFlkDZl xPqZesQaiqBaJx	3		8	23bc15e1-2350-4b26-9e3e-b8722707df47
262	2024-12-18 08:48:43.74073+00	ac7fc30d-d1a9-43ac-81a1-be35c8b96ba1	YJqBWBuLcjxqsm YFiNPDoMFqLUjNw	3		8	23bc15e1-2350-4b26-9e3e-b8722707df47
263	2024-12-18 08:48:43.742391+00	8c65cce5-245f-405a-a4b0-8818fef37cca	iQWkmEmWyvjo MUHBXQVSzZ	3		8	23bc15e1-2350-4b26-9e3e-b8722707df47
264	2024-12-18 08:48:43.743973+00	e3f6429f-5649-4ae0-9cdf-60fc834db806	thtSKFqR mQCBraSbsgnM	3		8	23bc15e1-2350-4b26-9e3e-b8722707df47
265	2024-12-18 08:48:43.745652+00	ed6afd3d-7762-4460-9b9e-743aaaa15bb1	WyxNekODOGx ERswLQiHgKTogyf	3		8	23bc15e1-2350-4b26-9e3e-b8722707df47
266	2024-12-18 08:48:43.747722+00	a583b329-758f-4836-a639-90b783162cdb	buxkStrVlv TqBkhViMizttwjM	3		8	23bc15e1-2350-4b26-9e3e-b8722707df47
267	2024-12-18 08:48:43.749566+00	b342170d-6118-421a-b92a-362afbad5ab6	qltIBkqTg NqchQFTR	3		8	23bc15e1-2350-4b26-9e3e-b8722707df47
268	2024-12-18 08:48:43.751229+00	4789c771-a684-4134-9519-a11f6510b6f1	eqJjfVCoUomY GzyWrWiiHApwuoI	3		8	23bc15e1-2350-4b26-9e3e-b8722707df47
269	2024-12-18 08:48:43.753315+00	06bff3dd-6650-4394-9c07-009306722d7e	YIbkuvQQfPWvil wnFPDBQKhCx	3		8	23bc15e1-2350-4b26-9e3e-b8722707df47
270	2024-12-18 08:48:43.755327+00	93408d5c-70d8-466e-b85f-69f8a41a5d7e	ifWRkhQgJ tUgOGNkrrlk	3		8	23bc15e1-2350-4b26-9e3e-b8722707df47
271	2024-12-18 08:48:43.756998+00	a9461eec-8f8e-4bca-9d66-64edb5e8d70b	xDfrWTYCLDJxXL hDvdFCxouX	3		8	23bc15e1-2350-4b26-9e3e-b8722707df47
272	2024-12-18 08:48:43.75867+00	a5989a07-caaf-434c-a9ab-228ec7e926fa	TbTTZcQOllLF PFLQGZal	3		8	23bc15e1-2350-4b26-9e3e-b8722707df47
273	2024-12-18 08:48:43.760571+00	5725309e-a3e9-45ce-9604-f2f374742b23	eBbcJiCWGs KKqDglQSOYHD	3		8	23bc15e1-2350-4b26-9e3e-b8722707df47
274	2024-12-18 08:48:43.762723+00	3caadc47-aa57-4324-b912-35c4c87fba0e	ESBgvfRqle fPMvZduby	3		8	23bc15e1-2350-4b26-9e3e-b8722707df47
275	2024-12-18 08:48:43.76451+00	e0099c95-d666-4f32-b9ca-9ffba8051f3d	nLNXBNxwMuYwl moVDrguUo	3		8	23bc15e1-2350-4b26-9e3e-b8722707df47
276	2024-12-18 08:48:43.766182+00	f1872906-8ccb-4071-82b7-abe253832628	VRyxGgyLeXwZy AWvxTJtBgQE	3		8	23bc15e1-2350-4b26-9e3e-b8722707df47
277	2024-12-18 08:48:43.768189+00	d785e04a-885b-4705-a646-2bbefabaf7e3	UaNaIHCamD WMgTYRkiZWAPtDx	3		8	23bc15e1-2350-4b26-9e3e-b8722707df47
278	2024-12-18 08:48:43.769948+00	cdd2d726-e397-43b6-8e42-6caefe282b8b	PRuwrSJKXP eQTaABraXrYFuj	3		8	23bc15e1-2350-4b26-9e3e-b8722707df47
279	2024-12-18 08:48:43.771754+00	b957c8a9-8322-4bdc-a7d5-51252ceea0b1	PKhLkyhvwoDPTO TXxrsxQWxK	3		8	23bc15e1-2350-4b26-9e3e-b8722707df47
280	2024-12-18 08:48:43.773606+00	dc568861-2c64-4b7f-ba7c-6fd6e627e49d	lBnXxOXm NfKbwyPV	3		8	23bc15e1-2350-4b26-9e3e-b8722707df47
281	2024-12-18 08:48:43.77534+00	8ecddb63-5e49-4afb-9a13-c43588e7081e	EvozAYwZcxfkqKR fUZaEwsO	3		8	23bc15e1-2350-4b26-9e3e-b8722707df47
282	2024-12-18 08:48:43.776986+00	a8e11078-b495-4dd1-a6fb-cee8a8e01999	WsRbLiKoJj RYjoKHrJYq	3		8	23bc15e1-2350-4b26-9e3e-b8722707df47
283	2024-12-18 08:48:43.77865+00	2ea00642-d98c-40a3-8ff8-f446a4a411b3	ZazTdgeewUuC JxbEWeVDmgIc	3		8	23bc15e1-2350-4b26-9e3e-b8722707df47
284	2024-12-18 08:48:43.780279+00	4e89c0c7-1849-4171-9aa2-5f15e8b1f183	kRmjZOJVbSbDP buWYnbAP	3		8	23bc15e1-2350-4b26-9e3e-b8722707df47
285	2024-12-18 08:48:43.782074+00	3ccfc6d1-d098-4fbe-9fc5-611236b5e044	kROGLavhWp IJITPjcaLFnbaaS	3		8	23bc15e1-2350-4b26-9e3e-b8722707df47
286	2024-12-18 08:48:43.783924+00	2452516d-d198-4fc5-9c20-a24f1dbd891d	mnyqCDMYdsqc rniXZYkXQxcP	3		8	23bc15e1-2350-4b26-9e3e-b8722707df47
287	2024-12-18 08:48:43.785623+00	f2bc5367-53ff-4f42-b4ef-d851a08ee858	QPrCIBgrZiHDFDP oKesKTdVjvSh	3		8	23bc15e1-2350-4b26-9e3e-b8722707df47
288	2024-12-18 08:48:43.787214+00	d117976a-5900-4176-90c7-b60b949c85f5	cKHMobYwZYbCb DQwjGzDvqtJ	3		8	23bc15e1-2350-4b26-9e3e-b8722707df47
289	2024-12-18 08:48:43.78902+00	9a7df2d2-1f26-477d-95e3-9c7c464425f2	uFPbagcjvTycFX BsHgQxAh	3		8	23bc15e1-2350-4b26-9e3e-b8722707df47
290	2024-12-18 08:48:43.790692+00	753c891f-92d2-4198-8ddc-c5f0b0a13093	uzBBidgqwGA EvcGnUXeOEzKRrm	3		8	23bc15e1-2350-4b26-9e3e-b8722707df47
291	2024-12-18 08:48:43.792222+00	286e652e-62f4-4484-8618-78f59623d810	MDUhKtuJD puiOPFbEshYCjZX	3		8	23bc15e1-2350-4b26-9e3e-b8722707df47
292	2024-12-18 08:48:43.793779+00	4cf96694-c643-4841-b08c-d7aba5319c51	uYTafSQnsVmcRq oLaWouumJj	3		8	23bc15e1-2350-4b26-9e3e-b8722707df47
293	2024-12-18 08:48:43.795514+00	26f466b3-66e0-4df3-9c31-84ef43c85b0d	TuGUClHdKaZ VqLBzBdvBuUacf	3		8	23bc15e1-2350-4b26-9e3e-b8722707df47
294	2024-12-18 08:48:43.797114+00	caa79dc7-2cc7-475c-b497-bbb2ce879d5f	JSpCdTZug htjESxlZCz	3		8	23bc15e1-2350-4b26-9e3e-b8722707df47
295	2024-12-18 08:48:43.798882+00	bb1aa000-edfd-42a8-bab3-ea0fa0186b37	XMmeCjjvxgIAA OpCoXhqkaIMPg	3		8	23bc15e1-2350-4b26-9e3e-b8722707df47
296	2024-12-18 08:48:43.800423+00	a38e7514-b3fd-493e-8e59-e33b2206b7ea	YkCBZNDCWS szijDEGPdvqNldh	3		8	23bc15e1-2350-4b26-9e3e-b8722707df47
297	2024-12-18 08:48:43.802123+00	f4fb9723-9805-406a-84f3-7a7c602f3767	EycTqDDejCYe JnDMZSVorey	3		8	23bc15e1-2350-4b26-9e3e-b8722707df47
298	2024-12-18 08:48:43.805765+00	0c8b929e-ee7f-4aff-b64d-ab5188e006d1	wYrpOpeXegtENQx WXxbhMSZ	3		8	23bc15e1-2350-4b26-9e3e-b8722707df47
299	2024-12-18 08:48:43.807535+00	ab88f76d-d8c1-4f9d-b43a-42206ede36f9	rKQquDNDqE gipmXKalkMPqN	3		8	23bc15e1-2350-4b26-9e3e-b8722707df47
300	2024-12-18 08:49:08.718204+00	f7f22008-b9e9-4791-a620-fcc7841ff046	VJYVOzmJNTJtXE XUsvzfSzuyeTB	3		8	23bc15e1-2350-4b26-9e3e-b8722707df47
301	2024-12-18 08:49:08.723156+00	f4d78005-5598-4496-a9c4-458361b9a7e1	UmVPBoZAdClKGOA vXZGtlGc	3		8	23bc15e1-2350-4b26-9e3e-b8722707df47
302	2024-12-18 08:49:08.725395+00	5445ee23-e95f-4b45-abf4-fc911ff3c808	HURDwEbPqQRJg QPKkHtxU	3		8	23bc15e1-2350-4b26-9e3e-b8722707df47
303	2024-12-18 08:49:08.727466+00	94fdc024-6682-476d-8ba1-c8c8dc213c94	GaRlgwQCcdX xRFLWYdphH	3		8	23bc15e1-2350-4b26-9e3e-b8722707df47
304	2024-12-18 08:49:08.729739+00	e055e1c1-f0a9-425c-8c2f-c0f775812774	JJEXPYDimo BumYFPMPYrRc	3		8	23bc15e1-2350-4b26-9e3e-b8722707df47
305	2024-12-18 08:49:08.731901+00	99a0c1e3-36d6-4d43-98f1-ba68a608bc90	fBdCohxGauL wfWMXdHbxpuNat	3		8	23bc15e1-2350-4b26-9e3e-b8722707df47
306	2024-12-18 08:49:08.734657+00	bc5604db-9d42-4489-9ed2-97a0b609ba92	vGUQXOWU EsDmUkhEB	3		8	23bc15e1-2350-4b26-9e3e-b8722707df47
307	2024-12-18 08:49:08.736509+00	017b6261-664b-454f-9aa3-fe9838bc9f42	lalGWOISwBQj VEtWdiKGDR	3		8	23bc15e1-2350-4b26-9e3e-b8722707df47
308	2024-12-18 08:49:08.738371+00	d0671d1a-c709-46c6-8457-158717be62ce	cjWrEXfHlyiJeC jJOcTPCYbmWkYq	3		8	23bc15e1-2350-4b26-9e3e-b8722707df47
309	2024-12-18 08:49:08.740352+00	b395654d-d1bb-4b26-887b-4467f88b4cac	eYEQipApSFvbhx SFBPURCAj	3		8	23bc15e1-2350-4b26-9e3e-b8722707df47
310	2024-12-18 08:49:08.742296+00	7935a815-251e-4ec9-a8ec-865fece2394c	VCjhgHoWYouswiA OkwOvPjz	3		8	23bc15e1-2350-4b26-9e3e-b8722707df47
311	2024-12-18 08:49:08.744219+00	42257153-7457-403a-b718-2d5f6383df20	KBekNohfi zSRtxjIEQukaJuy	3		8	23bc15e1-2350-4b26-9e3e-b8722707df47
312	2024-12-18 08:49:08.746344+00	a846805c-9c08-4008-902c-18d8987ac01b	PidrjeOaCdWwC eAWIddPlhEvaHL	3		8	23bc15e1-2350-4b26-9e3e-b8722707df47
313	2024-12-18 08:49:08.748309+00	3e4ed7c1-154b-461e-815d-53972c046b4e	gsdQFugNRKLyO vbZPaiuFZKn	3		8	23bc15e1-2350-4b26-9e3e-b8722707df47
314	2024-12-18 08:49:08.749939+00	82e9637b-c4e7-425e-b5f6-31303c9d099c	dhcMoDRbKgNrH kcFjOVpNdUW	3		8	23bc15e1-2350-4b26-9e3e-b8722707df47
315	2024-12-18 08:49:08.751649+00	abe10de8-67df-4da7-a925-5c04cefdd6b5	bkqjVSBCxv rrJbTMbrLF	3		8	23bc15e1-2350-4b26-9e3e-b8722707df47
316	2024-12-18 08:49:08.75336+00	fa3f3b35-5844-4a8c-90cc-a4e6d62fe0f3	WXJgtErNmR aWGbApTIGmekgc	3		8	23bc15e1-2350-4b26-9e3e-b8722707df47
317	2024-12-18 08:49:08.755037+00	7087b59c-6ce2-411c-be4a-c629d52fb808	yfdqbSFHZoHa oSULWbAX	3		8	23bc15e1-2350-4b26-9e3e-b8722707df47
318	2024-12-18 08:49:08.756712+00	bf6c2edc-f9d6-43f0-aea7-54237ff7b83b	JuHvjjoHjQxnIj QqcSgoOoEzHbjy	3		8	23bc15e1-2350-4b26-9e3e-b8722707df47
319	2024-12-18 08:49:08.758831+00	3efee41e-d590-4551-b74b-512e5034aaaa	zGelqWoTKMXS uQkEEmiPVjfaJ	3		8	23bc15e1-2350-4b26-9e3e-b8722707df47
320	2024-12-18 08:49:08.761092+00	5b41fdfb-ebf0-4c06-b383-9b8906082a78	wuwELeBBAC YyznStxKWJ	3		8	23bc15e1-2350-4b26-9e3e-b8722707df47
321	2024-12-18 08:49:08.763078+00	03f23261-cdcc-45ce-a3f1-c90bf78a42ea	HTlNeWzeZTLWXm YaiggJccfYmyyq	3		8	23bc15e1-2350-4b26-9e3e-b8722707df47
322	2024-12-18 08:49:08.765042+00	90799564-aaa2-48e8-90d0-0c307248de5b	kTQahubO hJQZThUa	3		8	23bc15e1-2350-4b26-9e3e-b8722707df47
323	2024-12-18 08:49:08.767614+00	3d9a2fb2-9082-44be-bd09-d11aa802dee1	NHjzQltD lkMmIWZmM	3		8	23bc15e1-2350-4b26-9e3e-b8722707df47
324	2024-12-18 08:49:08.769527+00	af0cfa49-2667-4ee1-a0c9-64572214e970	aprShgQXfsfAbEf IIHeCujEXsuSSW	3		8	23bc15e1-2350-4b26-9e3e-b8722707df47
325	2024-12-18 08:49:08.77119+00	cb6c751c-ab2b-47b1-b8fb-c963d8494b84	vZOVaCTOTfzN zgJwCTHnh	3		8	23bc15e1-2350-4b26-9e3e-b8722707df47
326	2024-12-18 08:49:08.772978+00	ce2c816f-3b77-4e53-a6fe-cce75dfa7312	wizGgTkBTeRgQ lDrMUUxR	3		8	23bc15e1-2350-4b26-9e3e-b8722707df47
327	2024-12-18 08:49:08.775126+00	24bce6a2-3815-407f-86e0-29b1b8634dd1	rZIMLwiHW NJijEdJjEAu	3		8	23bc15e1-2350-4b26-9e3e-b8722707df47
328	2024-12-18 08:49:08.779179+00	0f302645-b662-44e9-a49e-9951fc332ea9	TissOuqc ngFAdMutGVzP	3		8	23bc15e1-2350-4b26-9e3e-b8722707df47
329	2024-12-18 08:49:08.781229+00	e75194d2-df80-4a9f-b056-2c0a464658dd	uDngELMligyHY vSLQdTibn	3		8	23bc15e1-2350-4b26-9e3e-b8722707df47
330	2024-12-18 08:49:08.784722+00	f7a8999e-666f-4807-a64d-0d0888ba6ea2	CqCppMqgD hkDMMiErAhe	3		8	23bc15e1-2350-4b26-9e3e-b8722707df47
331	2024-12-18 08:49:08.786594+00	a0e66b12-2b5a-47e9-8169-cc2aab3dc376	nKBlrUiNz hyZUlBhrXTKJ	3		8	23bc15e1-2350-4b26-9e3e-b8722707df47
332	2024-12-18 08:49:08.788823+00	c1a9dbd2-db6e-4197-aa6c-5bbdbacf907c	KHzzXIKDgYJHKTB DbEHTuJvmJRuiW	3		8	23bc15e1-2350-4b26-9e3e-b8722707df47
333	2024-12-18 08:49:08.790924+00	e56d65d8-72b4-471e-8546-1d5e3843a372	ejkEQGgmvkkvvP TFRCPCzqurSVs	3		8	23bc15e1-2350-4b26-9e3e-b8722707df47
334	2024-12-18 08:49:08.793463+00	24b3328f-4d78-4929-bebf-fbfa8ab50e35	yicmbSTHbIDlTo mqHYvyZDT	3		8	23bc15e1-2350-4b26-9e3e-b8722707df47
335	2024-12-18 08:49:08.795645+00	81ad8bbd-30f8-413e-b608-858ad4d92079	CuSqKGJM lGRGOnbNKHwvBi	3		8	23bc15e1-2350-4b26-9e3e-b8722707df47
336	2024-12-18 08:49:08.797811+00	eda35bca-049a-427d-89aa-9e099aebf5dd	adugcmSWwxeEs PPCvElLlEMtgPI	3		8	23bc15e1-2350-4b26-9e3e-b8722707df47
337	2024-12-18 08:49:08.799688+00	b5aa3474-ac92-4c99-8a3d-789cef7680f6	mJrHFPFO NcOTlQLIiVSoA	3		8	23bc15e1-2350-4b26-9e3e-b8722707df47
338	2024-12-18 08:49:08.801413+00	be1bf4fa-3e72-4251-9385-92d08b39c6c7	AScgSeaMLYFY MveFpgicxfig	3		8	23bc15e1-2350-4b26-9e3e-b8722707df47
339	2024-12-18 08:49:08.803206+00	3ac13ccf-4c5c-4c04-919e-5ae13d2290da	wnHcnGbr sLmWgxwtLOBGzyS	3		8	23bc15e1-2350-4b26-9e3e-b8722707df47
340	2024-12-18 08:49:08.805092+00	31c71775-e5de-4d75-ae18-2508b9db13ad	iEQJOpMXAQtLKn DElEBHlU	3		8	23bc15e1-2350-4b26-9e3e-b8722707df47
341	2024-12-18 08:49:08.806814+00	d1034f0f-e0ed-40a8-994d-1408204a61eb	dSKvknpuT WmkrAJbXIPKOlF	3		8	23bc15e1-2350-4b26-9e3e-b8722707df47
342	2024-12-18 08:49:08.808585+00	d87bb3d5-a772-4ae3-a05d-6e93be4ad2f6	eYvRKzStUzz JGjhIkwC	3		8	23bc15e1-2350-4b26-9e3e-b8722707df47
343	2024-12-18 08:49:08.810245+00	b3d0b46e-f4f7-42f9-83b8-0fd05a12c8f8	jJYDRfAtLm owHjOcVQHnGwp	3		8	23bc15e1-2350-4b26-9e3e-b8722707df47
344	2024-12-18 08:49:08.812011+00	2de771e0-9e7b-485e-905b-c2e4873f9cc9	LmNxGYsjzBIKN YbcZsGQbmeIWF	3		8	23bc15e1-2350-4b26-9e3e-b8722707df47
345	2024-12-18 08:49:08.813657+00	a7375b6f-2cf4-4550-b2dc-b89a3000ef25	QDHOYnUzv btCOKToWlWqF	3		8	23bc15e1-2350-4b26-9e3e-b8722707df47
346	2024-12-18 08:49:08.815367+00	a75de713-83ec-48de-b724-d1d2373637d6	YLFPiwKXwQzizwz wQTwCYOMGmck	3		8	23bc15e1-2350-4b26-9e3e-b8722707df47
347	2024-12-18 08:49:08.816983+00	8b79276d-bbc5-4361-a30d-cc17687db56e	eQXXyJFRIVob KBRRynlDbI	3		8	23bc15e1-2350-4b26-9e3e-b8722707df47
348	2024-12-18 08:49:08.819151+00	ccdc3f56-1ff4-40b5-868b-9a5b2617a1ab	dfyJOoVqTXzS bLBfEaotM	3		8	23bc15e1-2350-4b26-9e3e-b8722707df47
349	2024-12-18 08:49:08.821216+00	fcff940c-dd1e-44e0-8a2b-7f14db50537c	XwGeBWdy OcJlAHiB	3		8	23bc15e1-2350-4b26-9e3e-b8722707df47
350	2024-12-18 08:49:08.823001+00	64584b61-dfb5-44c3-891d-8ec8f895770a	ciVcelHXctKhtB GfzoGbElsn	3		8	23bc15e1-2350-4b26-9e3e-b8722707df47
351	2024-12-18 08:49:08.824653+00	81b9a38b-cdcb-446b-a591-c441f4daa808	hcfkJMfEmiaYU QhnLKRcVXKjJELr	3		8	23bc15e1-2350-4b26-9e3e-b8722707df47
352	2024-12-18 08:49:08.826373+00	9326a167-9996-47f8-85f3-ff08ed462db7	iqjODhnRExZZ fWAvPCUluO	3		8	23bc15e1-2350-4b26-9e3e-b8722707df47
353	2024-12-18 08:49:08.827989+00	04fcdf07-b7c2-4c23-a8d2-03ce241cbfb0	EwZOzoLHhZUU tJOYHziVmRCQ	3		8	23bc15e1-2350-4b26-9e3e-b8722707df47
354	2024-12-18 08:49:08.829646+00	ac278fb3-7ddc-4b8c-ad8c-76312ebab3e2	vCEVivyF OIgcfHAXYATqAmF	3		8	23bc15e1-2350-4b26-9e3e-b8722707df47
355	2024-12-18 08:49:08.831503+00	a3c97967-3252-4648-9887-a3077812b7b9	aldRhBNswTXt KrJTtEWV	3		8	23bc15e1-2350-4b26-9e3e-b8722707df47
356	2024-12-18 08:49:08.833079+00	fded6f3a-3c4d-45b0-9231-7e51da588291	DLslXyhYsAriZ hYSxgfSMSmnBidX	3		8	23bc15e1-2350-4b26-9e3e-b8722707df47
357	2024-12-18 08:49:08.83538+00	e3efc655-71dc-42d9-b036-4a00a852316f	MbivxDqpMPvPEiV WqLOHUaQF	3		8	23bc15e1-2350-4b26-9e3e-b8722707df47
358	2024-12-18 08:49:08.837712+00	0a1f8b00-ecf9-445c-ba15-6967b1bdc27e	zrpaYYgN rjifutSzTAOLnlv	3		8	23bc15e1-2350-4b26-9e3e-b8722707df47
359	2024-12-18 08:49:08.839513+00	e343d3f2-b7f9-4c3f-b8df-83be5ed4265d	taSxWEhpdjnwdw XXFlkWlRvy	3		8	23bc15e1-2350-4b26-9e3e-b8722707df47
360	2024-12-18 08:49:08.841137+00	8a5966a3-c56a-4878-b033-f4220a990df2	gWZSHtecKTKLSgE jrItiwxHcS	3		8	23bc15e1-2350-4b26-9e3e-b8722707df47
361	2024-12-18 08:49:08.842825+00	dc9c3577-727f-4747-867b-e043613166f4	jwfBGimnuRZxqR NJinUMIg	3		8	23bc15e1-2350-4b26-9e3e-b8722707df47
362	2024-12-18 08:49:08.844525+00	eeca9942-ead3-4369-84bd-7fcd709d5606	SKbDfscsqqiU MpVlwzbxHM	3		8	23bc15e1-2350-4b26-9e3e-b8722707df47
363	2024-12-18 08:49:08.846207+00	0760993f-f4b2-494b-8de4-421cad2c87cf	LVCLJfjT SlVrBaCzy	3		8	23bc15e1-2350-4b26-9e3e-b8722707df47
364	2024-12-18 08:49:08.84815+00	422699fd-271f-4e44-9ae8-7131d1ec51aa	qcWqRTqIcFJh kmerCTdVA	3		8	23bc15e1-2350-4b26-9e3e-b8722707df47
365	2024-12-18 08:49:08.849868+00	16355cd5-3877-4a02-8099-ef199c5bdbea	inVJZFvCrcAfqXP xghdvKsMb	3		8	23bc15e1-2350-4b26-9e3e-b8722707df47
366	2024-12-18 08:49:08.854723+00	53853560-f573-4156-87a6-b48af9c6005c	VzXPManQhobLp RkWYUYaVjq	3		8	23bc15e1-2350-4b26-9e3e-b8722707df47
367	2024-12-18 08:49:08.856658+00	6c1f8f8c-50a9-4a27-906b-b28edd082be8	yPyaidSqNAYT sbRTZqXTX	3		8	23bc15e1-2350-4b26-9e3e-b8722707df47
368	2024-12-18 08:49:08.858433+00	8ccd6f6c-2aa0-49ad-8ce8-9664c397e0a5	YokVZeTLgzjoD nfCvTQoY	3		8	23bc15e1-2350-4b26-9e3e-b8722707df47
369	2024-12-18 08:49:08.860058+00	fb4bb274-f5e9-47d3-9e0d-e91c3b5a95c4	UnUhIjZVLgP ouMnufMxakjJ	3		8	23bc15e1-2350-4b26-9e3e-b8722707df47
370	2024-12-18 08:49:08.86177+00	c0f1c0c6-5a0d-4a3c-acfc-16dd004d8d47	ItgreqKrUf TbLSLggtKrtWU	3		8	23bc15e1-2350-4b26-9e3e-b8722707df47
371	2024-12-18 08:49:08.863395+00	92866c4d-ce7b-44e0-98e2-527843d0f10c	JWNtAJYjxyjhSi ZwgqxczcBou	3		8	23bc15e1-2350-4b26-9e3e-b8722707df47
372	2024-12-18 08:49:08.865019+00	b4b6b44a-1cc0-4f8a-ae78-5be0b419b113	hcxkhDblIJJlxht qDceGLIoRdjMxe	3		8	23bc15e1-2350-4b26-9e3e-b8722707df47
373	2024-12-18 08:49:08.86671+00	5125a1d3-4576-4efa-97c6-115618a09571	hCAckCaVWGj bZhsRZbkjmlb	3		8	23bc15e1-2350-4b26-9e3e-b8722707df47
374	2024-12-18 08:49:08.868333+00	d6f48480-be4a-4b79-94fc-f8e17c263074	XdUnPfEpQe rmViHUAtEa	3		8	23bc15e1-2350-4b26-9e3e-b8722707df47
375	2024-12-18 08:49:08.869999+00	44080943-3cf5-4228-9551-080c1c1f285f	mIwVgBcucud RkuNWyMP	3		8	23bc15e1-2350-4b26-9e3e-b8722707df47
376	2024-12-18 08:49:08.871682+00	69f8c242-0341-4eaa-9875-0ff300ea9e40	urfejLlMs WvZnyFtl	3		8	23bc15e1-2350-4b26-9e3e-b8722707df47
377	2024-12-18 08:49:08.873292+00	11343b79-f72d-4f48-9e15-a89d43371965	yFBEOyJQEcG bVHkjqkGIqT	3		8	23bc15e1-2350-4b26-9e3e-b8722707df47
378	2024-12-18 08:49:08.874984+00	9d2a1322-9f4d-45d9-9704-d1273b4c6d93	ImBhjmNw zAuasQaUxDdWHn	3		8	23bc15e1-2350-4b26-9e3e-b8722707df47
379	2024-12-18 08:49:08.876669+00	04b43279-29b1-481f-bf2c-d3fc9189e206	bAcOjdKCZxDqd qvvBWJwNKlESeVH	3		8	23bc15e1-2350-4b26-9e3e-b8722707df47
380	2024-12-18 08:49:08.878289+00	2432fa47-3217-41e7-99fb-e85886d4a9a0	EWuyHPfjIa gLzhlRJt	3		8	23bc15e1-2350-4b26-9e3e-b8722707df47
381	2024-12-18 08:49:08.87981+00	3dd2cf36-7945-464d-b3b8-1d31f21f8371	rTvboHjPPdVif kOGxisDq	3		8	23bc15e1-2350-4b26-9e3e-b8722707df47
382	2024-12-18 08:49:08.881415+00	03f63000-fa09-4d83-986e-057124b1ce1e	PVznJZGxqDVqJ LApgAjtG	3		8	23bc15e1-2350-4b26-9e3e-b8722707df47
383	2024-12-18 08:49:08.883009+00	6755b8a6-b1f7-4c82-a6a7-a5aa116ffcb0	iefvgTEki VfzsFJYteDeosO	3		8	23bc15e1-2350-4b26-9e3e-b8722707df47
384	2024-12-18 08:49:08.884728+00	44b42a0b-354c-4da4-88f9-112510c9d9f1	qFYfKDvaeJzY VoMPdpVvCcrmDGs	3		8	23bc15e1-2350-4b26-9e3e-b8722707df47
385	2024-12-18 08:49:08.886428+00	8673b2bf-e0e1-40ad-adbe-0d68bc94b940	ldRZXSotLRqVFS uMEmcoDTxbgNK	3		8	23bc15e1-2350-4b26-9e3e-b8722707df47
386	2024-12-18 08:49:08.888182+00	abffa8be-3471-4d46-b88a-ba0f33486db8	PhmcrqpyVN rKZnmqCGLPGNl	3		8	23bc15e1-2350-4b26-9e3e-b8722707df47
387	2024-12-18 08:49:08.88989+00	0a01e29f-0242-4210-80e5-184b8d7af1e0	QnykhVkJxDsthU TXxoDqtDz	3		8	23bc15e1-2350-4b26-9e3e-b8722707df47
388	2024-12-18 08:49:08.89177+00	1310dd63-1ffd-478d-9e0f-38f7e5552fc5	mvjIqvIdZhVqx YtsRBxcVFpvRpn	3		8	23bc15e1-2350-4b26-9e3e-b8722707df47
389	2024-12-18 08:49:08.893816+00	2e3fa127-fa5f-4dca-959c-b6bf74eff925	yPuWtcQFDBPtVFz WqIvPfkL	3		8	23bc15e1-2350-4b26-9e3e-b8722707df47
390	2024-12-18 08:49:08.895801+00	d63edd72-a322-44e6-8d95-ac923043f55c	bnKmkkKuEHUerGO jLaeLBcdW	3		8	23bc15e1-2350-4b26-9e3e-b8722707df47
391	2024-12-18 08:49:08.897812+00	68a4800d-69af-4aba-9340-067ae4522e05	tBbZWaWVff pfCanwoHCkFKcRa	3		8	23bc15e1-2350-4b26-9e3e-b8722707df47
392	2024-12-18 08:49:08.899913+00	e5aca3d2-af3e-4fa0-97d6-186e577e1562	XjxsvlNLcrfSTWN LJdyfupKt	3		8	23bc15e1-2350-4b26-9e3e-b8722707df47
393	2024-12-18 08:49:08.901942+00	1538b282-659f-4a56-8857-0c26d4528d85	WXQrSiAZDcOYEB aDDwMSvAbkgLYAh	3		8	23bc15e1-2350-4b26-9e3e-b8722707df47
394	2024-12-18 08:49:08.90393+00	03c3efbd-61e4-42cd-85ce-09aa232e4d80	jsIkKFcBtuUlG ojKRtKTygY	3		8	23bc15e1-2350-4b26-9e3e-b8722707df47
395	2024-12-18 08:49:08.905997+00	eafdf52f-aa34-442b-a56b-d7583ab7c6e2	WoZBZcMNsF bNJVhlGoqssAX	3		8	23bc15e1-2350-4b26-9e3e-b8722707df47
396	2024-12-18 08:49:08.907896+00	8546cd96-e82c-4586-ab69-e9844553f0b1	ttaOFcJcQRYrd dcXgsyxvsZ	3		8	23bc15e1-2350-4b26-9e3e-b8722707df47
397	2024-12-18 08:49:08.909829+00	c1cb63f1-0419-4704-b344-e98cccfc26dd	yBxNNhlaxkEn XXmqLkNihOyV	3		8	23bc15e1-2350-4b26-9e3e-b8722707df47
398	2024-12-18 08:49:08.911743+00	bb2f2ffd-8aee-4658-a858-c69d45918250	DzTwftoNmieX RMhJydSMjEgOC	3		8	23bc15e1-2350-4b26-9e3e-b8722707df47
399	2024-12-18 08:49:08.913591+00	72fd3544-0030-4df0-9f6f-7bade2f289e6	rMuAGfGeQIgmegJ FdVXyRxSVoed	3		8	23bc15e1-2350-4b26-9e3e-b8722707df47
400	2024-12-18 08:51:27.336454+00	258d4e17-3213-4512-88e3-8b9871af13ac	Аяжан Жастилекова	2	[{"changed": {"fields": ["Is displayed in allies"]}}]	8	23bc15e1-2350-4b26-9e3e-b8722707df47
401	2024-12-18 08:52:23.451676+00	4839656e-2ed2-4d84-bc34-d3c9216121db	bzzMcLmt NLzWYssYfarihC	3		8	23bc15e1-2350-4b26-9e3e-b8722707df47
402	2024-12-18 08:52:23.456587+00	bc8accbe-d0ec-4a14-ab18-b92d4edc53cc	kHchrfkgJjL FLcCDvjI	3		8	23bc15e1-2350-4b26-9e3e-b8722707df47
403	2024-12-18 08:52:23.458802+00	2f0e61d2-d45c-49d1-ab1c-98b36ca00619	wOcNqFwZTo EpFdDxsAWpkTuk	3		8	23bc15e1-2350-4b26-9e3e-b8722707df47
404	2024-12-18 08:52:23.461007+00	b19850d9-8ba2-4122-8ca1-12c915f9cba9	AlJqpRtnqc KBCLwKnvuxW	3		8	23bc15e1-2350-4b26-9e3e-b8722707df47
405	2024-12-18 08:52:23.463291+00	aa7c97f0-fa9d-4bcc-9de9-757b76c9d1a0	TYyRLVgDyPmr WlINNFAyHBox	3		8	23bc15e1-2350-4b26-9e3e-b8722707df47
406	2024-12-18 08:52:23.465161+00	faad98c5-ce6a-4c92-8e96-11470c3287fd	nlhCaznlejyF PTPfYfffIZP	3		8	23bc15e1-2350-4b26-9e3e-b8722707df47
407	2024-12-18 08:52:23.466873+00	ec56e3f6-9093-4608-a3bb-64d457d16328	YrUlzYxkdpfraI QtufGWTKgfCatW	3		8	23bc15e1-2350-4b26-9e3e-b8722707df47
408	2024-12-18 08:52:23.468755+00	b010e894-6f40-4a12-a5ab-b5a0a7289acf	DDKgDdHu oyjYjAdJSWwuMev	3		8	23bc15e1-2350-4b26-9e3e-b8722707df47
409	2024-12-18 08:52:23.472199+00	f438c9a2-e92d-40a5-8756-85084cfc3743	zVyZYUXZxC RKxCbXwoAlEmej	3		8	23bc15e1-2350-4b26-9e3e-b8722707df47
410	2024-12-18 08:52:23.473951+00	66ebb94c-cf82-46df-9f4c-e2a958ab5f85	FrlGHWNkDXo TiFHrdUeCYdur	3		8	23bc15e1-2350-4b26-9e3e-b8722707df47
411	2024-12-18 08:52:23.475668+00	f1869c55-fafd-40c6-a567-7ba35004b5c9	xQsXMnZLtVNuTT pnFSunQtTsAGFtl	3		8	23bc15e1-2350-4b26-9e3e-b8722707df47
412	2024-12-18 08:52:23.477367+00	f1a95bfa-5960-4528-af58-936a46f32a57	GkmqMdjG AkbCjYKa	3		8	23bc15e1-2350-4b26-9e3e-b8722707df47
413	2024-12-18 08:52:23.479158+00	bbf39b67-f33a-48f3-9cdd-abc08954100d	rYBiDlQTI ivpbDeNQ	3		8	23bc15e1-2350-4b26-9e3e-b8722707df47
414	2024-12-18 08:52:23.480852+00	310230ef-0d68-4768-aa5f-c8f96014a5c2	wHifqTAwCBqM wBdtRaCto	3		8	23bc15e1-2350-4b26-9e3e-b8722707df47
415	2024-12-18 08:52:23.482486+00	d0b60c72-f070-4c04-9a02-35d3db5b82c9	HYZwBZryMjP FPHdUPuA	3		8	23bc15e1-2350-4b26-9e3e-b8722707df47
416	2024-12-18 08:52:23.484148+00	07c8ae21-f69e-4de5-b08c-dd68bf41f87a	gKqrRabJpM eHbgYZmd	3		8	23bc15e1-2350-4b26-9e3e-b8722707df47
417	2024-12-18 08:52:23.485741+00	92f5549a-bed4-4b27-8649-02ac91842958	KqrYOOaZHGlLP lLblIzfTe	3		8	23bc15e1-2350-4b26-9e3e-b8722707df47
418	2024-12-18 08:52:23.488889+00	52437f44-3d84-4751-9b14-c02fe95afd0f	cCmwpXPTsBQAc XHZrWgcvXTQr	3		8	23bc15e1-2350-4b26-9e3e-b8722707df47
419	2024-12-18 08:52:23.490586+00	9547ab9a-35f4-4d62-ab93-6c37f9c06414	XVMSQCzy eaPFxsCHy	3		8	23bc15e1-2350-4b26-9e3e-b8722707df47
420	2024-12-18 08:52:23.494803+00	e5473450-0a0b-4f89-a452-0ac68df72a0e	mtJdPFqOHXq clQFfSqQO	3		8	23bc15e1-2350-4b26-9e3e-b8722707df47
421	2024-12-18 08:52:23.497229+00	47fa552d-11d6-4d3c-a34f-735a10568742	CYfMCegVSvh GuFSbRMHUuxAKnT	3		8	23bc15e1-2350-4b26-9e3e-b8722707df47
422	2024-12-18 08:52:23.498932+00	cb6e1bfa-7016-493b-ad98-ea26568f119f	XJfCZMqjcS EKrjGwhu	3		8	23bc15e1-2350-4b26-9e3e-b8722707df47
423	2024-12-18 08:52:23.500763+00	ddef130d-152b-4c71-8922-1565baee32e8	upgWkUsWeJdSE IfHODWHjMJnrc	3		8	23bc15e1-2350-4b26-9e3e-b8722707df47
424	2024-12-18 08:52:23.502413+00	24a8a14f-d6f6-43f6-b2fa-609c1732f396	auriObRmRBEaMid AWcwBiuLEv	3		8	23bc15e1-2350-4b26-9e3e-b8722707df47
425	2024-12-18 08:52:23.504135+00	a199e372-2b2a-442c-a3f6-35c7a9f0ab57	GBIzQNWzN NukakswaqFg	3		8	23bc15e1-2350-4b26-9e3e-b8722707df47
426	2024-12-18 08:52:23.505945+00	bc9bd684-1700-43af-9ef5-ddec8e6c69e0	ZRiFhHepSYoVIT MuSXyqDqM	3		8	23bc15e1-2350-4b26-9e3e-b8722707df47
427	2024-12-18 08:52:23.507887+00	21a51739-1baf-4673-9a4b-f5d1116ca0b3	gCvxYTBzSkQK CpISeykAGtQf	3		8	23bc15e1-2350-4b26-9e3e-b8722707df47
428	2024-12-18 08:52:23.509937+00	004ff479-3429-4d72-a16a-78fcf91498e3	cAFFmyHpVmoH AxVWZOQZj	3		8	23bc15e1-2350-4b26-9e3e-b8722707df47
429	2024-12-18 08:52:23.512015+00	af999174-06c5-45a8-b287-79536ca21820	EOcXxHtJqTgFcM hrQdoISSFtrEA	3		8	23bc15e1-2350-4b26-9e3e-b8722707df47
430	2024-12-18 08:52:23.514062+00	7f2e60dc-7686-4d95-8797-14fde976ed37	JDjCSLIRKwFMS brOiBGbbYrTmSy	3		8	23bc15e1-2350-4b26-9e3e-b8722707df47
431	2024-12-18 08:52:23.515993+00	ed707602-a0ad-408e-bc6c-c99caa840d84	yjNRdveNhv sEMTFytd	3		8	23bc15e1-2350-4b26-9e3e-b8722707df47
432	2024-12-18 08:52:23.51841+00	d0362357-b375-4f6f-85ee-56b6e20e4732	lpsinsbprntVyg zkUpTjrnN	3		8	23bc15e1-2350-4b26-9e3e-b8722707df47
433	2024-12-18 08:52:23.52007+00	07f64cea-7d73-434b-9927-7bc318ce1612	wtIMMbACJo qZBtaWrwHUXO	3		8	23bc15e1-2350-4b26-9e3e-b8722707df47
434	2024-12-18 08:52:23.522428+00	51981605-8323-4821-ab20-d965c06a410c	WKgtUBeiIAUInC kHOkFGLiT	3		8	23bc15e1-2350-4b26-9e3e-b8722707df47
435	2024-12-18 08:52:23.524182+00	a6305fb9-1f8f-4adf-9e0b-09c95313be68	RmPISNmJQRv DdYnOavhldb	3		8	23bc15e1-2350-4b26-9e3e-b8722707df47
436	2024-12-18 08:52:23.52588+00	9e8ea670-c3da-4823-94e5-fa4d784745ec	FBonFZzMUChIFYB VYIsgquHMlNc	3		8	23bc15e1-2350-4b26-9e3e-b8722707df47
437	2024-12-18 08:52:23.52989+00	a9202713-6849-4d1b-a53c-ac12bef075e0	ReWogcIonG iUSZYRdDHhinzV	3		8	23bc15e1-2350-4b26-9e3e-b8722707df47
438	2024-12-18 08:52:23.532076+00	a2ff5d4c-9e4d-45d1-b743-9dca50709440	JNXEOZPyFgdcWQG VzbYsaxepg	3		8	23bc15e1-2350-4b26-9e3e-b8722707df47
439	2024-12-18 08:52:23.533896+00	622e6a68-13fa-491d-a8ce-fd44a058d302	sNsKgZjr zVcviqARf	3		8	23bc15e1-2350-4b26-9e3e-b8722707df47
440	2024-12-18 08:52:23.536431+00	a22fe759-9b18-424b-b3c4-2eb13af1dd9f	dVrXGzGVCFCjf kNgpJPoTjFgke	3		8	23bc15e1-2350-4b26-9e3e-b8722707df47
441	2024-12-18 08:52:23.538616+00	70571dc8-01dc-4728-a28b-734fe6a313b5	MNHlPEwekN vkoLHPwgMB	3		8	23bc15e1-2350-4b26-9e3e-b8722707df47
442	2024-12-18 08:52:23.540594+00	d1c95de4-bfa8-4587-b060-0a566b3f2c7e	RcGXoxekcIFI pIAYkiLftxmFuUv	3		8	23bc15e1-2350-4b26-9e3e-b8722707df47
443	2024-12-18 08:52:23.544041+00	3836070c-87a5-4173-aaff-bc58938452a8	FhkhvKBG ZaBHnBFy	3		8	23bc15e1-2350-4b26-9e3e-b8722707df47
444	2024-12-18 08:52:23.5457+00	ac573cb1-4d71-49b1-84c4-3fe3fa7988f2	DgOOStifYDm pmZIydWllkCJSZ	3		8	23bc15e1-2350-4b26-9e3e-b8722707df47
445	2024-12-18 08:52:23.547367+00	f0c69469-fac3-4d2d-9c9e-f04396424133	hksgjCTDXyqYta XPilsRjBIUFH	3		8	23bc15e1-2350-4b26-9e3e-b8722707df47
446	2024-12-18 08:52:23.549377+00	db05f117-a420-4ac7-9fef-487f133f5692	quuCowZoNQOVcUZ CpJbIqTCb	3		8	23bc15e1-2350-4b26-9e3e-b8722707df47
447	2024-12-18 08:52:23.551202+00	47281291-96a2-42be-8c52-a897f569a135	nnRbePmxcBR KGNfgMMfN	3		8	23bc15e1-2350-4b26-9e3e-b8722707df47
448	2024-12-18 08:52:23.552938+00	54428636-40b5-4102-99d5-ef48b79af5c1	DMlMLedUeWGK qFohxwBOXmofex	3		8	23bc15e1-2350-4b26-9e3e-b8722707df47
449	2024-12-18 08:52:23.554587+00	f58797e6-9ef3-4a80-9ebb-df3b209d1d6b	hBYdoRITawkc jkBiVdWiFNyXEc	3		8	23bc15e1-2350-4b26-9e3e-b8722707df47
450	2024-12-18 08:52:23.556203+00	0a244659-c97c-421a-aaa1-d538ca21e1f9	cKKBmWzEU TPkehtRbAEJoz	3		8	23bc15e1-2350-4b26-9e3e-b8722707df47
451	2024-12-18 08:52:23.558041+00	d46227d9-8189-4d4b-a247-6a5b69cd244c	ljHSGRKU BkQibOGq	3		8	23bc15e1-2350-4b26-9e3e-b8722707df47
452	2024-12-18 08:52:23.560118+00	ccf70857-6f9c-4692-844d-0c67667c1d52	QnFJieGM NYIDDFvimKXlSc	3		8	23bc15e1-2350-4b26-9e3e-b8722707df47
453	2024-12-18 08:52:23.562175+00	46f4a9f7-97de-4e99-bdea-6eedb1840225	Alista Lemarie	3		8	23bc15e1-2350-4b26-9e3e-b8722707df47
454	2024-12-18 08:52:23.564254+00	63a32a86-9304-4991-826b-67dd92068efd	eskaeWGjMrA yTrPkRLZqNg	3		8	23bc15e1-2350-4b26-9e3e-b8722707df47
455	2024-12-18 08:52:23.566026+00	04b5316f-72e0-4b73-933e-7a9034c975b0	IgcdlzjAh xgLYzmzV	3		8	23bc15e1-2350-4b26-9e3e-b8722707df47
456	2024-12-18 08:52:23.567799+00	d6a97c8c-4241-4880-ba0e-5053c2006b3f	cZxpkVHiwnSnO sHRkLWjMOOIjMyJ	3		8	23bc15e1-2350-4b26-9e3e-b8722707df47
457	2024-12-18 08:52:23.569419+00	d074a192-e9aa-4c1f-85cc-45c403c3ee73	OwgYJgEFmKjSBZQ UjIlnughG	3		8	23bc15e1-2350-4b26-9e3e-b8722707df47
458	2024-12-18 08:52:23.571035+00	bfd76b58-09b1-4639-8e8a-dc528dba4c39	yvQHaRfhnzNILQH ZmtGBmsYLqcsgF	3		8	23bc15e1-2350-4b26-9e3e-b8722707df47
459	2024-12-18 08:52:23.572642+00	907d0577-14f4-499d-ba86-cbd549ceadec	JZNQBfYFKJ ZuGkSVRwFaBHc	3		8	23bc15e1-2350-4b26-9e3e-b8722707df47
460	2024-12-18 08:52:23.574242+00	1139f9f3-dae7-4b82-9560-59320c528c54	wSmsGArwS VvhtsToadv	3		8	23bc15e1-2350-4b26-9e3e-b8722707df47
461	2024-12-18 08:52:23.575915+00	822e6991-0f0e-4ac6-a9f8-f30e82dd0e9a	noOwtwjuqgRiI NSUKjVVkymBpRU	3		8	23bc15e1-2350-4b26-9e3e-b8722707df47
462	2024-12-18 08:52:23.577569+00	969ddc01-9a4c-427d-9297-2623f5c86650	VsoqzfICKqaFRc XqbKTygaUeSF	3		8	23bc15e1-2350-4b26-9e3e-b8722707df47
463	2024-12-18 08:52:23.579477+00	4c2b150e-71d1-4ea7-8e42-76a7b299d56f	jZmZzqCaxLqHTQN oMIOSDBZzFZgXo	3		8	23bc15e1-2350-4b26-9e3e-b8722707df47
464	2024-12-18 08:52:23.581121+00	ad198e19-70e4-4979-a888-575d7def2ab5	NKFMeSLyC vrvtTIOYcXwU	3		8	23bc15e1-2350-4b26-9e3e-b8722707df47
465	2024-12-18 08:52:23.582788+00	53c62c2a-5b02-431e-89af-da224622f575	HqyiXiXvOBIp lauHJdkW	3		8	23bc15e1-2350-4b26-9e3e-b8722707df47
466	2024-12-18 08:52:23.584482+00	8b536d5f-8718-4ec7-89a9-d2156acead04	ElCzBHmYmq rKkxJbsaJeHWCO	3		8	23bc15e1-2350-4b26-9e3e-b8722707df47
467	2024-12-18 08:52:23.586253+00	1158e12a-e1f9-4c48-9b4b-ed556db8c4b8	PUGeJaFBQR HrrbPoLViUYIBbi	3		8	23bc15e1-2350-4b26-9e3e-b8722707df47
468	2024-12-18 08:52:23.587927+00	bac923f8-1f1e-403c-b3f2-64bcd9d5fdbf	ASgAEuVLRwJkGD QMWDbPfxFwEu	3		8	23bc15e1-2350-4b26-9e3e-b8722707df47
469	2024-12-18 08:52:23.589591+00	df386a8b-e95b-48de-bff4-f0000b787620	teoxYowBs TUqgsmOlwlWdpJ	3		8	23bc15e1-2350-4b26-9e3e-b8722707df47
470	2024-12-18 08:52:23.591254+00	1f320e0f-087b-4dae-b3a5-80d589ab69c6	MartinWotXR MartinWotXR	3		8	23bc15e1-2350-4b26-9e3e-b8722707df47
471	2024-12-18 08:52:23.593425+00	e7a32797-0a2a-41e9-af58-7f52ed2a5866	KUbRWEFcpO myzmvINdAIzobfS	3		8	23bc15e1-2350-4b26-9e3e-b8722707df47
472	2024-12-18 08:52:23.595222+00	2ae99e93-e5e1-4cf8-b717-2573b9120cc4	dAZUQrDyVfLPrf cGAnaJUmbKz	3		8	23bc15e1-2350-4b26-9e3e-b8722707df47
473	2024-12-18 08:52:23.597056+00	0a42f8d8-fb2d-42e3-9f2e-60a90a776d20	iYXfyVPqrvszwdy bxGiQWIqC	3		8	23bc15e1-2350-4b26-9e3e-b8722707df47
474	2024-12-18 08:52:23.598797+00	cdd7a8b1-6163-4d84-bcfc-7d979a0b1a2e	BTKOzkeLrjYfmC wKfqWuGpPyAi	3		8	23bc15e1-2350-4b26-9e3e-b8722707df47
475	2024-12-18 08:52:23.600668+00	6847dc87-0fcb-43a7-8ca6-e33c3386a1a8	axMgvnVtYEqn DPEDjqjdFP	3		8	23bc15e1-2350-4b26-9e3e-b8722707df47
476	2024-12-18 08:52:23.602299+00	9a7b235c-a78c-4de8-b3ca-95b71c2bbcc3	QcmKeglw BQtmDWxonxZjNh	3		8	23bc15e1-2350-4b26-9e3e-b8722707df47
477	2024-12-18 08:52:23.603979+00	4306a503-7164-43a0-b027-cd3688c5fbd1	fBddnZQVmp QCWixwyStZNfThc	3		8	23bc15e1-2350-4b26-9e3e-b8722707df47
478	2024-12-18 08:52:23.605756+00	a8a503dc-435e-4e6c-a696-21b1b3ea07ba	TVPuglZotDTFAwX gdtdFhgZgaldaGw	3		8	23bc15e1-2350-4b26-9e3e-b8722707df47
479	2024-12-18 08:52:23.607568+00	fc1a7209-5315-4955-9176-3bcafdcff29b	cANVpMbfayj khANEKDXrmErE	3		8	23bc15e1-2350-4b26-9e3e-b8722707df47
480	2024-12-18 08:52:23.609419+00	0820b56b-3713-47ef-b4d6-217f57255f68	uQyzTnelHEHbKo iOBvLetx	3		8	23bc15e1-2350-4b26-9e3e-b8722707df47
481	2024-12-18 08:53:42.290885+00	982fce0e-6fed-4914-b399-63b8794ae67f	PatrickpleakLZ PatrickpleakLZ	3		8	23bc15e1-2350-4b26-9e3e-b8722707df47
482	2024-12-18 08:53:42.295825+00	94c1201f-d6ab-4053-9ce9-dfc5f41d6e55	Xiclaly Kooyman	3		8	23bc15e1-2350-4b26-9e3e-b8722707df47
483	2024-12-18 08:53:42.297934+00	42ac8582-1a32-4d76-b5ed-a8047f7b0003	SafiybityPG SafiybityPG	3		8	23bc15e1-2350-4b26-9e3e-b8722707df47
484	2024-12-18 08:53:42.299843+00	96e916dd-6fa7-4fee-b5d9-a30d4ca0abe1	wFtWogPAHQ HDSifyozqLHFFUn	3		8	23bc15e1-2350-4b26-9e3e-b8722707df47
485	2024-12-18 08:53:42.301746+00	6594707f-a6a8-42ec-95c3-211421dced72	idvDbPbMEK YbzzBEmTZyMB	3		8	23bc15e1-2350-4b26-9e3e-b8722707df47
486	2024-12-18 08:53:42.303871+00	dc57b3ca-7a2b-4573-9044-a7225828b05a	MartinWotXR MartinWotXR	3		8	23bc15e1-2350-4b26-9e3e-b8722707df47
487	2024-12-18 08:53:42.305622+00	9f2d2988-b219-403f-b4a2-0fa98cc63f30	RqLqFGidEYQP wSOWiGJrWXpxsd	3		8	23bc15e1-2350-4b26-9e3e-b8722707df47
488	2024-12-18 08:53:42.307237+00	dac11332-b408-45e1-8fb6-a63e829c5501	Arvind Kukaj	3		8	23bc15e1-2350-4b26-9e3e-b8722707df47
489	2024-12-18 08:53:42.309027+00	e8873c69-6ee1-41ee-bc89-bcc2fb40c276	utopil_wvktBB utopil_yektBB	3		8	23bc15e1-2350-4b26-9e3e-b8722707df47
490	2024-12-18 08:53:42.310763+00	c5a312f4-23c4-419e-913e-5ccb0eb5fbab	LewisdahZT LewisdahZT	3		8	23bc15e1-2350-4b26-9e3e-b8722707df47
491	2024-12-18 08:53:42.312397+00	a8d8306f-102b-45f0-b4eb-877955a2b019	LlvNLxQnOcGNv rTqnaJcSYdQuLu	3		8	23bc15e1-2350-4b26-9e3e-b8722707df47
492	2024-12-18 08:53:42.314133+00	71aa0e68-a515-4c78-a1b7-9d3a5bc8a334	jwteSkwsJpF eDrneoUdbcQ	3		8	23bc15e1-2350-4b26-9e3e-b8722707df47
493	2024-12-18 08:53:42.315851+00	9f628c16-09ae-4c66-890b-0b0032496dad	aHOPOyrNbIo EqmjvavXhmNxz	3		8	23bc15e1-2350-4b26-9e3e-b8722707df47
494	2024-12-18 08:53:42.317808+00	a31fbae0-7f94-42a8-acc6-c9d323770b26	lSKQnbiOWM EpCoQuawfHM	3		8	23bc15e1-2350-4b26-9e3e-b8722707df47
495	2024-12-18 08:53:42.319603+00	7a0c9783-f641-43b2-b94d-0580e1ad6e6b	FdBFPgxgGq SzwaaMlbUuxWVa	3		8	23bc15e1-2350-4b26-9e3e-b8722707df47
496	2024-12-18 08:53:42.321307+00	1c8621a2-3123-4b30-9154-19957c0032b7	kamumYqdLTgv SMXDYqSlWaNSDn	3		8	23bc15e1-2350-4b26-9e3e-b8722707df47
497	2024-12-18 08:53:42.323216+00	b739d7ac-f0df-45fd-9c7a-c786d2dad239	CDTUZyrF QPsHaUHXnFEXOe	3		8	23bc15e1-2350-4b26-9e3e-b8722707df47
498	2024-12-18 08:53:42.325153+00	4181b13d-e4e1-410e-ac6d-c05f826b5133	AEHgeNso sQInsNoeIyc	3		8	23bc15e1-2350-4b26-9e3e-b8722707df47
499	2024-12-18 08:53:42.326822+00	0b84a878-7b3d-4fdb-942f-89d9f0a80a03	ALlOSkmLwlE xkfPBxwdm	3		8	23bc15e1-2350-4b26-9e3e-b8722707df47
500	2024-12-18 08:53:42.328524+00	94e4ef39-96ae-404e-90c1-888148763d9c	KTDpQdUejzg WxuXBlOavfWRp	3		8	23bc15e1-2350-4b26-9e3e-b8722707df47
501	2024-12-18 08:53:42.330394+00	57709d94-40a1-49d7-aebd-2cd8d676183b	kJajiMRR jJGPKayPLdFnrM	3		8	23bc15e1-2350-4b26-9e3e-b8722707df47
502	2024-12-18 08:53:42.332205+00	6677f861-f333-4128-933b-ba91899ba442	ZABPsOMuK kFvquJxjxpOss	3		8	23bc15e1-2350-4b26-9e3e-b8722707df47
503	2024-12-18 08:53:42.33403+00	7200350f-c790-465e-8bf1-fde31246c20c	tziALfyDOhcPOc QToEENIHysEx	3		8	23bc15e1-2350-4b26-9e3e-b8722707df47
504	2024-12-18 08:53:42.335726+00	595bce31-0cc7-4c95-82f2-95159f042146	UzRxDgnQAjT ejMXWkXdiPvj	3		8	23bc15e1-2350-4b26-9e3e-b8722707df47
505	2024-12-18 08:53:42.337387+00	ba1c4f5f-07c3-4bf0-b542-78122345238f	KBBGaAykBoHkRHA MHTpAjYHHD	3		8	23bc15e1-2350-4b26-9e3e-b8722707df47
506	2024-12-18 08:53:42.339244+00	2a1627ef-0214-43c2-ab58-7073b0df9553	xdLAaluW YfpEFZyfv	3		8	23bc15e1-2350-4b26-9e3e-b8722707df47
507	2024-12-18 08:53:42.340884+00	a4911392-9a77-41b3-bfd3-34f107968a1c	gAlkdQcmhJ aUtHkdkLdoek	3		8	23bc15e1-2350-4b26-9e3e-b8722707df47
508	2024-12-18 08:53:42.342686+00	c2fcc5b9-40f3-4cb7-bf46-25b8841b5ba1	WqovGTqogmS WMzszIkZ	3		8	23bc15e1-2350-4b26-9e3e-b8722707df47
509	2024-12-18 08:53:42.344664+00	609bd340-d4c8-4d9a-ae00-8bafd2f143ee	kBnFieRK fZLedYkYAfJoRIJ	3		8	23bc15e1-2350-4b26-9e3e-b8722707df47
510	2024-12-18 08:53:42.346341+00	0986b5a4-1559-4f60-834c-8c5cedef0996	ucLnpkYSqdQlbhH caXjclpxyXH	3		8	23bc15e1-2350-4b26-9e3e-b8722707df47
511	2024-12-18 08:53:42.347947+00	57b939f3-ab0c-4be0-a29d-88919755aa80	dyTvIUnkKig sNycjuPCFPzHNg	3		8	23bc15e1-2350-4b26-9e3e-b8722707df47
512	2024-12-18 08:53:42.351458+00	a0bcdfd8-20e4-4bd2-8d45-a8ae78fde593	cfjmpLIUwTO wLnggqpnoITL	3		8	23bc15e1-2350-4b26-9e3e-b8722707df47
513	2024-12-18 08:53:42.353173+00	43aa453c-9f56-403c-976f-c5507a71c752	UbjtFNaGlwIoVwu kaCWjWwwEMHB	3		8	23bc15e1-2350-4b26-9e3e-b8722707df47
514	2024-12-18 08:53:42.355093+00	01cf498a-91e2-42fa-b39a-09e105a39cb0	KdyYpmgEjFNJJof DgiptahtuxBHP	3		8	23bc15e1-2350-4b26-9e3e-b8722707df47
515	2024-12-18 08:53:42.356929+00	4a51c4ac-8119-454e-8eaf-598564a61beb	paXnLPcgApSf LCBIKqgoxZPLip	3		8	23bc15e1-2350-4b26-9e3e-b8722707df47
516	2024-12-18 08:53:42.358691+00	dedfa034-ac50-4af6-9be2-7c655c1568ab	JpLezQRK rMBqYaQLpLLwzVW	3		8	23bc15e1-2350-4b26-9e3e-b8722707df47
517	2024-12-18 08:53:42.360594+00	64240f5c-8619-4e6e-9c47-1f9beb4d8705	silGPhlB zNFEeQdMyEu	3		8	23bc15e1-2350-4b26-9e3e-b8722707df47
518	2024-12-18 08:53:42.362376+00	74ba82a0-3cb6-4047-898d-bfeab8406b95	RnsYRGgnVWVSKUH nnBzvncTcu	3		8	23bc15e1-2350-4b26-9e3e-b8722707df47
519	2024-12-18 08:53:42.364173+00	f0037b07-1581-44da-adc4-bb9afa015a7e	fqqIEPrbFVdXDwD iPllTbzM	3		8	23bc15e1-2350-4b26-9e3e-b8722707df47
520	2024-12-18 08:53:42.365852+00	82d55906-2ed6-458d-98af-8f30a17e01a6	EGrBKuDTv pcMcPzXymUr	3		8	23bc15e1-2350-4b26-9e3e-b8722707df47
521	2024-12-18 08:53:42.367576+00	39c2b29e-0fe6-4a23-bb61-aee4ff215e6a	ixYowwplIVzp fudTphKEfAEWC	3		8	23bc15e1-2350-4b26-9e3e-b8722707df47
522	2024-12-18 08:53:42.36946+00	16854c75-c9a3-4ddc-a24b-f4620e11710a	QdhxhuqLgaDkwb foUJovWvhYglUZj	3		8	23bc15e1-2350-4b26-9e3e-b8722707df47
523	2024-12-18 08:53:42.371137+00	882cec51-650b-4c09-9a45-218bb35ee0c1	sBkGjgiMzlvB eehBCAztEMJ	3		8	23bc15e1-2350-4b26-9e3e-b8722707df47
524	2024-12-18 08:53:42.372943+00	f279df0e-f28b-4602-bc96-a43524f20e3b	OIznbreTUciljB sdmTfNOjvyQ	3		8	23bc15e1-2350-4b26-9e3e-b8722707df47
525	2024-12-18 08:53:42.374564+00	9bf227b9-8157-406c-8952-4ec9ff32a96f	qiZSCeks KDrsBmYbOf	3		8	23bc15e1-2350-4b26-9e3e-b8722707df47
526	2024-12-18 08:53:42.376323+00	b1271dbe-6dee-4fa7-a89b-71681185e1ae	XqEjRgKKEduuOn kQxTRghBYHX	3		8	23bc15e1-2350-4b26-9e3e-b8722707df47
527	2024-12-18 08:53:42.378022+00	72966404-1aee-4e55-93a7-6ba114caa2db	xTehWOIFVLg teTTPmQZiV	3		8	23bc15e1-2350-4b26-9e3e-b8722707df47
528	2024-12-18 08:53:42.379678+00	770efa82-de92-4d43-966e-a8262d2b64ae	kpadiGIRdf FUKGbjkV	3		8	23bc15e1-2350-4b26-9e3e-b8722707df47
529	2024-12-18 08:53:42.381584+00	b6b40abd-0acc-4f9b-890b-a8f4578ca3f2	tcWSGnlTjhrshb fDQLVRusXPh	3		8	23bc15e1-2350-4b26-9e3e-b8722707df47
530	2024-12-18 08:53:42.383555+00	fdb471a8-767d-4e57-a327-5e104bc8b0d6	RsmuMPMtHTVf MPrUwEzHBh	3		8	23bc15e1-2350-4b26-9e3e-b8722707df47
531	2024-12-18 08:53:42.385392+00	f1faccbd-84a6-4f5e-8011-5d9c7369f673	XxulqjyeAnXG OBymsLPDvPbg	3		8	23bc15e1-2350-4b26-9e3e-b8722707df47
532	2024-12-18 08:53:42.3871+00	a7b76e1a-2174-472e-8f6e-03050fa67232	vVhKMwArWSUxqs LcGaigwkABY	3		8	23bc15e1-2350-4b26-9e3e-b8722707df47
533	2024-12-18 08:53:42.388759+00	d0015a8f-53e7-40a0-b762-f1c84b605d2d	cCECLscUj wPaFhIsRv	3		8	23bc15e1-2350-4b26-9e3e-b8722707df47
534	2024-12-18 08:53:42.390463+00	03c864bd-56aa-437c-84f7-5d6871b5cf23	YBqMotpKbGhpDWE IjlggSSm	3		8	23bc15e1-2350-4b26-9e3e-b8722707df47
535	2024-12-18 08:53:42.392188+00	0c7c832d-3df2-4b68-aea2-aa14b1bcfce0	oHLHskGCpEjjqV AAJsmGTOANyiu	3		8	23bc15e1-2350-4b26-9e3e-b8722707df47
536	2024-12-18 08:53:42.393899+00	f75ca3dd-a37e-4ff1-9ff5-75270edef70b	MaDhJVdaap bWRKXEnYrKLS	3		8	23bc15e1-2350-4b26-9e3e-b8722707df47
537	2024-12-18 08:53:42.395492+00	b9025aa8-514e-4e2a-93fc-604f8c4aa1ad	UZFXDbgYuBpr aeQcgcbv	3		8	23bc15e1-2350-4b26-9e3e-b8722707df47
538	2024-12-18 08:53:42.397041+00	4936a6fd-fb0a-4783-a162-c15441042fcd	aiZIynJpPZ OnXRIYJaTG	3		8	23bc15e1-2350-4b26-9e3e-b8722707df47
539	2024-12-18 08:53:42.39867+00	5f362107-8d3a-4773-ad4f-211ac3e97142	IxhthRoRanRPGr cIQUtuZEKX	3		8	23bc15e1-2350-4b26-9e3e-b8722707df47
540	2024-12-18 08:53:42.400346+00	7a6957c8-f682-43d9-b8bf-e5c5b63e522d	CMMOaffkxAyAARq SIJGjhZloUDb	3		8	23bc15e1-2350-4b26-9e3e-b8722707df47
541	2024-12-18 08:53:42.402004+00	2eaec2ff-78a2-411d-b582-0b46d4f4d370	DXHCIOxitqOQfyp BlXZdrkro	3		8	23bc15e1-2350-4b26-9e3e-b8722707df47
542	2024-12-18 08:53:42.403698+00	4e66df3c-5c50-4e73-a985-23a2ab161e86	tDBbGXmkXIX apwpzwSYUs	3		8	23bc15e1-2350-4b26-9e3e-b8722707df47
543	2024-12-18 08:53:42.405362+00	45987253-f2fa-43ab-9cda-edd7ef87d82e	EIUPsKohnNZiXwH iAwSDPJN	3		8	23bc15e1-2350-4b26-9e3e-b8722707df47
544	2024-12-18 08:53:42.406903+00	d0043a94-4d26-4231-aba4-672b41ebfd2f	jCHZtSafuPs hcmuduIH	3		8	23bc15e1-2350-4b26-9e3e-b8722707df47
545	2024-12-18 08:53:42.408474+00	630a1f80-60ff-4298-b18f-0e38f5279924	CmrVZPKLTkML ArayNacqyDbVw	3		8	23bc15e1-2350-4b26-9e3e-b8722707df47
546	2024-12-18 08:53:42.410013+00	63946aa2-3478-427f-b2cd-768a621126c3	BwcEqOaSFUhX xONlksZIYaopz	3		8	23bc15e1-2350-4b26-9e3e-b8722707df47
547	2024-12-18 08:53:42.411714+00	0fcace5a-900d-4ddb-acd8-8272889c6008	EOxXUxIhYRggu ZMlpymRdZC	3		8	23bc15e1-2350-4b26-9e3e-b8722707df47
548	2024-12-18 08:53:42.413608+00	dade0f4e-91a2-45d0-825f-bfb6108b227a	gJDnMKKhlidJe jboEzdoEtxr	3		8	23bc15e1-2350-4b26-9e3e-b8722707df47
549	2024-12-18 08:53:42.415168+00	21d5bb94-b7a0-4b04-aa48-fdb8ad4b5fbc	LmCTylEemCKs NMuHqvIpObyaFKs	3		8	23bc15e1-2350-4b26-9e3e-b8722707df47
550	2024-12-18 08:53:42.416971+00	b7a5874d-2d67-4275-a4a5-4a741de7577d	wYpXuLxmYF kqzKjdSwblnq	3		8	23bc15e1-2350-4b26-9e3e-b8722707df47
551	2024-12-18 08:53:42.418645+00	4be9edbd-9cc0-4c15-b4ac-86d69a183ce1	yRZEHoXPZU IyipvzIxkfIBo	3		8	23bc15e1-2350-4b26-9e3e-b8722707df47
552	2024-12-18 08:53:42.420238+00	308bb8de-782c-44ca-b72e-000947c2bc34	mJhEaRXQZ gLyNpeXghqz	3		8	23bc15e1-2350-4b26-9e3e-b8722707df47
553	2024-12-18 08:53:42.42176+00	c4ee2e70-478b-4571-8289-57c0d4247d86	KXjSrlcgoZU JqLNmDmJgPIew	3		8	23bc15e1-2350-4b26-9e3e-b8722707df47
554	2024-12-18 08:53:42.423221+00	3ab0b2a6-6f0b-4c8f-864c-ffa0af78e1a7	mEfpPKNk FxMAtWXvnxGvjv	3		8	23bc15e1-2350-4b26-9e3e-b8722707df47
555	2024-12-18 08:53:42.42471+00	5a990571-daaf-4124-8cd9-515d717ba307	elVXXXGZuNP xkORCqZdztk	3		8	23bc15e1-2350-4b26-9e3e-b8722707df47
556	2024-12-18 08:53:42.426183+00	20429269-571e-4601-aa1d-6341fda7280b	EIIUbDmt JqIYdiIsyHE	3		8	23bc15e1-2350-4b26-9e3e-b8722707df47
557	2024-12-18 08:53:42.427751+00	7f752599-3baf-4edf-b512-52af31959b42	PatrickpleakLZ PatrickpleakLZ	3		8	23bc15e1-2350-4b26-9e3e-b8722707df47
558	2024-12-18 08:53:42.429567+00	6fea7d8f-0c47-4f78-aed5-d225a88f4bfd	aNIMKvlVqYMo BjcemVrSoz	3		8	23bc15e1-2350-4b26-9e3e-b8722707df47
559	2024-12-18 08:53:42.431107+00	289ffc62-853d-4ecf-9006-9f067c238a44	reVpDFOPeNCPlLn YgUBOOeTHFGrml	3		8	23bc15e1-2350-4b26-9e3e-b8722707df47
560	2024-12-18 08:53:42.432666+00	9f463b3b-e464-49cb-9d4f-b385c10cda6d	NmnwfUrMdrUFt ofDryPTvSOWnVs	3		8	23bc15e1-2350-4b26-9e3e-b8722707df47
561	2024-12-18 08:53:42.434197+00	554f4106-b9a6-4073-9f0a-e82a3ff3fdee	YBugpLDisbSk PNnoWPWbKceb	3		8	23bc15e1-2350-4b26-9e3e-b8722707df47
562	2024-12-18 08:53:42.435818+00	9d0b61ec-7ba8-486c-8ea9-7f0e3cd6e7f1	TKiXlqipkBAphXv PSDxSedhBtcH	3		8	23bc15e1-2350-4b26-9e3e-b8722707df47
563	2024-12-18 09:50:04.252049+00	71b29d4d-fcf1-4774-b628-d59bd3c9fdc2	Сабина Асылбекова	2	[{"changed": {"fields": ["Is displayed in allies"]}}]	8	23bc15e1-2350-4b26-9e3e-b8722707df47
564	2024-12-18 09:51:49.479684+00	0174a9ef-6210-405e-86a7-f445b63f51b6	KwfidZlfNshNAi DYrkUrbE	3		8	23bc15e1-2350-4b26-9e3e-b8722707df47
565	2024-12-18 09:51:49.485648+00	f5ca87b7-ba64-4aa2-b898-6551fa1d0990	FKDWdlbiAMgZBv rZhoYquoGVWeoY	3		8	23bc15e1-2350-4b26-9e3e-b8722707df47
566	2024-12-18 09:51:49.488408+00	6abcaa2f-8624-4249-901d-077fd712f64a	yWjiLzOSlzLdnq VHSKWfmDgC	3		8	23bc15e1-2350-4b26-9e3e-b8722707df47
567	2024-12-18 10:15:15.099154+00	8e9eadd0-aea2-4af6-b6a3-bb9fb8916ce4	Маргарита Агибалова	2	[{"changed": {"fields": ["Is displayed in allies"]}}]	8	23bc15e1-2350-4b26-9e3e-b8722707df47
568	2024-12-18 10:15:42.521998+00	a438a6d7-8f42-429d-a682-9c358ee857f9	ROXzcVXdRhmEPp cHSsJITdkLIkS	3		8	23bc15e1-2350-4b26-9e3e-b8722707df47
569	2024-12-18 10:15:42.526723+00	a25aa266-aece-45a1-a630-e2072f4c6704	hhdwKJxpNaD YbjYkTpzoDKO	3		8	23bc15e1-2350-4b26-9e3e-b8722707df47
570	2024-12-19 06:44:51.932986+00	ad0f060d-2fea-40ae-9e59-fbe7996c270e	VnQMcgDnPG lDjhTAyuSwKhg	3		8	23bc15e1-2350-4b26-9e3e-b8722707df47
571	2024-12-19 06:44:51.938182+00	36147372-6830-4e12-816a-9410f28ad21c	hIredjVobYLzwk SoHtsotq	3		8	23bc15e1-2350-4b26-9e3e-b8722707df47
572	2024-12-19 06:44:51.940419+00	d24ee3fa-e9d0-4b03-96b6-6c15cd03f416	SjfWHPkDNGSrH yvAMrglGDFYuhd	3		8	23bc15e1-2350-4b26-9e3e-b8722707df47
573	2024-12-19 06:44:51.942648+00	60f0c126-8d2a-4213-a780-f3bf74736956	LbXLShBLr slXAxBsudFu	3		8	23bc15e1-2350-4b26-9e3e-b8722707df47
574	2024-12-19 06:44:51.946231+00	394e2bc0-9a3f-41de-820b-b672a0c33416	xbPJPUhxFTgDOJ mDqDGhVVSkvtfy	3		8	23bc15e1-2350-4b26-9e3e-b8722707df47
575	2024-12-19 06:44:51.949621+00	6172de20-b95e-45aa-a932-7efc51b03b00	ascGoXfv nZcAwxGqvWtiCL	3		8	23bc15e1-2350-4b26-9e3e-b8722707df47
576	2024-12-19 06:44:51.951594+00	e0ce7053-f989-4e81-87c3-6b3665917a6c	mgSYLGQCXHYhYQq zxZqftTaquFZfbq	3		8	23bc15e1-2350-4b26-9e3e-b8722707df47
577	2024-12-19 06:44:51.953367+00	cbb49309-5423-4723-af26-2be2c267dea9	SQQTNspyslEehg AexPsKlWHDImG	3		8	23bc15e1-2350-4b26-9e3e-b8722707df47
578	2024-12-19 06:44:51.955018+00	a96a5946-e795-4c54-9d87-bbc28667f3cf	lQkJzbBVxdHT ImLKwrLbzhFv	3		8	23bc15e1-2350-4b26-9e3e-b8722707df47
579	2024-12-19 06:44:51.95678+00	e79ddd40-0790-45c6-8ed7-11203f53154c	hsjBwvxUCg gaMcbxSlKnYQeiA	3		8	23bc15e1-2350-4b26-9e3e-b8722707df47
580	2024-12-19 06:44:51.958517+00	9491a746-474c-4b2d-98f3-34f18a6c46be	McMkQZZvSiQr HqlvFYNFN	3		8	23bc15e1-2350-4b26-9e3e-b8722707df47
581	2024-12-19 06:44:51.960143+00	8f36dc67-5b4f-41c4-9bef-31b008fd02ea	zOKHuCBCnVe gMmlNAWCs	3		8	23bc15e1-2350-4b26-9e3e-b8722707df47
582	2024-12-19 06:44:51.961767+00	afd3ffce-7fff-4cc8-99f8-e2b11af0c3ad	qCuHDRYwtn YnTFVAvpCale	3		8	23bc15e1-2350-4b26-9e3e-b8722707df47
583	2024-12-19 06:44:51.963549+00	1084ed87-6556-45a6-8255-4d0b607a6b8f	DpgQFKUVncnE XwnnAIololBeay	3		8	23bc15e1-2350-4b26-9e3e-b8722707df47
584	2024-12-19 06:44:51.965153+00	4ff893b8-9e5b-4e53-96b1-ec1b68af5824	TYTMYPZU lGtdgUCJZ	3		8	23bc15e1-2350-4b26-9e3e-b8722707df47
585	2024-12-19 06:44:51.967037+00	03cc72ac-0236-40e6-8221-dd5be8aafd64	qSoDXMcXU CmSbPOVSRHiDf	3		8	23bc15e1-2350-4b26-9e3e-b8722707df47
586	2024-12-19 06:44:51.968712+00	a2f923f2-4cdd-4aad-af0e-19676ff28b84	jQEtvPXdwncU DQUcIdDAykqh	3		8	23bc15e1-2350-4b26-9e3e-b8722707df47
587	2024-12-19 06:44:51.970271+00	a3485345-64cb-465b-9c27-11786229a205	lQqTuxSlGbbCeob citMxIHCBSuZr	3		8	23bc15e1-2350-4b26-9e3e-b8722707df47
588	2024-12-19 06:44:51.971959+00	2095ff42-ab7e-47b7-a6f3-f86a147f90ba	YEtIZvOY OnYPBKlsyncjeIX	3		8	23bc15e1-2350-4b26-9e3e-b8722707df47
589	2024-12-19 06:44:51.973777+00	ec0ecca9-34b0-4a87-b306-11e808f5458e	DIzkmaNpAlFLvS GSSVhrovUUmUutO	3		8	23bc15e1-2350-4b26-9e3e-b8722707df47
590	2024-12-19 06:44:51.975392+00	06fe687c-c4e4-47e8-9919-8392cb1e2f68	ZsslELBLwdwdXQ dywWlgaLbJwU	3		8	23bc15e1-2350-4b26-9e3e-b8722707df47
591	2024-12-19 06:44:51.976978+00	9eeb3f81-41b4-42d4-b5f7-63664876a6bb	rAbWpyzrpbH BwisaUii	3		8	23bc15e1-2350-4b26-9e3e-b8722707df47
592	2024-12-19 06:44:51.978654+00	a587af7e-5a44-44ab-87b4-fb4697e72778	vSnBjwTtlYj byVOvRsaWFlASXC	3		8	23bc15e1-2350-4b26-9e3e-b8722707df47
593	2024-12-19 06:44:51.980229+00	3c135b90-2692-43ab-a029-7a158cbce077	khdCuyMHxiamK MjLLlhCiHLwfOPu	3		8	23bc15e1-2350-4b26-9e3e-b8722707df47
594	2024-12-19 06:44:51.981771+00	86b14409-0c3a-41c8-9f14-5609c841d374	asUgcbLyskn yjbldqhp	3		8	23bc15e1-2350-4b26-9e3e-b8722707df47
595	2024-12-19 06:44:51.983385+00	9fde2ef3-2312-4bde-bdc9-5c5bdea32ba4	Luk mito *0101 fan-club.kz 0ASS Luk mito *0101 fan-club.kz cxSS	3		8	23bc15e1-2350-4b26-9e3e-b8722707df47
596	2024-12-19 06:44:51.985083+00	f63dc910-8681-45ba-9960-ce0371dce6e6	CDwFhEGasTx DKKcSSFHCha	3		8	23bc15e1-2350-4b26-9e3e-b8722707df47
597	2024-12-19 06:44:51.986705+00	401638c7-0115-4d14-9294-25727b14e1ab	sOvcXlmKfdkVC bBsNaWzHatpVyJQ	3		8	23bc15e1-2350-4b26-9e3e-b8722707df47
598	2024-12-19 06:44:51.988392+00	6ed58a57-fc53-44ae-b4b4-b5d978a46c3c	hxJCxBHQpbPX CQXJUzBeVWzPuD	3		8	23bc15e1-2350-4b26-9e3e-b8722707df47
599	2024-12-19 06:44:51.989996+00	b0a6ed8f-6216-4c3a-9a69-c2e7d090b953	PQWqBfLSnV VwEaLhJpUyI	3		8	23bc15e1-2350-4b26-9e3e-b8722707df47
600	2024-12-19 06:44:51.991701+00	22ff818b-a23e-4911-ace6-7d00bded2810	gLwHFCQhuF mngNXTTFnDYpx	3		8	23bc15e1-2350-4b26-9e3e-b8722707df47
601	2024-12-19 06:44:51.993241+00	fdd8577a-7349-4bd6-b452-af14b2c69e67	kZSHeGhAumnDCe CmXhOmkHHMr	3		8	23bc15e1-2350-4b26-9e3e-b8722707df47
602	2024-12-19 06:44:51.994834+00	8b769676-8392-4c4b-b135-3e530295b599	WyNhlrGLHPrhMEb fAzJMuWQRcy	3		8	23bc15e1-2350-4b26-9e3e-b8722707df47
603	2024-12-19 06:44:51.996578+00	13932e64-8e02-43d4-9de8-4e0ef8d22ce0	WsHyvleSJtCz hALjMMumtpNjjox	3		8	23bc15e1-2350-4b26-9e3e-b8722707df47
604	2024-12-19 06:44:51.99848+00	0bce4f4f-3950-4665-b07d-fb54bf5ab150	eVnTobQf lnCZBGnAxYy	3		8	23bc15e1-2350-4b26-9e3e-b8722707df47
605	2024-12-19 06:44:52.000422+00	4c037f90-8354-4a00-bc23-1b8de2eda05e	WobhLugnp kgnGQZvuXYP	3		8	23bc15e1-2350-4b26-9e3e-b8722707df47
606	2024-12-19 06:44:52.00221+00	db88f7fc-109d-477a-9332-f714f0792999	hwfwKJBEGS ZlaLqdFWilJtDax	3		8	23bc15e1-2350-4b26-9e3e-b8722707df47
607	2024-12-19 06:44:52.004111+00	63708db2-3438-421e-8492-21a4e7383ffc	sWulLonsZWb QSeYWlzcGemqRzw	3		8	23bc15e1-2350-4b26-9e3e-b8722707df47
608	2024-12-19 06:44:52.006413+00	21ada348-c019-4b1a-a50e-a7e270e6dc3a	wleafpjTwwo xmpXgnBWvqTTD	3		8	23bc15e1-2350-4b26-9e3e-b8722707df47
609	2024-12-19 06:44:52.008527+00	bac350df-01ed-4553-b8c3-bb747f4c7066	sbPYeJTgyQLzU bIcWhtKzAqQFcz	3		8	23bc15e1-2350-4b26-9e3e-b8722707df47
610	2024-12-19 06:44:52.010189+00	8e8f5899-d3a6-47b7-95f4-817516a93559	zAxMUQrY OoXNXzfbZHaeaKm	3		8	23bc15e1-2350-4b26-9e3e-b8722707df47
611	2024-12-19 06:44:52.012085+00	c127c36f-3e08-4714-873b-531a3c0ef706	eubEvvBghkDRMQ heAMPPljW	3		8	23bc15e1-2350-4b26-9e3e-b8722707df47
612	2024-12-19 06:44:52.014651+00	1b42ff16-cafe-453a-a290-8ea319b594e2	tYvPWlaY svAJJbNohsIGOJu	3		8	23bc15e1-2350-4b26-9e3e-b8722707df47
613	2024-12-19 06:44:52.016488+00	0fda6291-b56f-409d-b0f0-0d23e0fd058b	AQZyDeAlMzqjm UyeuLvNWt	3		8	23bc15e1-2350-4b26-9e3e-b8722707df47
614	2024-12-19 06:44:52.018275+00	3161f06e-ad86-49f7-9950-c43e57a8b171	FVozyQIL oSkdgmUCYBk	3		8	23bc15e1-2350-4b26-9e3e-b8722707df47
615	2024-12-19 06:44:52.020192+00	44a6179b-80af-4f42-bf3f-f6f0f36299bd	iCtJqQjQcmGa eMlunaZZSPJsXX	3		8	23bc15e1-2350-4b26-9e3e-b8722707df47
616	2024-12-19 06:44:52.022007+00	7aacd102-b2de-460a-8263-3767d30a1de7	cZhxmhpqk aztGYzdQ	3		8	23bc15e1-2350-4b26-9e3e-b8722707df47
617	2024-12-19 06:44:52.023668+00	9d99459b-e226-419f-a6b2-46361608fc6a	zfBxqwpggken nvSTHXHxda	3		8	23bc15e1-2350-4b26-9e3e-b8722707df47
618	2024-12-19 06:44:52.025372+00	dbb877a0-b791-4300-93dc-5dc6a31c3c9c	EziNTRpOimzs gZYUEHWaqZZaJ	3		8	23bc15e1-2350-4b26-9e3e-b8722707df47
619	2024-12-19 06:44:52.027059+00	f0b637a2-3c84-48e0-a669-1818b2f18748	uTDcphBzST nNYOFYURXhmRaTD	3		8	23bc15e1-2350-4b26-9e3e-b8722707df47
620	2024-12-19 06:44:52.028937+00	b5f6a9e2-f6cf-4763-8445-b4ffa3263134	ekfvXiMVEnZ hDOXCDmNhLKUE	3		8	23bc15e1-2350-4b26-9e3e-b8722707df47
621	2024-12-19 06:44:52.030662+00	b93dad22-fe33-4aa0-b5bd-4ac72bbd05e3	YFJEDDhfoZvw BvFfqCIOjF	3		8	23bc15e1-2350-4b26-9e3e-b8722707df47
622	2024-12-19 06:44:52.032408+00	5c09472b-ae41-499b-b0c3-56d021b17e9e	rMErlcmxU caGnwJguNnM	3		8	23bc15e1-2350-4b26-9e3e-b8722707df47
623	2024-12-19 06:44:52.034164+00	0ccbabb7-ede3-4f8a-a5ac-ca33a68ed337	TkHUHbhVHvAPTnV QvzoAFtLOshlNY	3		8	23bc15e1-2350-4b26-9e3e-b8722707df47
624	2024-12-19 06:44:52.036116+00	b7d8cdb0-ec4a-47d2-bdca-0e4b61e739d9	JXfluxzNGZF VOWzPvku	3		8	23bc15e1-2350-4b26-9e3e-b8722707df47
625	2024-12-19 06:44:52.037843+00	d129d855-973a-4d9b-8604-5b43c10e08b7	vDBStXmIxfpXD LwdsZarEKBbmBV	3		8	23bc15e1-2350-4b26-9e3e-b8722707df47
626	2024-12-19 06:44:52.03978+00	2aab5178-4637-4a64-a06d-f642b2d9348a	NfbGaWyybSKtB XxhfPbKDCykka	3		8	23bc15e1-2350-4b26-9e3e-b8722707df47
627	2024-12-19 06:44:52.041565+00	f855a098-a225-4ec2-b2a2-22c240db3119	RWDGtPCQghc LfsSNTWMFQAjb	3		8	23bc15e1-2350-4b26-9e3e-b8722707df47
628	2024-12-19 06:44:52.043338+00	98049807-968b-4053-b0f5-98fec2812869	llyFBZCXtdXqndm dJnvwzFimZiNMrZ	3		8	23bc15e1-2350-4b26-9e3e-b8722707df47
629	2024-12-19 06:44:52.05098+00	90868d15-3597-44f5-b551-c1d9d0e34344	UPcZkKEOAfNAB tBBRWUtY	3		8	23bc15e1-2350-4b26-9e3e-b8722707df47
630	2024-12-19 06:44:52.053024+00	3a770509-7ce7-4b91-b90b-77b0824e8ef1	eakxHVhw yGiYYnYr	3		8	23bc15e1-2350-4b26-9e3e-b8722707df47
631	2024-12-19 06:44:52.054757+00	56be178d-942b-4819-9a31-e47f63ca65fa	YISfNvwjw rCKOXwAQfd	3		8	23bc15e1-2350-4b26-9e3e-b8722707df47
632	2024-12-19 06:44:52.056982+00	89ec00c7-91f8-4a2b-97fd-dac799b75a82	tqcUommDWN YhOAqZBfoGRHX	3		8	23bc15e1-2350-4b26-9e3e-b8722707df47
633	2024-12-19 06:44:52.058729+00	0541fd11-179a-4fea-80d1-e6a1ac53495d	cNlHoiSNXecVN vAOnfYqOYe	3		8	23bc15e1-2350-4b26-9e3e-b8722707df47
634	2024-12-19 06:44:52.060419+00	8429408e-cc95-4edc-b69b-ca3c4baa56b4	DAxIYBNNBwSJa oimRidCFGYvq	3		8	23bc15e1-2350-4b26-9e3e-b8722707df47
635	2024-12-19 06:44:52.062042+00	0dffbef0-d1f9-4337-b6a5-b1c7ca290d19	jEmBvHcsQoFfaAB XEIkrWohsUp	3		8	23bc15e1-2350-4b26-9e3e-b8722707df47
636	2024-12-19 06:44:52.063996+00	1d4adae4-ea28-4015-bd17-20b48cacce3d	JkTvOcaEQDVf ertsvOAmA	3		8	23bc15e1-2350-4b26-9e3e-b8722707df47
637	2024-12-19 06:44:52.065764+00	a044f8da-f344-4052-b29c-d5af67063d60	fDFbnxSc wRpBJSIo	3		8	23bc15e1-2350-4b26-9e3e-b8722707df47
638	2024-12-19 06:44:52.067545+00	aa408848-aace-4a83-b0ad-143004dda3f0	oEYeuvzXAiPQ QrREKHaJCjU	3		8	23bc15e1-2350-4b26-9e3e-b8722707df47
639	2024-12-19 06:44:52.069216+00	3021a9b6-3595-4055-bb45-bff4cce034bc	dEsxqqfxi QkJvjaoRn	3		8	23bc15e1-2350-4b26-9e3e-b8722707df47
640	2024-12-19 06:44:52.07103+00	ee8539b1-34bb-4abb-9019-7730aeecb43a	ziUiXWmuUkVR JmZZQimOrN	3		8	23bc15e1-2350-4b26-9e3e-b8722707df47
641	2024-12-19 06:44:52.072807+00	dae39d68-62af-4637-8a18-3b37fef8c972	RqSMmNqdM swBfedAL	3		8	23bc15e1-2350-4b26-9e3e-b8722707df47
642	2024-12-19 06:44:52.07487+00	c0b4b3a9-77a8-4941-a8f2-cf8275db9685	rEiYRPlqmZTi LsUnfhXNQO	3		8	23bc15e1-2350-4b26-9e3e-b8722707df47
643	2024-12-19 06:44:52.076722+00	eb85a93c-c92f-42ba-a459-7f504c90918d	HMGrIwaELvkoBv PqVSFotNLXZ	3		8	23bc15e1-2350-4b26-9e3e-b8722707df47
644	2024-12-19 06:44:52.078342+00	088559a6-6626-45c2-ae93-4bca2a64be87	FxqFKLIypnNtJo MtRuqqjyHYte	3		8	23bc15e1-2350-4b26-9e3e-b8722707df47
645	2024-12-19 06:44:52.080204+00	4f5ebf92-886a-43cc-b77d-293b3d3bc566	tyjJdPtLmUxtg jEnomOvxbFPw	3		8	23bc15e1-2350-4b26-9e3e-b8722707df47
646	2024-12-19 06:44:52.082079+00	a167b729-e318-47ec-a5c3-62080aa26f96	mcSeutQpBqULmI pQVfCSIe	3		8	23bc15e1-2350-4b26-9e3e-b8722707df47
647	2024-12-19 06:44:52.083766+00	dd1af344-3e20-49e6-a6b5-10f93eb85bbe	uIzKZKOo YxnkaoctF	3		8	23bc15e1-2350-4b26-9e3e-b8722707df47
648	2024-12-19 06:44:52.085739+00	b489e9c3-b5db-49cd-bf36-69828156e1f0	RysgUAHO ARnNMejbPuGLGs	3		8	23bc15e1-2350-4b26-9e3e-b8722707df47
649	2024-12-19 11:01:23.750372+00	44046f22-65e2-424e-b36a-76b171ee2d52	Мадияр Медетбеков	2	[{"changed": {"fields": ["Is displayed in allies", "Can create clubs"]}}]	8	23bc15e1-2350-4b26-9e3e-b8722707df47
650	2024-12-20 07:57:15.66656+00	17c7adb3-7237-4652-9365-9255cd13f045	sJIFqzTBBH pzBkbQzkNzc	3		8	23bc15e1-2350-4b26-9e3e-b8722707df47
651	2024-12-20 07:57:15.672782+00	02d0f470-a184-4375-a90b-a3da9ed6c51e	jNutPwdFcxHr KkMNWAYLF	3		8	23bc15e1-2350-4b26-9e3e-b8722707df47
652	2024-12-20 07:57:15.675681+00	aca94dc5-a43b-4c75-a49e-f17374d3b68f	breWFxPr plHFIHWLXrSG	3		8	23bc15e1-2350-4b26-9e3e-b8722707df47
653	2024-12-20 07:57:15.678138+00	aabaeeae-cbfb-4c83-bf56-7c5354ecd528	GVtzXzvRD RwPpvqTlNmKnke	3		8	23bc15e1-2350-4b26-9e3e-b8722707df47
654	2024-12-20 07:57:15.680555+00	5d9df5c6-1ef2-40ca-9cf3-24cc758edbed	ZGnYRAxrGyV AMMcAvzbsccXk	3		8	23bc15e1-2350-4b26-9e3e-b8722707df47
655	2024-12-20 07:57:15.682865+00	6b9a0a73-3d7b-4885-829f-3d4762d0d5b8	ykFokIbzsnE krJIgmvU	3		8	23bc15e1-2350-4b26-9e3e-b8722707df47
656	2024-12-20 07:57:15.68515+00	acaa7385-91cd-40d7-b8ae-ed3e52fb5dec	pDKXDUdUURHQ MHhFaVVZp	3		8	23bc15e1-2350-4b26-9e3e-b8722707df47
657	2024-12-20 07:57:15.687421+00	d47fa7fb-338b-464f-b0f0-dfc205dfe162	DbqafUXvBO iBYGAiIhZy	3		8	23bc15e1-2350-4b26-9e3e-b8722707df47
658	2024-12-20 07:57:15.689542+00	26692f74-bb2e-4148-ba49-9345a0108d55	OSyrMVrxKNIyKK CXbstYuXSdBd	3		8	23bc15e1-2350-4b26-9e3e-b8722707df47
659	2024-12-20 07:57:15.6919+00	94168a6d-0f08-4440-a9a2-5dbd53e3444f	xmyhTIdIchi WaPipJrLdM	3		8	23bc15e1-2350-4b26-9e3e-b8722707df47
660	2024-12-20 07:57:15.694017+00	99c54428-b103-47ca-ba02-5eff5ff77a2e	pXsNbiIuulbL yemDFIpyP	3		8	23bc15e1-2350-4b26-9e3e-b8722707df47
661	2024-12-20 07:57:15.696158+00	c699060f-e9ca-42f0-9d98-eba782a59776	VzfZbQjBb RgIaNOwbr	3		8	23bc15e1-2350-4b26-9e3e-b8722707df47
662	2024-12-20 07:57:15.698292+00	b66358f2-6837-45d1-acf9-3ca8244a3770	qUooGbNmcE vKtToAdYZY	3		8	23bc15e1-2350-4b26-9e3e-b8722707df47
663	2024-12-20 07:57:15.700532+00	ddb03671-3889-4e0a-a382-8b0dffd97940	VDzNljbNvh mpAEXSaEZafl	3		8	23bc15e1-2350-4b26-9e3e-b8722707df47
664	2024-12-20 07:57:15.702688+00	0320cecd-36e4-4724-aa7a-318e5c24a502	tWnoixef AKsojjAb	3		8	23bc15e1-2350-4b26-9e3e-b8722707df47
665	2024-12-20 07:57:15.704906+00	0ea91360-9152-4247-a0d4-833d4e2e61cd	aEisyiGQowTcQf CNMZqXvpYozQHy	3		8	23bc15e1-2350-4b26-9e3e-b8722707df47
666	2024-12-20 07:57:15.707078+00	9e557510-b73e-4ccc-b364-a766e190977b	QPciBpuI dHxKdFNbjB	3		8	23bc15e1-2350-4b26-9e3e-b8722707df47
667	2024-12-20 07:57:15.709334+00	16c2ebde-7e0d-40a0-b628-50bb83dcb923	HVxnBkAdEY SMPJJCxje	3		8	23bc15e1-2350-4b26-9e3e-b8722707df47
668	2024-12-20 07:57:15.711598+00	94b2980f-cf78-43a7-974b-2cde067fbc9e	NlHEWfpxj vnkqccknjp	3		8	23bc15e1-2350-4b26-9e3e-b8722707df47
669	2024-12-20 07:57:15.713967+00	ddbfaff1-0182-45f4-a9cb-91d4c38bb1d1	hcfwgevlY JsfbjXTrK	3		8	23bc15e1-2350-4b26-9e3e-b8722707df47
670	2024-12-20 07:57:15.716224+00	7094dfca-cc0b-4f3c-af5e-26b4d7571a95	vIcKAGfObbRriHe gMvMwpaKkuWdS	3		8	23bc15e1-2350-4b26-9e3e-b8722707df47
671	2024-12-20 08:23:07.542945+00	0c500e6e-a593-492a-8f82-7baac6e21a79	Адель Галимзянова	2	[{"changed": {"fields": ["Is displayed in allies", "Can create clubs"]}}]	8	23bc15e1-2350-4b26-9e3e-b8722707df47
672	2024-12-20 18:08:51.378832+00	3217fc69-a264-4e8c-85df-ac95e37ea4da	Alex Petrov	2	[{"changed": {"fields": ["Can create clubs"]}}]	8	23bc15e1-2350-4b26-9e3e-b8722707df47
673	2024-12-20 18:11:58.946563+00	202f21eb-ab79-4b03-9974-00c06b406a25	VGLwwRweAE TYOPQiHIfpBYbx	3		8	23bc15e1-2350-4b26-9e3e-b8722707df47
674	2024-12-20 18:11:58.951984+00	ab150af0-7b0b-4b1d-ad00-eba9c300dabf	fiiUtERUOprD ijfRrWXNhOOq	3		8	23bc15e1-2350-4b26-9e3e-b8722707df47
675	2024-12-20 18:11:58.954161+00	65eafb4a-7b95-470e-a4ec-c5273f6f70f8	YQFxupLLS ugEcpOgPVqWadB	3		8	23bc15e1-2350-4b26-9e3e-b8722707df47
676	2024-12-20 18:11:58.95622+00	e22dac7e-8b08-4cdb-92c6-2e0ddf485e4c	iENGQdBrUwbyW YQFVoBjQKHc	3		8	23bc15e1-2350-4b26-9e3e-b8722707df47
677	2024-12-20 18:11:58.958457+00	6d083c89-5777-41f4-8bfc-a21936d33377	wVoiKDWmRyLVU JMrvZSVtWYFW	3		8	23bc15e1-2350-4b26-9e3e-b8722707df47
678	2024-12-20 18:11:58.960608+00	4facb52f-afa2-449d-8bd2-26bd3b4a9cf1	KpSrAuixRzzwn bhjOfswXTTCCqt	3		8	23bc15e1-2350-4b26-9e3e-b8722707df47
679	2024-12-20 18:11:58.962913+00	fa0e06f9-4432-4156-a4e0-58c84478f247	CMUQSDVZCNm AvVRRNLeeR	3		8	23bc15e1-2350-4b26-9e3e-b8722707df47
680	2024-12-20 18:11:58.965502+00	d8a815b6-9c3d-4bb0-843f-f6aefd7414cf	GxsqmSePBF qxFGeDQDfkabX	3		8	23bc15e1-2350-4b26-9e3e-b8722707df47
681	2024-12-20 18:13:50.698189+00	3217fc69-a264-4e8c-85df-ac95e37ea4da	Alex Petrov	2	[{"changed": {"fields": ["Can create clubs"]}}]	8	23bc15e1-2350-4b26-9e3e-b8722707df47
682	2024-12-20 18:14:54.18681+00	3217fc69-a264-4e8c-85df-ac95e37ea4da	Alex Petrov	2	[{"changed": {"fields": ["Can create clubs"]}}]	8	23bc15e1-2350-4b26-9e3e-b8722707df47
683	2024-12-20 18:17:50.606949+00	23bc15e1-2350-4b26-9e3e-b8722707df47	Рустем Бактыбаев	2	[{"changed": {"fields": ["Can create clubs"]}}]	8	23bc15e1-2350-4b26-9e3e-b8722707df47
684	2024-12-20 20:11:07.976604+00	518947ba-d6a9-423b-a232-7cfe89dba82d	RYliNzrHYPGVn XZecCXbsRB	3		8	23bc15e1-2350-4b26-9e3e-b8722707df47
685	2024-12-21 05:48:12.561257+00	c477d213-fa0d-4a31-b815-33fbcbc7899e	fLGwUfCgIUqSfi qLGxfhsCRNkXU	3		8	23bc15e1-2350-4b26-9e3e-b8722707df47
686	2024-12-21 05:48:12.573536+00	d77bda2f-8a1c-4ff1-ba2d-f2eb03131103	SjwozOajg qAxtkKVzaJNUP	3		8	23bc15e1-2350-4b26-9e3e-b8722707df47
687	2024-12-21 05:48:12.576113+00	7c88df37-3f49-4d94-88ab-df22b7c254ef	ClWYvtmMGimqO dEytQXukTxFy	3		8	23bc15e1-2350-4b26-9e3e-b8722707df47
688	2024-12-21 05:48:12.580248+00	d9006241-6607-4d8d-865d-e1b6f84acba8	inKZuooeT bkanOtFjrXQyxH	3		8	23bc15e1-2350-4b26-9e3e-b8722707df47
689	2024-12-21 05:48:12.582205+00	61509441-a751-4929-a2b1-ad65ba231e16	StevencafTJ StevencafTJ	3		8	23bc15e1-2350-4b26-9e3e-b8722707df47
690	2024-12-23 08:45:13.059828+00	4cb84414-9c4f-4f59-8e18-b50c24fc4496	Aisulu Musaeva	2	[{"changed": {"fields": ["Can create clubs"]}}]	8	23bc15e1-2350-4b26-9e3e-b8722707df47
691	2024-12-23 08:48:05.490683+00	4cb84414-9c4f-4f59-8e18-b50c24fc4496	Aisulu Musaeva	2	[{"changed": {"fields": ["Can create clubs"]}}]	8	23bc15e1-2350-4b26-9e3e-b8722707df47
692	2024-12-23 08:50:48.682997+00	4cb84414-9c4f-4f59-8e18-b50c24fc4496	Aisulu Musaeva	2	[{"changed": {"fields": ["Can create clubs"]}}]	8	23bc15e1-2350-4b26-9e3e-b8722707df47
693	2024-12-23 08:51:13.787565+00	4cb84414-9c4f-4f59-8e18-b50c24fc4496	Aisulu Musaeva	2	[{"changed": {"fields": ["Can create clubs"]}}]	8	23bc15e1-2350-4b26-9e3e-b8722707df47
694	2024-12-23 08:51:39.827942+00	4cb84414-9c4f-4f59-8e18-b50c24fc4496	Aisulu Musaeva	2	[{"changed": {"fields": ["Can create clubs"]}}]	8	23bc15e1-2350-4b26-9e3e-b8722707df47
695	2024-12-31 16:39:50.582787+00	fd45ea33-b3f9-47f0-8cd4-83758b988cbe	gdsgdsgdsg	3		21	23bc15e1-2350-4b26-9e3e-b8722707df47
696	2024-12-31 16:39:50.59674+00	c03df82c-8774-4259-87ca-996c3a04ec45	gdsgdsgdsg	3		21	23bc15e1-2350-4b26-9e3e-b8722707df47
697	2024-12-31 16:39:50.599978+00	bbe54c2a-b19b-4f69-9560-d209ba0aaf12	gdsgdsgdsg	3		21	23bc15e1-2350-4b26-9e3e-b8722707df47
698	2024-12-31 16:39:50.603313+00	9faa5dd5-2491-445c-838e-19e4ab976a38	фыввфывфыв	3		21	23bc15e1-2350-4b26-9e3e-b8722707df47
699	2024-12-31 16:39:50.60592+00	100e8873-94ca-459f-b345-ff16071febb9	gdsgdsgdsg	3		21	23bc15e1-2350-4b26-9e3e-b8722707df47
700	2024-12-31 16:39:50.608528+00	034a7174-a99a-4d6d-9479-61332689fb1b	Jcficic	3		21	23bc15e1-2350-4b26-9e3e-b8722707df47
701	2024-12-31 16:40:18.455073+00	3fa48fbe-eb8a-4d9f-8fd5-a81a197e0dc7	test	3		21	23bc15e1-2350-4b26-9e3e-b8722707df47
702	2024-12-31 16:41:09.705762+00	6ab8b368-f06e-4471-b443-b6ccf15ea291	МАРКЕТИНГОВОЕ АГЕНСТВО	3		11	23bc15e1-2350-4b26-9e3e-b8722707df47
703	2024-12-31 16:41:09.710292+00	e972f08a-3ee3-44bf-8588-ca7582422058	Testssts	3		11	23bc15e1-2350-4b26-9e3e-b8722707df47
704	2024-12-31 16:41:09.712333+00	d16f07b1-6d20-4f59-b076-e7da0e963978	Test	3		11	23bc15e1-2350-4b26-9e3e-b8722707df47
705	2024-12-31 16:41:09.714554+00	d64b37af-22da-4109-9cab-092b364c35b5	Testydifu	3		11	23bc15e1-2350-4b26-9e3e-b8722707df47
706	2024-12-31 16:41:09.716405+00	d637feea-9b9c-4361-bd94-1a9d0f0cf501	Vrbthtnt	3		11	23bc15e1-2350-4b26-9e3e-b8722707df47
707	2024-12-31 16:41:09.718258+00	8a6d4873-ae9d-4d62-baa5-59a38924a02d	fdsfhfd	3		11	23bc15e1-2350-4b26-9e3e-b8722707df47
708	2024-12-31 16:41:09.720084+00	4f1a2eea-533f-453e-a554-9b58ad9d9e96	test2	3		11	23bc15e1-2350-4b26-9e3e-b8722707df47
709	2024-12-31 16:43:22.785813+00	80b9ed7b-0f1a-4dca-a273-bb1e0bf2ac62	СПОРТ КЛУБ	3		11	23bc15e1-2350-4b26-9e3e-b8722707df47
710	2024-12-31 16:43:22.792713+00	2bdab2b0-fda4-42cb-a0a2-9a4d4fbcb7c6	Клуб бега	3		11	23bc15e1-2350-4b26-9e3e-b8722707df47
711	2025-01-04 14:04:37.440985+00	e4b80f6e-9103-4d99-8ac5-3dff31059aa7	Anastassiya Khramova	2	[{"changed": {"fields": ["Is displayed in allies", "Can create clubs"]}}]	8	23bc15e1-2350-4b26-9e3e-b8722707df47
712	2025-03-04 15:25:22.452284+00	3217fc69-a264-4e8c-85df-ac95e37ea4da	Alex Petrov	2	[{"changed": {"fields": ["Can create clubs"]}}]	8	23bc15e1-2350-4b26-9e3e-b8722707df47
713	2025-07-01 16:23:35.55265+00	3cd16955-6ce9-4c9d-9dc9-40e834c9b2f3	Артём Ледяев	2	[{"changed": {"fields": ["Can create clubs"]}}]	8	23bc15e1-2350-4b26-9e3e-b8722707df47
714	2025-07-08 05:05:39.840271+00	ef3d5b77-66c5-4742-8a53-c994f6a11a9d	Евгений Тименцев	2	[{"changed": {"fields": ["Can create clubs"]}}]	8	23bc15e1-2350-4b26-9e3e-b8722707df47
715	2025-07-08 10:19:07.973622+00	60f8f0b8-ea02-4552-ac9c-f511ea8e164a	Валерий Еременко	2	[{"changed": {"fields": ["Can create clubs"]}}]	8	23bc15e1-2350-4b26-9e3e-b8722707df47
716	2025-07-10 06:15:19.758157+00	58ef759b-8019-4ad1-b1dd-ce3c0aa933b0	Дамира Кадыралиева	2	[{"changed": {"fields": ["Can create clubs", "Active"]}}]	8	23bc15e1-2350-4b26-9e3e-b8722707df47
717	2025-07-21 18:49:01.882221+00	3779fce5-52aa-41df-963b-981e98896280	Аслан Исмаилов	2	[{"changed": {"fields": ["Can create clubs"]}}]	8	23bc15e1-2350-4b26-9e3e-b8722707df47
718	2025-07-25 06:25:27.399312+00	10bc9495-2255-4faa-9497-8c25c2d62044	Sofo Davletova	2	[{"changed": {"fields": ["Can create clubs"]}}]	8	23bc15e1-2350-4b26-9e3e-b8722707df47
719	2025-07-30 14:58:37.843849+00	97393a41-49b9-41da-ad7f-106a7a2faca4	Ксандра Силантье	2	[{"changed": {"fields": ["Can create clubs"]}}]	8	23bc15e1-2350-4b26-9e3e-b8722707df47
720	2025-08-08 04:24:31.22516+00	f3777d75-8311-4e7d-b42e-7cf8e3dde66c	Инна Ким	2	[{"changed": {"fields": ["Can create clubs"]}}]	8	23bc15e1-2350-4b26-9e3e-b8722707df47
721	2025-08-14 04:19:31.750541+00	bf3e0031-e2d6-4095-b79e-4282e91b0282	Марат Кожахметов	2	[{"changed": {"fields": ["Can create clubs"]}}]	8	23bc15e1-2350-4b26-9e3e-b8722707df47
722	2025-08-14 04:22:44.301838+00	848151cb-e218-4567-a4be-de5041487052	Игорь Нуржанов	2	[{"changed": {"fields": ["Can create clubs"]}}]	8	23bc15e1-2350-4b26-9e3e-b8722707df47
723	2025-08-14 14:56:22.623103+00	1a311557-2892-4ce9-b10c-301978cf14d8	Фестиваль Сообществ 2	2	[{"changed": {"fields": ["\\u041e\\u043f\\u0438\\u0441\\u0430\\u043d\\u0438\\u0435", "\\u0414\\u0430\\u0442\\u0430 \\u043d\\u0430\\u0447\\u0430\\u043b\\u0430", "\\u041f\\u0440\\u0438\\u0433\\u043b\\u0430\\u0448\\u0435\\u043d\\u043d\\u044b\\u0435 \\u043a\\u043b\\u0443\\u0431\\u044b"]}}]	15	23bc15e1-2350-4b26-9e3e-b8722707df47
724	2025-08-14 14:57:13.43316+00	1a311557-2892-4ce9-b10c-301978cf14d8	Фестиваль Сообществ 2	2	[{"changed": {"fields": ["\\u0424\\u043e\\u0442\\u043e"]}}]	15	23bc15e1-2350-4b26-9e3e-b8722707df47
725	2025-08-14 14:59:53.328114+00	557b5931-3df7-4a65-817d-ef702aa568eb	Вместе	3		11	23bc15e1-2350-4b26-9e3e-b8722707df47
726	2025-08-14 14:59:53.336156+00	c32d3b63-0dd9-408f-98db-4fcaa59bc52c	Клуб компьютерных игр	3		11	23bc15e1-2350-4b26-9e3e-b8722707df47
727	2025-08-14 14:59:53.340247+00	c3f8b46c-9f83-4c5f-9cfa-7e6db6dc55ec	Музыка для души	3		11	23bc15e1-2350-4b26-9e3e-b8722707df47
728	2025-08-14 14:59:53.345009+00	92d1a70b-093b-4040-b6b5-004950ce5884	Кружок рисования	3		11	23bc15e1-2350-4b26-9e3e-b8722707df47
729	2025-08-14 14:59:53.35048+00	cb20ff53-602c-4ae3-b90d-dc53137295db	Сообщество Handmade	3		11	23bc15e1-2350-4b26-9e3e-b8722707df47
730	2025-08-14 14:59:53.356749+00	e2124956-7023-44e9-9123-5a9541c29c33	студия рисования	3		11	23bc15e1-2350-4b26-9e3e-b8722707df47
731	2025-08-14 14:59:53.361584+00	214c5856-b405-40bd-947f-859a46f90e7c	Клуб бега	3		11	23bc15e1-2350-4b26-9e3e-b8722707df47
732	2025-08-14 14:59:53.365671+00	53e53734-0144-419f-825b-55c6b9ee602f	Клуб сварщиков ТИГР 🐯	3		11	23bc15e1-2350-4b26-9e3e-b8722707df47
733	2025-08-14 14:59:53.368881+00	667963b9-605b-455b-9314-a4167ae1c222	Клуб шахмат - Тигр	3		11	23bc15e1-2350-4b26-9e3e-b8722707df47
734	2025-08-14 14:59:53.37234+00	fedab5f0-6d97-4372-a9b5-4755ff704629	Креативные дизайны ногтей	3		11	23bc15e1-2350-4b26-9e3e-b8722707df47
735	2025-08-14 14:59:53.376161+00	d72b06b9-e781-4cf7-aef8-6948982d084d	Сообщество сварщиков	3		11	23bc15e1-2350-4b26-9e3e-b8722707df47
736	2025-08-17 13:16:01.268497+00	28ee9f52-d8b8-44fa-a76d-07992a93681f	Азамат Saginbaev	2	[{"changed": {"fields": ["Can create clubs"]}}]	8	23bc15e1-2350-4b26-9e3e-b8722707df47
737	2025-08-20 14:58:20.904494+00	84761213-c195-40d5-90ae-fa0dfd7c3e5c	Maria Makarova	2	[{"changed": {"fields": ["Can create clubs"]}}]	8	23bc15e1-2350-4b26-9e3e-b8722707df47
738	2025-08-20 14:58:53.691876+00	3d256c9b-2fe4-488e-832c-a7f76995a92c	Olga Tsaturyan	2	[{"changed": {"fields": ["Can create clubs"]}}]	8	23bc15e1-2350-4b26-9e3e-b8722707df47
739	2025-08-21 03:12:06.576064+00	5cb9f38a-3e44-47d9-9a4a-6ec0eacbe264	Sunrisedancestudio Sunrisedancestudio	2	[{"changed": {"fields": ["Can create clubs"]}}]	8	23bc15e1-2350-4b26-9e3e-b8722707df47
740	2025-08-22 11:26:05.525193+00	652353a5-f9ce-4b64-a026-6eb8b5facf9b	Мажит Чочаев	2	[{"changed": {"fields": ["Can create clubs"]}}]	8	23bc15e1-2350-4b26-9e3e-b8722707df47
741	2025-08-22 11:26:13.229789+00	96a21096-7119-4644-8d57-a4a73e44f99d	Мадина Алимкан	2	[{"changed": {"fields": ["Can create clubs"]}}]	8	23bc15e1-2350-4b26-9e3e-b8722707df47
742	2025-08-22 12:27:11.118534+00	6aefd978-b7ee-47d2-9122-8c0b78d41274	Футбольный клуб	2	[{"changed": {"fields": ["\\u0418\\u043c\\u044f \\u0441\\u043e\\u043e\\u0431\\u0449\\u0435\\u0441\\u0442\\u0432\\u0430"]}}]	11	23bc15e1-2350-4b26-9e3e-b8722707df47
743	2025-08-24 11:52:11.876924+00	e376f271-a93f-47a2-901a-d7a223f5fa74	Игорь Литовченко	2	[{"changed": {"fields": ["Can create clubs"]}}]	8	23bc15e1-2350-4b26-9e3e-b8722707df47
744	2025-09-08 13:57:16.064887+00	6a9d9b34-9a03-49c7-b786-810553134d12	Айнур Кылышбекова	2	[{"changed": {"fields": ["Can create clubs"]}}]	8	23bc15e1-2350-4b26-9e3e-b8722707df47
\.


--
-- Data for Name: django_content_type; Type: TABLE DATA; Schema: public; Owner: postgres
--

COPY public.django_content_type (id, app_label, model) FROM stdin;
1	admin	logentry
2	auth	permission
3	auth	group
4	contenttypes	contenttype
5	sessions	session
6	authtoken	token
7	authtoken	tokenproxy
8	accounts	user
9	accounts	profile
10	clubs	city
11	clubs	club
12	clubs	clubadtype
13	clubs	clubcategory
14	clubs	clubservice
15	clubs	festival
16	clubs	festivalparticipationrequest
17	clubs	clubserviceimage
18	clubs	clubpartnershiprequest
19	clubs	clubjoinrequest
20	clubs	clubgalleryphoto
21	clubs	clubevent
22	clubs	clubads
23	clubs	serviceforclubs
24	clubs	publication
\.


--
-- Data for Name: django_migrations; Type: TABLE DATA; Schema: public; Owner: postgres
--

COPY public.django_migrations (id, app, name, applied) FROM stdin;
1	contenttypes	0001_initial	2024-11-29 15:50:34.252975+00
2	contenttypes	0002_remove_content_type_name	2024-11-29 15:50:34.288+00
3	auth	0001_initial	2024-11-29 15:50:34.454134+00
4	auth	0002_alter_permission_name_max_length	2024-11-29 15:50:34.475801+00
5	auth	0003_alter_user_email_max_length	2024-11-29 15:50:34.501878+00
6	auth	0004_alter_user_username_opts	2024-11-29 15:50:34.521379+00
7	auth	0005_alter_user_last_login_null	2024-11-29 15:50:34.55151+00
8	auth	0006_require_contenttypes_0002	2024-11-29 15:50:34.558625+00
9	auth	0007_alter_validators_add_error_messages	2024-11-29 15:50:34.578397+00
10	auth	0008_alter_user_username_max_length	2024-11-29 15:50:34.599554+00
11	auth	0009_alter_user_last_name_max_length	2024-11-29 15:50:34.621249+00
12	auth	0010_alter_group_name_max_length	2024-11-29 15:50:34.659648+00
13	auth	0011_update_proxy_permissions	2024-11-29 15:50:34.684739+00
14	auth	0012_alter_user_first_name_max_length	2024-11-29 15:50:34.698163+00
15	accounts	0001_initial	2024-11-29 15:50:34.951657+00
16	accounts	0002_alter_user_managers	2024-11-29 15:50:34.987619+00
17	admin	0001_initial	2024-11-29 15:50:35.077299+00
18	admin	0002_logentry_remove_auto_add	2024-11-29 15:50:35.108799+00
19	admin	0003_logentry_add_action_flag_choices	2024-11-29 15:50:35.153824+00
20	authtoken	0001_initial	2024-11-29 15:50:35.213707+00
21	authtoken	0002_auto_20160226_1747	2024-11-29 15:50:35.318146+00
22	authtoken	0003_tokenproxy	2024-11-29 15:50:35.327628+00
23	authtoken	0004_alter_tokenproxy_options	2024-11-29 15:50:35.342001+00
24	clubs	0001_initial	2024-11-29 15:50:36.915999+00
25	clubs	0002_alter_festival_location	2024-11-29 15:50:36.96296+00
26	clubs	0003_serviceforclubs	2024-11-29 15:50:36.984686+00
27	clubs	0004_alter_serviceforclubs_options_and_more	2024-11-29 15:50:37.050111+00
28	clubs	0005_serviceforclubs_phone	2024-11-29 15:50:37.079517+00
29	clubs	0006_remove_serviceforclubs_price_and_more	2024-11-29 15:50:37.116941+00
30	clubs	0007_publication_alter_serviceforclubs_phone	2024-11-29 15:50:37.201505+00
31	clubs	0008_publication_content	2024-11-29 15:50:37.227228+00
32	clubs	0009_publication_annotation	2024-11-29 15:50:37.246386+00
33	sessions	0001_initial	2024-11-29 15:50:37.299531+00
34	accounts	0003_user_can_create_clubs	2024-12-19 08:38:25.621975+00
35	accounts	0004_alter_user_phone	2024-12-21 06:00:30.271489+00
36	clubs	0010_alter_club_phone_alter_serviceforclubs_phone	2024-12-21 06:00:30.326741+00
\.


--
-- Data for Name: django_session; Type: TABLE DATA; Schema: public; Owner: postgres
--

COPY public.django_session (session_key, session_data, expire_date) FROM stdin;
096kvektth5feb61b6jb268sz4672vne	eyJfcGFzc3dvcmRfcmVzZXRfdG9rZW4iOiJjaTcxcGYtMzJiOTU3NTJjZjE1Yjk0MzljNGEwYjIyZDEzNTk1NTcifQ:1tNYR4:5rs0-VnKUgjuL2lN7pGBbUTn5nJpTbgCtdSXQmM_7O8	2024-12-31 14:20:30.360666+00
ou1tg7e4eppcwp0bjhhdo9dt67jx1j80	.eJxVjTsOwjAQRO_iGlv-rWVT0ucM0Xp3QwIokfKpEHcnoBRQjua9madqcVv7dltkbgdWZ8VIzoXgdY026wjidO5q0piCZF8IwDp1-tUq0l3Gr3vD8ToZmsZ1Hqr5IOZoF9NMLI_Lwf4N9Lj0u00gXLAr1aKPqaD4BMS033aFfWZiR9FJKLYmBqpxD-QBnJWYgrXq9QbcLEEs:1tLrLN:0TV9-I2iHadwuvmeVrtppR3LK8YeJc6PiattsVAPlyg	2024-12-26 22:07:37.617266+00
zf6735721qj7mskkn1n9hnmbzeq83mll	.eJxVzLsOwjAMheF3yUyjxombhJGdZ6hsx6UF1Eq9TIh3h0odYD7_d16mpW3t223RuR2KORtB8g66UIGXUAWXtcrOa4UiXCtjx8Tm9MuY5KHjbsudxttkZRrXeWC7J_ZYF3udij4vR_t30NPSf3WDjskl1BQg5sSOwCEldLHxiVgItYaGGIE5aYQMggWLxowJUqjN-wMdDEDW:1tMBqC:Z-tpA1QrTOYRZrHgo0d6jw2BvXHeitNOHs9zMKW8J5s	2024-12-27 20:00:48.287694+00
mdltn6qnoyl2l09i96suk8v4mw556yf4	.eJxVjjsOwjAQBe_imliOs45tSnrOED3v2iSAEimfCnF3iJQC6jczei_VYVv7blvy3A2izqqxtS_cxgq2pYpy4Co4KRU4utz4DBKo06-WwI887q7cMd4mzdO4zkPSO6KPddHXSfLzcrB_gR5L_7WNR0BLxZRYwwqxdQYisYiBZZIYSsmS9jeeTQI5JOtjIDEx-BTU-wNVAEJ5:1tJICJ:G6P-aDt76JK0jHcdq-N1J2rYsD1pmuECBeW9TopD4RM	2024-12-19 20:11:39.7971+00
jzlc9d48aa07knhw94ffkhxs0o9l0kxq	.eJxVzLsOwjAMheF3yUwiu42TiJGdZ6ji2KEF1Eq9TIh3h0odYD7_d16my9vad9uiczeIORuGBpQ9WWBV60PKNmHMVmKsALWhmoI5_TLO5aHjbuWex9vkyjSu88BuT9yxLu46iT4vR_t30Oel_2pNAblUJIFAWBvVquJjotgSMmnNSTM1Kkl9KaBthICJAlLLUhjN-wMLsEGh:1tHNQc:JFhWdLKPqKn0vBxx6zYlgieqJV7ihZJ_S6Qd9AL-Kts	2024-12-14 13:22:30.767212+00
joz776vadubmy1orw1kx6eng2axforx8	.eJxVjDsOwyAMQO_CXFAAQ0zH7j1DBLZp-lEi5TNVvXsTKUM7v89bdXld-m6dZerurM4qe3IJbasFoWgQqjrH0mgLMVJkqIkadfrNSqanDHvLjzzcRkPjsEz3YnbFHHQ215HldTncv0Gf536rfXKJq4VMxCEItgHR5mSTEDpfoS1IhQUDBQGmWqxjAI_ggDaC6vMFIGFBxA:1tHNbu:Rkt5qCgi8btXkeKLsTElihfYA4mKaz_wBgXG6sL9GaQ	2024-12-14 13:34:10.824456+00
07lojrpyb2vres6jx5akhokl28of543c	.eJxVjTsOwjAQBe_iGlv2-pdQpucMkXe9JgGUSPlUiLvjSCmgfjPz3qJP-zb0-8pLP2ZxFWCRjGcjwXotHUKQLVuW2ESAqGMuLorLr4aJnjwdbn6k6T4rmqdtGVEdiDrXVd3mzK_uZP8CQ1qHaofaNybVByqOdGNdIaZCrXbasQ-x6IQWCwTM2pMzBog8Uqg8MRjx-QKi_kGE:1tHNo7:TaWy0gqBLMiOTGnihGeJaFCHGfnR1FyTKSiWRwA7Zbk	2024-12-14 13:46:47.88434+00
wv7cp7s5wz4zc2xy2pbd2as9h92awdss	.eJxVzDsOwjAQRdG9uCbW-Bubkp41RB7PDAmgRMqnQuwdIqWA-t3zXqor29p328JzN5A6q-yrsWCkoViw8RBckyvnhqQG8YYih6BOvwxLffC4W7qX8TbpOo3rPKDeE32si75OxM_L0f4d9GXpvxq9RJuoFcieOWdTSCJGCxiBW8eW0LlAIbRAYhMgSkmBC1WXHCRS7w8gUEHc:1tJue7:ysIj29zT8y3dNI9K4AYgs4vHcIoTxnfMsubJr4Q7Cv8	2024-12-21 13:14:55.226312+00
esdlmxenesgxgo3syxigxnkbitdbkt7d	.eJxVjTsOwjAQBe_iGlvrtR1vKNNzhmjttUkAJVI-FeLuKFIKqN_MvLfqed-Gfl_L0o-irsojZwqE2rJD7SU2OoUimgl8rDEBgFOXXy1xfpbpcOXB0302eZ62ZUzmQMy5ruY2S3l1J_sXGHgdjmcCtlGYsscIKQhAZG5si020nEqtTrwL5FAoI1qSXLCGEMi2yVuvPl-YBUAJ:1tKJa1:Ew9wYSXqa2WTC8InvzcTzZJiEb4NvDD1DkQWUlEHJO8	2024-12-22 15:52:21.283032+00
c9bly1qtl45usw6zmua6vko8drb60lhn	.eJxVzMsOwiAQheF3YW0JFAYGl-59hmYYBls1bdLLyvju2qQLXZ__Oy_V0bb23bbI3A1FnZWkbBIKNtFH33jw0qA1qYFKjthi4tqq0y_LxA8Zd1vuNN4mzdO4zkPWe6KPddHXqcjzcrR_Bz0t_VenghKcK8KhMgYxyVEI0HqqgNEQoEQORQomGykA-AgsJkZLmX0Q9f4Axw1A8Q:1tKZBK:viPq9OqtDqTrJ-8fv_oy1L1ZOnZt7WnzaN3tQE5NCvg	2024-12-23 08:31:54.012349+00
fkthn1wnhhrtamc0vr1jjbdbo0wszdvh	.eJxVzLsOwjAMheF3yUyjOGkcl5GdZ6gcO6UF1Eq9TIh356IOMJ__Ow_T8rb27baUuR3UHI12QiHVTVVYc1UnpIqSw4qoUAMdFmUxh1-WWW5l_Norj5fJyjSu85DtJ7H7utjzpOV-2tu_g56X_q0lBJ8AijglF8BHlho6xigYo6JKRK-YXNNlYCWPkNhlDhHI5wKNeb4AFbdA7Q:1tHen2:ayotvdfnr77BsHZe6H8obfYD7PSsmtbbQlunEK6fhHc	2024-12-15 07:54:48.067197+00
8b2ef8m458y1pstp8lb9k3zij32gp399	.eJxVzLsOwjAMheF3yUyrOE7jhJGdZ6icuKYF1Eq9TIh3h0odYD7_d16m5W3t223p5nYQczYJNSiyq3IqWnlPWkUrrooKRIEgOhJz-mWZy6Mbdyt3Hm9TXaZxnYdc70l9rEt9naR7Xo7276Dnpf_qaHNjHagTBAH2YiMFJHBsE7JPSqyhFBTJBRwIu-ITBGowAmpB8_4AsiFAUQ:1tKZId:uqT36BRWBl037v4VGfjyhOOOiboVe2atbQNHqFnMc7k	2024-12-23 08:39:27.850949+00
0t9zarcno0uw9gy1hr9ocqgemz8orfb9	.eJxVzLsOwjAMheF3yUwiK7WThpGdZ6jsxKEF1Eq9TIh3h0odYD7_d16m423tu23RuRuKOZsW2VdhtYE4W6wZrETMlmJSDxgbn8Ccfplwfui423Ln8Ta5PI3rPIjbE3esi7tORZ-Xo_076Hnpv5rIM2iQHFBrUU_IkAqlIOAl1dhUxUwE4ltg1hIAMWlkjzEoZDDvDwkwQTc:1tHigC:5ElELTtrKxrzRsG1Ol4dO9Mmla6SmKXDc34-7shznTM	2024-12-15 12:04:00.125023+00
kfgq0ae4a9jnzhw4s4c97mygan28fet6	.eJxVzDkOwjAQheG7uMaWxx5vlPScIfIyQwIokbJUiLtDpBRQv_97L9Hlbe27baG5G5o4C6wlIgLKVJElsksyEkRZnK4GuSImL06_rOT6oHG37Z7H26TqNK7zUNSeqGNd1HVq9Lwc7d9Bn5f-q72tjKA15mIcBghEiWNEEwynqKFYjAEJgFzNGokte2rcwOfmwXrx_gCha0Bo:1tKZMc:gr6G20iBBFS7GUmxXZus7DMEDX_mjcKRPwbEqmYSns0	2024-12-23 08:43:34.05809+00
xpvliiuk37tw8nygu719yfjxptb0iqd5	.eJxVjjkOwjAURO_iGlv2d-KFkp4zRP6LCYsSKUuFuDuJlAKqKea90bxVV9al79ZZpu7O6qxiqOJdSpqtR90kYF1izJqExEWUYBOp06-GhZ4y7C4_ynAbDY3DMt3R7Ig52tlcR5bX5WD_Bvoy95uNIUGOzNBiE6tFX7Yr4NocUqCKWzQYotSUG5AARN6BVEveA7FrRX2-FTJBZw:1tKxB0:PndWB3mvaJ84g1J_hVh16SNSa8RJsS-cPPlliYj4ejI	2024-12-24 10:09:10.101103+00
k9duclyz2r8h8fu5lh17kg402cb18ly8	.eJxVjDsOwyAMQO_CXFAAQ0zH7j1DBLZp-lEi5TNVvXsTKUM7v89bdXld-m6dZerurM4qe3IJbasFoWgQqjrH0mgLMVJkqIkadfrNSqanDHvLjzzcRkPjsEz3YnbFHHQ215HldTncv0Gf536rfXKJq4VMxCEItgHR5mSTEDpfoS1IhQUDBQGmWqxjAI_ggDaC6vMFIGFBxA:1tHj7J:VOWFpWe0IYjy2NPYmlRjCU35E8HejcOYbvjTvoC-PwQ	2024-12-15 12:32:01.878738+00
nsyl0yqyy8o9vt4nf8kgch1wi287rqhf	.eJxVjTsOwjAQBe_iGlv2-pdQpucMkXe9JgGUSPlUiLvjSCmgfjPz3qJP-zb0-8pLP2ZxFWCRjGcjwXotHUKQLVuW2ESAqGMuLorLr4aJnjwdbn6k6T4rmqdtGVEdiDrXVd3mzK_uZP8CQ1qHaofaNybVByqOdGNdIaZCrXbasQ-x6IQWCwTM2pMzBog8Uqg8MRjx-QKi_kGE:1tKxJO:y-6CPMx3YmpVTGOUT6_a3ileKm3ZrgU_6h3Lwx4eGXI	2024-12-24 10:17:50.714362+00
ikqql0ymml0uh214eprj3zc56nd67vf7	.eJxVjjkOwjAUBe_iGlu243ihpOcM0fdfCIsSKUuFuDuJlALqNzN6b9XBuvTdOvPU3UmdVU5kg7BoFwF0EHE615I1QfTeRmH2jTr9ahXwycPu0gOG22hwHJbpXs2OmGOdzXUkfl0O9i_Qw9xvdqpIkRy2mNjFElGCWE6hFEShFqMtvpAHwqaR7IQRtqM1tDGLT5nU5wtmK0K7:1tKxKq:rvCLZSma0C0_eOvyC0wRt7OpMLM04iBedyxcxnn-PEM	2024-12-24 10:19:20.954423+00
7yhweljqpnxve6n0f6l1yavr7mpb0su5	.eJxVzLsOwjAMheF3yUyj2kkTl5GdZ6gcO6EF1Eq9TIh3h0odYD7_d16m423tu23JczeoORsUDRqTrwoSVx4kV0SpqSALJAHkImhOvyyxPPK4W73zeJusTOM6D8nuiT3WxV4nzc_L0f4d9Lz0X82UcqEo7AgzNd6FgApQZ4hM2Bb1LjIWji055z1qSNC2WjsQzx6DeX8AXeZBDA:1tHjgH:HIBNdYuSOfCuBziMNEg_SxQcTH7w0MrtsCPnSaj2IeM	2024-12-15 13:08:09.416218+00
oe0vq4y3m5bnzz53cprmlkhvcmomqv0v	.eJxVjrkOwjAQRP_FNbbW6yMxJT3fEO16bcKhRMpRIf6dgFJAOZr3RvNUHa1L361zmbqrqKMSAO8oee0Fo_borCYmr2OD7G3hKljV4VdjyvcyfN0bDZfR5HFYpiubD2L2djbnUcrjtLN_Az3N_Wa3JAFsjSFZAkxWrPMQs2t8iRhSpC0QbI9SYGSXuVYLUHMrbQ4YRL3esHxAVg:1tMaCs:0XB0qMGXvD4QfNNadeKRynetTV6p9SNeJwCMUiWP2wc	2024-12-28 22:01:50.67782+00
a8j0irnive782e5f9r6d9fkm79s7n8xy	.eJxVjDkOwjAQRe_iGltexstQ0nOGyMsMYVEiZakQdyeRUkD1i_fef4sur0vfrTNN3b2Js8BkuZImGZiaBDQgi0OUwZUUETKFyOL0m5VcnzTsbXvk4TaqOg7LdC9qV9RBZ3UdG70uh_t30Oe53-rE0fjIWTuvQRObkLRvUI1D69BDMrZwAMuQWoguRkY0epvSOAFb8fkC2NdABw:1tHk71:UYN-iZBwRFa8_EhKsL3xr5AIIRzSCL5ux4eSJm-yd14	2024-12-15 13:35:47.663126+00
hxzfpfdyh3bpwumsnxisx27wo32p72qr	.eJxVzEsOgjAUheG9dCzNbQu9xaFz10DuoxXUQMJjZNy7kjDQ8fm_8zIdbWvfbUueu0HN2USIoBGgaqlxVe2grpiprkCEQkRWkmJOv4xJHnncrd5pvE1WpnGdB7Z7Yo91sddJ8_NytH8HPS39Vydx3hWfoHDwoVUMbcYG0SNIycQxec4BEwrkxJRVNUkDysTKLhXz_gDpgUIZ:1tI1q9:YjZo03BcNV8tbhvhJ5gE7kH1KdAhBBBh_JyKjVsNaZc	2024-12-16 08:31:33.909745+00
3l8484e5z8ln632er14m1waq2cmy4i0q	.eJxVzEsOgjAUheG9dCxNbwu91KFz10DuoxXUQMJjZNy7kjDQ8fm_8zIdbWvfbUueu0HN2RAGkBxTpcJQ1eylIii5CuogFecIcjKnX8YkjzzuVu803iYr07jOA9s9sce62Ouk-Xk52r-Dnpb-q7FlTMGjQiytloYZlQDINT5kVkgJfYkkgKziYvTQFqSUCiM6qMW8P0nAQZs:1tI3hi:dhLT8kmi8OnJcLbLca003kRefyBrRbz6PGDY1iNKKDk	2024-12-16 10:30:58.943302+00
f762228f9dr34a50oi4tj8lfnph67p3q	.eJxVjTsOwjAQBe_iGlv2-pdQpucMkXe9JgGUSPlUiLvjSCmgfjPz3qJP-zb0-8pLP2ZxFWCRjGcjwXotHUKQLVuW2ESAqGMuLorLr4aJnjwdbn6k6T4rmqdtGVEdiDrXVd3mzK_uZP8CQ1qHaofaNybVByqOdGNdIaZCrXbasQ-x6IQWCwTM2pMzBog8Uqg8MRjx-QKi_kGE:1tI6cS:PKdxVVhwO5MW600Odj8st6XJ3xScp-W9DQKXhT_orEg	2024-12-16 13:37:44.042257+00
kmr2iz6fhxj67pxvtawvtzpk4x9u3791	.eJxVzMsOwiAQheF3YW0JFAYGl-59hmYYBls1bdLLyvju2qQLXZ__Oy_V0bb23bbI3A1FnZWkbBIKNtFH33jw0qA1qYFKjthi4tqq0y_LxA8Zd1vuNN4mzdO4zkPWe6KPddHXqcjzcrR_Bz0t_VenghKcK8KhMgYxyVEI0HqqgNEQoEQORQomGykA-AgsJkZLmX0Q9f4Axw1A8Q:1tKxRQ:6ayO9DqVkgwE7ah__vwSHUuYSW0bhLuAG4z3lFht7WI	2024-12-24 10:26:08.097562+00
ptfgkfi0b2nycusmbtrscasdhry4ouk7	.eJxVjjsOwjAQRO_iGltrZ_2Bkp4zRGuvTQIolvKpEHfHkVJAOZp5M_MWPW3r0G9LnvuRxUW4lLzNCJIsg8TIVoaALD1Yjga0jejE6ReLlJ552ll-0HSvKtVpnceo9og63EXdKufX9cj-FQy0DI0mV3LR7AugRg6mLQbDXRdyxqQ9gW7KtxM2cTIYnNcFIdA5duhAg_h8Ac4qQDs:1tMoRm:3pHVmbquDmtiCT8sjQahFjprkFm4OIL4_M8n15QHRjQ	2024-12-29 13:14:10.404572+00
b555z3lugb8774lgya4s5tqymsoahg74	.eJxVjTkOwjAQRe_iGltexhslPWeIxp4xYVEiZakQdyeRUkD933v_LTpcl75bZ566O4mzqAWacy1IMgwSTNQyeedlJvCVIDerSZx-tYL1ycPu0gOH26jqOCzTvagdUcc6q-tI_Loc7F-gx7nfbG8ypEAQbfTat-CMhhDYYnHUIieIBVONzSUOmCxFDDoQ5-1Be0wsPl-ztkDO:1tKy2P:v32vD9RDaC5OB0DyVKvHzO7Pe8VjjXQ6Sx7X0LJh5As	2024-12-24 11:04:21.636077+00
mqefijdcnr0xzxkqu9i2l4q10o67jn6m	.eJxVjDsOgzAQBe_iOiDWxl6TMn3OgNbrR8hHIPGpotw9IFEkzWtm5r1NK-vSt-uMqb1nczaIkZ2GpggAFTUBRdLYbKO2S3WlloM5_WZJ9Ilhb_NDhttY6jgs0z2Vu1IedC6vY8brcrh_B73M_VY7q5YoRbZddmJ94Do4OFGhDGZAyXNSD58biRyrCkEsdYl89iHCfL43x0Gu:1tLyMs:qRfVBymCYS4ucVSDjix3hHZ76ZWoqvln0ZTDpppTegg	2024-12-27 05:37:38.175524+00
pkvg8dimwpu2s832xms9wonejls3ybcu	.eJxVzDsOwjAURNG9uCaWP7GfTUnPGqKx_UwCKJHyqRB7h0gpoJ575iU6bGvfbQvP3VDEWajslGLPDVy0TRsNmlCDaSgB2bPRoChOvywhP3jcbbljvE0yT-M6D0nuiTzWRV6nws_L0f4d9Fj6r3baOFhitoSs2bHXiXRBzaqyCjAxFg9YR7ENNUWqjmGz4sBUExnx_gABJEHf:1tL2Xw:D5sbsbOb2hON3o1uo04DYPghpLSL4kKVA1lIdo_KZSs	2024-12-24 15:53:12.183998+00
55j719bmol1sucwwsjmdctiueu8r5fgc	.eJxVzMsOwiAQheF3YW3JQIEBl-59hmZmAFs1bdLLyvju2qQLXZ__Oy_V0bb23baUuRuyOqvYglROpXFUYuOSxybVbBuHLEEEoLZVnX4ZkzzKuNt8p_E2aZnGdR5Y74k-1kVfp1yel6P9O-hp6b8anLcJQRxGAivoW04plCAhg8kuRGRnjGH0QYhLqEweKQJjRBOqVe8PD3dAyA:1tL4N0:FHdCgqI6bew51jQ8SJQ2ee-xO7f_s0SkiFhYaEq99xc	2024-12-24 17:50:02.666476+00
a7xebcac5uoqpxq6w65p1zczv7vbmalg	.eJxVjTsOwjAQBe_iGlv2-pdQpucMkXe9JgGUSPlUiLvjSCmgfjPz3qJP-zb0-8pLP2ZxFWCRjGcjwXotHUKQLVuW2ESAqGMuLorLr4aJnjwdbn6k6T4rmqdtGVEdiDrXVd3mzK_uZP8CQ1qHaofaNybVByqOdGNdIaZCrXbasQ-x6IQWCwTM2pMzBog8Uqg8MRjx-QKi_kGE:1uZ0SA:tZswleTySqHmPavHlvvGNU99MlwbkarqPug0elQk7Ck	2025-07-22 05:01:14.620262+00
2dtahrafehxhkxw2tpveut8vsjz1al2m	.eJxVzLsOwjAMheF3yUyrOE7jhJGdZ6icuKYF1Eq9TIh3h0odYD7_d16m5W3t223p5nYQczYJNSiyq3IqWnlPWkUrrooKRIEgOhJz-mWZy6Mbdyt3Hm9TXaZxnYdc70l9rEt9naR7Xo7276Dnpf_qaHNjHagTBAH2YiMFJHBsE7JPSqyhFBTJBRwIu-ITBGowAmpB8_4AsiFAUQ:1tL7sQ:lHBEmI68dLT6NwjXrOmqY9qzVORZvxaugEIfldLZsh4	2024-12-24 21:34:42.263595+00
u592u88eedo8cm8rgcf1hveosmg6j5l9	.eJxVjTsOwyAQBe9CHRDYC-ymTJ8zWAsscT6yJX-qKHePLblI6jcz7606Xpe-W2eZuntRZyWQ0NYgmpxtNRQijZy9bkutrbOemKM6_WqJ81OG3S0PHm6jyeOwTPdkdsQc62yuY5HX5WD_Aj3P_WYTia3ATYyYxVtwHKS6QIgJtl9kW1EyEAo0IkLiA4QmpRBSzjFl9fkC8RlBcw:1tLPUO:s-UzOY9jicSxcbt3dAHaDifJbaIFWUzEIhYxptzsr88	2024-12-25 16:23:04.720231+00
kag01zck453e8m8mniqss30maf6yg9ee	.eJxVzDsOwjAQRdG9uCZWxp6xPZT0rCHyZ0wCKJHyqRB7h0gpoH73vJfq4rb23bbI3A1FnVVAAA-ETRWuDUZvmwSeGhHPKUXxjkmdflmK-SHjbss9jrdJ52lc5yHpPdHHuujrVOR5Odq_gz4u_VdLwhSAHNeMGdhkYQFiQhCsxVkwGKSVTBxQ2mzZiTVM7BMGE5HV-wPTg0Bd:1tMxXk:Ep6erEGiaNnXLutH8n4RSaZkSkw8Y2s5XhuH-8lZ_F4	2024-12-29 22:56:56.746575+00
6sv5w4zxui9sq9pk9rucbn137pwjye96	eyJfcGFzc3dvcmRfcmVzZXRfdG9rZW4iOiJjaTR0eGYtNGJmZWUyZWU4NGI0NWQyNWFhZDRhN2YzNmMwOTc3ZTUifQ:1tN7Xt:EB_T4TJvShYuWJXTRZ8Wm6vRwrBT-6FLQLdXW2iKc8A	2024-12-30 09:37:45.69094+00
kj70h9yb9qvpu0qiz4vlutr2krvhzemr	.eJxVjEsOwjAMBe-SNYmaxnUMS_acoUpshxZQK_WzQtydVuoCpLebmfc2bVqXrl1nndpezMXkmBHh7C0jqYW6ipYiFgtch0bYF8loTr9ZTvzUYW_lkYb76HgclqnPblfcQWd3G0Vf18P9O-jS3G114Fq54XMFSFKKUPSkSpKquM2L5ND4yAyUoSTAgEqQCYEDJi1gPl_uikGR:1tMy4G:RRgp6sWmR10xpHb2bNiU4BIzmjFt0KDI5zCB1Uf1zRQ	2024-12-29 23:30:32.286689+00
pqe7gltsx80guqgzhms53fx7vo0gvmlh	.eJxVjDsOwyAQBe9CHRDgBXZTps8ZrMUscT6yJX-qKHePLblI2jcz761aXpe-XWeZ2ntRZ5U8xQgWtGMRDRKCpoaTjpmdg47Zl6xOv1nm7inD3pYHD7fRdOOwTPdsdsUcdDbXscjrcrh_Bz3P_VZ7R0wVLaRoySXC6hzGWBGS-ECcG4weK5IUYk4-l20tAAFtjYlBfb6ppD_v:1tMW3r:HaqhLt8qqjYNl7Q5FTeaxRBgLLDeeI317hCQRFqJ2aQ	2024-12-28 17:36:15.571164+00
p6yn8t5t3qakd41ehwmshf5kiigw4nx8	.eJxVjEsOwjAMBe-SNY1IYpOYJXvOUDmxQ_molfpZIe5OK3UBy6eZeW_T8jJ37TLp2N7FnE2sET0SNSFzbUClNhmdb9BzDY6QMnhz-M0yl6f2WysP7m-DLUM_j_dsN8XudLLXQfR12d2_g46nbq2rpBxOKslhSUAELsR1gYIgIkFUBQYHRVBDLb5oSTmzHleBahTz-QLq7kIA:1tMdDQ:pvcHoTwafrWWGcuaRDmdgDXJGY2XbyfYefahrKGpgrg	2024-12-29 01:14:36.030735+00
373my6d4863aktwd2r4ineua50rsukjx	.eJxVjUsOwjAMBe-SNYnc2Elaluw5Q2UnLuWjVupnhbg7BXUB6zcz72laXpe-XWed2msxR1NySIKZbWIvlkJC2wCR5eR9qH0tENgcfjXhfNfh6954uIwuj8MyXcV9ELevszuPRR-nnf0L9Dz3mw2Q4naRqVNiVOkw1iFG5EpS4K6hgkwKAMroqyQeoVIpWUvg2JCa1xuoQUDE:1tLb7p:5kbSUg8qV6Q1RMbiQS6-M96oG8zVDJ1qxKYXFFH2Ogo	2024-12-26 04:48:33.652039+00
vok7cs3wq90ty8q51bn6ju6u0hn3b61k	eyJfcGFzc3dvcmRfcmVzZXRfdG9rZW4iOiJjaTR2NmgtYTY5MmEwMDIyYzNhN2E2NDU1OWY3N2Y1MDZhZTAxZjQifQ:1tN7yF:U03ydG6DenotHLAtMkrA9S_ph3fFADc7NKS45sqEx5M	2024-12-30 10:04:59.598545+00
40dq1b77so5od35dbjruksrdqp6leiaw	eyJfcGFzc3dvcmRfcmVzZXRfdG9rZW4iOiJjaTR4bWgtMTAzNGVkM2JiZWQzYTVhZTIzYzA2NzhkMjc3ZDFmNGYifQ:1tN8mc:MZJxrsTgePgufSWnFgLnWAeHrgvm-xLXg96gLp13tpg	2024-12-30 10:57:02.816019+00
yqrnneeztaqwz0b93x15aihx3qdxf40b	.eJxVzLkOgkAUheF3mVomzHaZsbT3GcjdENRAwlIZ311JKLQ-_3depsVt7dtt0bkdxJwNldonxFwlF7WK6rEqoeMK6thljogOxZx-GSE_dNyt3HG8TZancZ0Hsntij3Wx10n0eTnav4Mel_6rXeOchhTFUfANEBZAAOCSQ3asPmmNGqUgcJIAhSh0TSKJyhzIZ_P-ABBsQZk:1tMZ08:pf9o2hApGEo-li5KCd84ZJyHl0ruSv0eUuQTSgipYhY	2024-12-28 20:44:36.530116+00
p996jeci5xgaikmce0ohvgo965nkhpks	eyJfcGFzc3dvcmRfcmVzZXRfdG9rZW4iOiJjaTNudG0tMTkxOWVlNTI1ZmU4ZjhkMDBkNjQ4MzM0YTIyMTJkYjEifQ:1tMtLF:qNVKrT5G6-fsIKJDbOs8pfjzk49iPurgw0XWKYu_Tvc	2024-12-29 18:27:45.813092+00
zufko12bnueexqjzid1bvd679rdbtw5m	.eJxVzDsOwjAQRdG9uCaWJ-PfUNKzhmhsj0kAJVI-FWLvECkF1O-e91Idb2vfbYvM3VDUWQGiE-HYEFhurCXXpJJNE8AU5ta23hh1-mWJ80PG3ZY7j7dJ52lc5yHpPdHHuujrVOR5Odq_g56X_qsJOBHlDKkSRjQ1MHiI5HMSh20UEEFKvtZss2VIDtkjYvWBArmq3h-uQEC4:1tMuJY:smgTG5N_oySRpXlRe4e6VHIEWpQ7tIgH3d6inRaxhpg	2024-12-29 19:30:04.418703+00
ns690bw4ojtsr69vxir5p2yvh0xbh5bi	eyJfcGFzc3dvcmRfcmVzZXRfdG9rZW4iOiJjaTR5dWUtZGRhMDRiYzY5NmY5MTc2OGQxZTZlYmZjNTY3ZTJjZDUifQ:1tN9CD:tZ0_yl35SzQuUEnbM5fDiGupOkkmwvhVO6OXlCdy1Y8	2024-12-30 11:23:29.993683+00
8qqzudg25lghf96tfzkcyfuml5ratt0a	.eJxVzMsOwiAQheF3YW0JZWAGXLr3GZqBAVs1bdLLyvju2qQLXZ__Oy_V8bb23baUuRtEnVXxAmAqN-gtNi6ibTgTNokjShAXfLXq9MsS50cZdyt3Hm-TztO4zkPSe6KPddHXScrzcrR_Bz0v_VdHboN3gUkQ0RJhqoQAbQxQhTyiMakwUHDGlkquUiaxMbWUwYAj9f4Are4_ww:1tMuYd:Gaa6xKYwOzwzJ-rab8p-dIuubdNnN7ZeFcX-rgOZDyc	2024-12-29 19:45:39.172204+00
75lxx3z3v8fkvkzl3s933awhyoqd0swl	eyJfcGFzc3dvcmRfcmVzZXRfdG9rZW4iOiJjaTRwbzYtN2MxMDk5NjdjYTAwZmY5MGZmZTUyMzgwYzQ0NGUxY2UifQ:1tN69m:YuKEpVDFfN8WyfGf7q2x49Zy41arUjOs55cZAMe-5V4	2024-12-30 08:08:46.999926+00
0ddigkbuf9hlt01ujh4u6ukv65h84tho	eyJfcGFzc3dvcmRfcmVzZXRfdG9rZW4iOiJjaTRxM3UtOGI2OWI4ZWFmNzAxNWQxNmIwZTBkMjgwYjc4YTVmMDAifQ:1tN6G4:4JglRERGSw_tBrOJjpqzphEh_-iE9ws1gZEWieUSCUo	2024-12-30 08:15:16.164133+00
cgqhd16dkrv5oy4xyhifdqc6jcjl3nl4	eyJfcGFzc3dvcmRfcmVzZXRfdG9rZW4iOiJjaTRxM3UtOGI2OWI4ZWFmNzAxNWQxNmIwZTBkMjgwYjc4YTVmMDAifQ:1tN6H6:z1j-8jTJw1AnJZNRMTzdnjmUfwPi80_gq5h4lSXMksc	2024-12-30 08:16:20.806266+00
vgp2uowt0qorycp31037mdozvxbadbif	eyJfcGFzc3dvcmRfcmVzZXRfdG9rZW4iOiJjaTRxY20tMWE0NzY3MzQ0M2JkMGI0NGYwYzk0NmMwZWZhNGJhNDUifQ:1tN6KX:b44nEpKrkFMgbexKLkVn7o8nLpaWOHG1yvjp_FOKkn0	2024-12-30 08:19:53.105104+00
n0stxw3775l2wfw0624dat99yjuhj0h4	eyJfcGFzc3dvcmRfcmVzZXRfdG9rZW4iOiJjaTRyOHAtYmVkMDc3NjIzN2JiYWI1MmI3NDEzMzRjZGU4YWIwYTYifQ:1tN6dg:q7kwMFd_GTfjCmbVhwT_hnILmCZEms64m1PqSLwxkD0	2024-12-30 08:39:40.371225+00
b26zd0ahhyewlm2z0hno6rnsa42x0rux	eyJfcGFzc3dvcmRfcmVzZXRfdG9rZW4iOiJjaTR5dWUtZGRhMDRiYzY5NmY5MTc2OGQxZTZlYmZjNTY3ZTJjZDUifQ:1tN9Cx:UlpRGope0zqDmsQ6d8jqtQvGuFik1mtDIUUcfL1jmD4	2024-12-30 11:24:15.826003+00
wfr9a51a9vs7eck429mxndri4lk42ihc	eyJfcGFzc3dvcmRfcmVzZXRfdG9rZW4iOiJjaTU3bzktZTVmYTlmMjZjYjVmNzc0NzRhYTlmMjlhOTI0YjVmYzQifQ:1tNCB5:LwajfVCmma_4zUkLq3J2mseSWtlMjcQLiaKcaNafnn4	2024-12-30 14:34:31.5487+00
kxq6seg72simo0ux2igcq47tyynd3hgl	eyJfcGFzc3dvcmRfcmVzZXRfdG9rZW4iOiJjaTZrcTMtMzU3MmRmODE0Y2U1YTg2MGEwZmFmNWM3YTIzYzkzMGYifQ:1tNSid:XC8eBYstb8aC19TzL_FhdtZXFYPwlnR9KQPOjTcQH0k	2024-12-31 08:14:15.285243+00
g4wuuotlu9nb63v64t41fv1bpwjl4743	eyJfcGFzc3dvcmRfcmVzZXRfdG9rZW4iOiJjaTcyeWQtMzQ5NzU2NjU5MzA2Y2MwYTNlNmI4ZGVjZmVjODExZjIifQ:1tNYsW:Ijjwro1gmoJBpM2naz9oahL_R1U6t_78-ymGrOu00_4	2024-12-31 14:48:52.316533+00
0o6ww9r6tt4hj0dqldork1hmmgyq08l6	eyJfcGFzc3dvcmRfcmVzZXRfdG9rZW4iOiJjaTZxcngtNDdmODBkYTMzZTU3M2M4MzQ2ODcxNmU1NzAzNjQxZTYifQ:1tNUkf:xm-BDx0SyOZx2KokiOJ3mDPdACLLZyUwW6Uh-htHbC4	2024-12-31 10:24:29.514836+00
efch1js1sz5kpq5qfac95kodkz9ftvcq	eyJfcGFzc3dvcmRfcmVzZXRfdG9rZW4iOiJjaTZ0ajItZDE2ODBlYmQ4OTA0ZmZjMThiNTlhNDBkZmFhZmY3MjYifQ:1tNVi8:NMoeOAk8KixT4U_sogEXzKS7_iWeE7jGth40BAy4FDU	2024-12-31 11:25:56.603045+00
g3ur9r5zld5swy53nbqhaptdrfix6rhh	eyJfcGFzc3dvcmRfcmVzZXRfdG9rZW4iOiJjaTZ3a28tYTc1MDc4NDYxODZiYmJhOWJmNTAxZjI3OTc3MDA5YzcifQ:1tNWhi:nJQ_SMNPvIyzIzees5gRcAMW0GcOwtE042HYi_7M1xk	2024-12-31 12:29:34.553859+00
plhi43eq8hc88db6u01g8iy2mg8ck1q7	.eJxVzLsOwjAMheF3yUyjNElth5GdZ6gcO6UF1Eq9TIh3h0odYD7_d16m5W3t220pczuoOZsUs0_kuko6pCoGxiphzJUXLQ6wy5KKOf2yzPIo4271zuNtsjKN6zxkuyf2WBd7nbQ8L0f7d9Dz0n-1FyDOCZm0yULOiWaFEGLtIaF4T-AUCQTUBxBEqAtLaJraExaM5v0BEnBAqg:1tOPMi:isfHtzI_s1ChOskOVMBuH5F-y8312RFqZeVNSs6zJno	2025-01-02 22:51:32.635954+00
hobtdt9rdmnhrb1jbqrr9kqnjry9wgct	.eJxVjDsOwyAQBe9CHRAs3jWkTJ8zWAsscT6yJX-qKHePLblI2jcz7606Xpe-W2eZuntRZ0W2hmpT0MIWdIMImnPMuqJzwkEcNaxOv1ni_JRhb8uDh9to8jgs0z2ZXTEHnc11LPK6HO7fQc9zv9UBvAs-J9_6UAJhwYbYYUlRbPZANbaESKlYrBIdb3tjAW0ACy0lUJ8v5nlAIw:1uZ5Nv:yP5atKBxa9TDAhk2f6-5trt01H4SNkwW61nqOe69I5I	2025-07-22 10:17:11.335542+00
sq4paaspl660uvyfsnlxqh9kphrxw22s	eyJfcGFzc3dvcmRfcmVzZXRfdG9rZW4iOiJjaTc3dDQtODgyNWJiNWFjMjAxNDZlNjdjNGI3OWMzYTk4ZWI1NDcifQ:1tNaUf:gWppF2b4PbbfYHcGcv8sQ5jpoxJHju6PTtf9SVwg4JU	2024-12-31 16:32:21.543007+00
nad5mzgiygbqa5kszt36bea38bs71etj	eyJfcGFzc3dvcmRfcmVzZXRfdG9rZW4iOiJjaTc5ZTEtNTZiYWZjNmNkMDE0NzQ5MzYxMzcyODEwMzg2YjVhMWMifQ:1tNb1z:S67zCV7OgCKrHgnAWvlK_NvK4pJsu_K9iw45qNbZrvA	2024-12-31 17:06:47.935987+00
kg5a6ttjf7otv39fijobe2d9p68rt670	eyJfcGFzc3dvcmRfcmVzZXRfdG9rZW4iOiJjaTg5ZWwtNjE0ODZmMDBlMzI0NTRkNzBjZTYwNTI0ZDhiNmIyNTQifQ:1tNnAY:YIOASlu01mYVgg5Z80ze41RiMmYBtERXtl1n2ST9QcQ	2025-01-01 06:04:26.217222+00
ilihx8if3pbssjttkrg6ydmh4rherbt5	eyJfcGFzc3dvcmRfcmVzZXRfdG9rZW4iOiJjaThndzYtNzhlY2NmNTk2YzRjMzVkODAxNDM0N2ZhMGMzZTgzNmUifQ:1tNpgv:s_yFuSgw3E5s-JtilTok4_j-z1NP_WdKjqS5qdxGqkc	2025-01-01 08:46:01.694501+00
ovn7els7ckst4nezhis49yojcdg65weg	.eJxVjTsOwjAQBe_iGlv2-pdQpucMkXe9JgGUSPlUiLvjSCmgfjPz3qJP-zb0-8pLP2ZxFWCRjGcjwXotHUKQLVuW2ESAqGMuLorLr4aJnjwdbn6k6T4rmqdtGVEdiDrXVd3mzK_uZP8CQ1qHaofaNybVByqOdGNdIaZCrXbasQ-x6IQWCwTM2pMzBog8Uqg8MRjx-QKi_kGE:1ukEe7:xPIbOw8w2z6gv6lEc1wOmdUSftcSn-fpJe-m4oMselA	2025-08-22 04:23:59.385906+00
89dwnl5cz7jg93lgu7q3m5ebxyw0twji	.eJxVjjsOwjAQBe_iGkc2dhybkp4zRM-7axJAiZRPhbg7iZQC6jczem_VYl26dp1lantWFxUlCZiNhuCsPUrQOcDpnFPJMdlA4tXpV8ugpwy7yw8M97GicVimPlc7Uh3rXN1Gltf1YP8CHeZus50FPCWiOtTB21Q7WG5qFJuMQxQn8IYpniPHYFEaKsbbzNu7QuKc-nwBtYlCiA:1tNr4t:mtFy-hJ3CAlrLcD7C4R8ms3lz-apRoAlcpjfvG8FVIk	2025-01-01 10:14:51.094074+00
rum40d6s631kp6xj86o9cjzajabfc13m	.eJxVjEkOwjAMRe-SNY2CM-CwZM8ZKttxKINaqcMKcXdaqQvQX773_tu0tMxdu0w6tvdiziZF8NFTbGoWbQKn0JCD1CRl5FhJamZz-M2Y5Kn91pYH9bfBytDP453tptidTvY6FH1ddvfvoKOpW2usp0I-BC2swWNWH8Xno3NQfQInhJQAVofXlSwIEhFDqr6Eggzm8wUzk0HY:1upPqY:osOq93GKcImgsvVZUm_Bh2xuxhq1SXi5qKNWrzyBxYI	2025-09-05 11:22:14.038905+00
1w6c6r45opj3n5xk8lohz7r0m6mbvq58	eyJfcGFzc3dvcmRfcmVzZXRfdG9rZW4iOiJjaTljOHYtNWI0ZDU3ZTZjMDZhOTc4ODlhYjVhMmM3MzQ1MTliMGQifQ:1tO0H7:HXjnlz_DGagNzhDhSPo1AAUCBxGYtRGJvyLJWyalw68	2025-01-01 20:04:05.529607+00
5t7lfrqzr6sdcvdd9y2aet4lhg3v3lam	eyJfcGFzc3dvcmRfcmVzZXRfdG9rZW4iOiJjaTR5dWUtZGRhMDRiYzY5NmY5MTc2OGQxZTZlYmZjNTY3ZTJjZDUifQ:1tN9DY:3jvQlCWYkGQr4fhFhecdt68rgb2EYhzRGyrrCDUpS6o	2024-12-30 11:24:52.466574+00
kzuvhzwr1af4jtu0j6hj7pcvr78eo3es	eyJfcGFzc3dvcmRfcmVzZXRfdG9rZW4iOiJjaTR5eGQtOWQzMDIyMmVjNGQ2MTZiOWRjMmZhNjdiMmVjZTIyMTIifQ:1tN9Dx:MqHwiUzxHvOaYAIzNO9-uouyZm6U9O6qu64WCyP3QsM	2024-12-30 11:25:17.720983+00
1nfe7hje99bbzxqevwp818587g44cocp	eyJfcGFzc3dvcmRfcmVzZXRfdG9rZW4iOiJjaTU3bzktZTVmYTlmMjZjYjVmNzc0NzRhYTlmMjlhOTI0YjVmYzQifQ:1tNCCy:5-Rxf9Wv8YVQk5_fhvr5YE1Mw3ZlABFpbREmSuT7eI0	2024-12-30 14:36:28.34102+00
yhegq76otuabxo4e34bcnktjmb06j6m4	eyJfcGFzc3dvcmRfcmVzZXRfdG9rZW4iOiJjaTVkbnItY2U0NmI3NzliYzZkYjAwMGZiMDUxZTRiMjIyMDQ5NzcifQ:1tNIU2:ZkcYv0bLRBA2TJf0B3JtEi56jUIIufStmPRUg4vpvbg	2024-12-30 21:18:30.444865+00
mtu9788yub35doutkjf7hna5u43anvna	eyJfcGFzc3dvcmRfcmVzZXRfdG9rZW4iOiJjaTZrcTMtMzU3MmRmODE0Y2U1YTg2MGEwZmFmNWM3YTIzYzkzMGYifQ:1tNSiy:gCcu7bscWm-D-lwmO26bMrAJ1PiSdaN7Hia8paOE89A	2024-12-31 08:14:36.175162+00
2idlppotji6of0xiqc2zufby4jaja09i	eyJfcGFzc3dvcmRfcmVzZXRfdG9rZW4iOiJjaTZ2dGctYjk4NTRiODNhMmM3MjE4NWI2OGJiOGIwODU1NWY4YTYifQ:1tNWSS:Xm62SiAfs7NzPQlpEzvbInzgd-e5mXZ25Lxco_39e-g	2024-12-31 12:13:48.8294+00
vpolywomk6xooy05ibxprw7arrrf0j21	eyJfcGFzc3dvcmRfcmVzZXRfdG9rZW4iOiJjaTZ3a28tYTc1MDc4NDYxODZiYmJhOWJmNTAxZjI3OTc3MDA5YzcifQ:1tNWhi:nJQ_SMNPvIyzIzees5gRcAMW0GcOwtE042HYi_7M1xk	2024-12-31 12:29:34.564628+00
4xyugb7wveavuranfu76apcgopo986q4	eyJfcGFzc3dvcmRfcmVzZXRfdG9rZW4iOiJjaTZ0ajItZDE2ODBlYmQ4OTA0ZmZjMThiNTlhNDBkZmFhZmY3MjYifQ:1tNVi8:NMoeOAk8KixT4U_sogEXzKS7_iWeE7jGth40BAy4FDU	2024-12-31 11:25:56.619606+00
dnsj8zpdqojhxpv44peyo590pv2ckpo2	.eJxVjjkOwjAURO_iGltevh1DSc8Zor_YJIASKUuFuDuJlALK0bw3mrdqcV26dp3L1PaiLsoxAWGtGgCthlq9zpVJ-1gFiZstFHX61Qj5WYbdlQcO99HwOCxTT2ZHzNHO5jZKeV0P9m-gw7nbbI6Fq6uUhaWxZ-8DecAMMVibUgQJGLMTDG57lZhtSFgIwKZQyJ5Zfb70QUKm:1ukvLa:9s6gVqIf-htD7AGid5fsxTyXZnEsyYo7nzSdBKdmzGc	2025-08-24 01:59:42.043045+00
2z6nng7zerq1x0x47f8ckws3aarkvabg	eyJfcGFzc3dvcmRfcmVzZXRfdG9rZW4iOiJjaThndzAtNTRlMzQzZGIzOTU3MThkM2I2YjM3NzFlMzUyYTZhYjcifQ:1tNph1:lDWZCCa0lGMsKSZLtdbllD3JmScAgevkg2xZ59uosbA	2025-01-01 08:46:07.061818+00
95ibk170jduwumlpxtsgex9aoau6bgfp	.eJxVjTsOwjAQBe_iGlv2-pdQpucMkXe9JgGUSPlUiLvjSCmgfjPz3qJP-zb0-8pLP2ZxFWCRjGcjwXotHUKQLVuW2ESAqGMuLorLr4aJnjwdbn6k6T4rmqdtGVEdiDrXVd3mzK_uZP8CQ1qHaofaNybVByqOdGNdIaZCrXbasQ-x6IQWCwTM2pMzBog8Uqg8MRjx-QKi_kGE:1upQqu:Pki5vyPFT6baS3C8_jwMbSbHbimXFm30B189_fM_BOQ	2025-09-05 12:26:40.348353+00
vmp2g50z4zcf6exhc00cpliq2yjeossl	.eJxVjTsOwjAQBe_iGlv2-pdQpucMkXe9JgGUSPlUiLvjSCmgfjPz3qJP-zb0-8pLP2ZxFWCRjGcjwXotHUKQLVuW2ESAqGMuLorLr4aJnjwdbn6k6T4rmqdtGVEdiDrXVd3mzK_uZP8CQ1qHaofaNybVByqOdGNdIaZCrXbasQ-x6IQWCwTM2pMzBog8Uqg8MRjx-QKi_kGE:1vM31J:WgxY7_p2K8vrXbeuLshvxrF3NwZm177-_YGV8iv2bPM	2025-12-04 11:40:13.747678+00
xp58vxp0htgi38pbt7z5b554au91imbc	.eJxVjTsOwjAQBe_iGlv2-pdQpucMkXe9JgGUSPlUiLvjSCmgfjPz3qJP-zb0-8pLP2ZxFWCRjGcjwXotHUKQLVuW2ESAqGMuLorLr4aJnjwdbn6k6T4rmqdtGVEdiDrXVd3mzK_uZP8CQ1qHaofaNybVByqOdGNdIaZCrXbasQ-x6IQWCwTM2pMzBog8Uqg8MRjx-QKi_kGE:1tSfGZ:gUXHU3c-sW7eMGXSvqV9cO6XaBxHVOMRqm6TsX7rGG8	2025-01-14 16:38:47.312832+00
e7mxrgwur9c2ljg96jerz307rr5c4o7h	.eJxVjTsOwyAQBe9CHRDYC-ymTJ8zWAsscT6yJX-qKHePLblI6jcz7606Xpe-W2eZuntRZyWQ0NYgmpxtNRQijZy9bkutrbOemKM6_WqJ81OG3S0PHm6jyeOwTPdkdsQc62yuY5HX5WD_Aj3P_WYTia3ATYyYxVtwHKS6QIgJtl9kW1EyEAo0IkLiA4QmpRBSzjFl9fkC8RlBcw:1tU4mv:OB3SR061JrcETn0vXzJziTG6YWmz8mILhmRu6ToH7Z0	2025-01-18 14:06:01.084842+00
6zlfzdzvfpyaq3h04787ey5hsruymkel	.eJxVjTsOwjAQBe_iGlv2-pdQpucMkXe9JgGUSPlUiLvjSCmgfjPz3qJP-zb0-8pLP2ZxFWCRjGcjwXotHUKQLVuW2ESAqGMuLorLr4aJnjwdbn6k6T4rmqdtGVEdiDrXVd3mzK_uZP8CQ1qHaofaNybVByqOdGNdIaZCrXbasQ-x6IQWCwTM2pMzBog8Uqg8MRjx-QKi_kGE:1tWqk4:NKpp3hbsQLrf9JAiX38sx-o7OCw4S3CMnt4SlNj4c9w	2025-01-26 05:42:32.587064+00
115wdmq9kqzlkqwlyxw8a0604u2l3gpt	.eJxVjbkOwjAQRP_FNbZ8bWxT0vMN0Xp3QziUSDkqxL-TSCmgnXlv5q1aXJe-XWeZ2jurswrepY6aotE3UUfJpDNwp5EKSEiCkVGdfrWK9JRhd_mBw200NA7LdK9mR8zRzuY6srwuB_s30OPcbzZy57Bm4hSxkBUKuN0nS0gQfIiOSvay5UzkcrYOuQQASFCjdVLU5wtel0IA:1tpV6n:lwHDS5nfKcVc1nzKq_GCJrAJk0xi0Wg4drXqjVmyIrk	2025-03-18 16:27:05.124678+00
b6xwzti7kn0311mjopz2y2jsv0ny63sd	.eJxVjTsOwjAQBe_iGlv2-pdQpucMkXe9JgGUSPlUiLvjSCmgfjPz3qJP-zb0-8pLP2ZxFWCRjGcjwXotHUKQLVuW2ESAqGMuLorLr4aJnjwdbn6k6T4rmqdtGVEdiDrXVd3mzK_uZP8CQ1qHaofaNybVByqOdGNdIaZCrXbasQ-x6IQWCwTM2pMzBog8Uqg8MRjx-QKi_kGE:1ttHvD:3XRlCYhfjU4v_yqlBcRX6JxjaE_ymP6CegVWVQK_exU	2025-03-29 03:10:47.007015+00
fecf1a7nl2rpowq9nxcg21lc0hizlhou	eyJfcGFzc3dvcmRfcmVzZXRfdG9rZW4iOiJjaTZ0dnctODQ2MTZmOGEyMmUzZGY4ZGMxMTI4ZWZmMjkwODQxOTAifQ:1tNVnk:pnTCQSsGW1zUtlECg11MXlHlCXbkEncK41_PWOOEUPw	2024-12-31 11:31:44.583346+00
874y26whnipbjshxqz2jw0bkz27qfcm8	eyJfcGFzc3dvcmRfcmVzZXRfdG9rZW4iOiJjaTU3bzktZTVmYTlmMjZjYjVmNzc0NzRhYTlmMjlhOTI0YjVmYzQifQ:1tNCD4:4neHEQaCbtVzjp0DjIpMwfQqZHBDWl5XtQ0iPemBeXQ	2024-12-30 14:36:34.982238+00
67xjltnaegicfeu1idwgpegek18yrbc1	eyJfcGFzc3dvcmRfcmVzZXRfdG9rZW4iOiJjaTVkbnItY2U0NmI3NzliYzZkYjAwMGZiMDUxZTRiMjIyMDQ5NzcifQ:1tNIUl:XqbA7qBohj8NuE-4UGLrDZO15RCo0W2JmZw-XXfsjsA	2024-12-30 21:19:15.278023+00
hd63hteifa4u73gx6tudbrqqfkx2hcgt	.eJxVzrsOwjAMheF3yUwjk4sTM7LzDJUbJ7SAWqmXCfHupFIHmP1_R36rlre1b7clz-0g6qKyLegMlcajo8ZxhoaSlAahpGiddBFQnX5Zx-mZx93Kg8f7pNM0rvPQ6T3Rx3XRt0ny63q0fwM9L33VESOUkoRDITAcXLA-nj0ImoTeloxEaDLUgiCQCKcqcvJUHwbn1ecL9CBAsQ:1tNYWt:qJmXZh2Z0Y_ltM519X84U63-01XnBpWsqlzP3lOXTyE	2024-12-31 14:26:31.96958+00
eeo5he14fqg246mzuqqlnf7wc2jmtq2k	eyJfcGFzc3dvcmRfcmVzZXRfdG9rZW4iOiJjaTZ3a28tYTc1MDc4NDYxODZiYmJhOWJmNTAxZjI3OTc3MDA5YzcifQ:1tNWhi:nJQ_SMNPvIyzIzees5gRcAMW0GcOwtE042HYi_7M1xk	2024-12-31 12:29:34.579644+00
fy5nq6cdz06fdbgp0djrsttt6m80l4cr	eyJfcGFzc3dvcmRfcmVzZXRfdG9rZW4iOiJjaTZ4ZjktZjg2M2ZhMjg1MmYyNDBlM2M4NmNmZWUxM2E5YTUwNDcifQ:1tNXZu:MxSlHjV_55vS48jqVtPAknDGJC3N7Rek5KDvQHfrrgg	2024-12-31 13:25:34.534426+00
fiubcb757oj8okoy3bsdwgakj8a5st37	eyJfcGFzc3dvcmRfcmVzZXRfdG9rZW4iOiJjaTcxMXAtNzdjZmE0NTc4MmVkMTYwMTk1MzE0MmZjYzYyMzU5MTIifQ:1tNYIi:svDHBg8uPfLYouMRUgkvPDkzPJgqSgNmB9OHiE8fB4s	2024-12-31 14:11:52.145578+00
yyu6nxoaupga5zb25hwn00imp2e8t9c3	eyJfcGFzc3dvcmRfcmVzZXRfdG9rZW4iOiJjaTZyNzktMTE5YjI3ODI5ZjUwYzI2ZGQxMzZlZDNkNTNjYzBmMWYifQ:1tNUtK:xRWPI0wAmBKI0qzID_BgjU9h4xwOsybuU7zvE6QlWvI	2024-12-31 10:33:26.618499+00
6sotxvkja36fxzf4v2gp1dk9ysilre7i	eyJfcGFzc3dvcmRfcmVzZXRfdG9rZW4iOiJjaTZ0azAtMTFlODM4NDBkZTFiMTA1Nzg1MzVjMDI0ZDNlODc3M2YifQ:1tNVi9:ylkUpiK89c-sse-zn0hQscBWdqL5sbgpQMEhLPuYLek	2024-12-31 11:25:57.900763+00
m7fexhizdmhz6kgqqtly2v1bc2348urg	eyJfcGFzc3dvcmRfcmVzZXRfdG9rZW4iOiJjaTkzamwtOGNjNjQzNWNmMjQ2N2VkZWZhM2M5ODhhN2M3MmFhZTcifQ:1tNxKS:Xre2VvjbkwEeOizeOEd8LP5AH9FsCwqdu3kULRzQI3M	2025-01-01 16:55:20.956406+00
xiba2177zn2gwfrd84l8l9nsl8jb70ys	.eJxVjDsOwjAQBe_imlj-Zb2mpOcM0a69JgGUSPlUiLtDpBRQPs3Me6mOtrXvtkXmbijqrGz1zoipjcHITSgkDXtqGzSlxUQMKYM6_WZM-SHj3pY7jbdJ52lc54H1ruiDLvo6FXleDvfvoKel32snNjipUXzg4sp3RAOxAHKuFpxP2YeamCJKiNZjSDkhcgBIAlLV-wMKqEEI:1tNnwE:hitXNRwkpFEffqeeoLkymqDc2-vxHD5dNmXn6RHcvB4	2025-01-01 06:53:42.082931+00
q8cj5l6zlz19w9obihfm2p3k3shhx7tz	eyJfcGFzc3dvcmRfcmVzZXRfdG9rZW4iOiJjaThndzAtNTRlMzQzZGIzOTU3MThkM2I2YjM3NzFlMzUyYTZhYjcifQ:1tNphg:xryb3nvIKkL9bLFgPE214QU9_54H6trNns2tbUV6-RI	2025-01-01 08:46:48.131776+00
tfiw5mapa595nvoyqob405c79jxvmve1	eyJfcGFzc3dvcmRfcmVzZXRfdG9rZW4iOiJjaTc5b3gtNWMyMTllNjUzNzk1ZjExMDZlYzAxOGE1Y2I1NjU5NmUifQ:1tNb7v:tqHY0ZImAB-Ej-Df2b2aBvaYw4hJMjQo2qB7-G6Y7Z4	2024-12-31 17:12:55.605674+00
ybosthdm9cyhvzcr82gfrv1ylf26ev9j	.eJxVzDsOwjAQRdG9uMbW-BM7Q0nPGqLxeEwCKJHyqRB7h0gpoH73vJfqaFv7bltk7oaizooKVIhQtKtCOgCJRmlQ1ywJMbJLIOr0yzLxQ8bdljuNt8nwNK7zkM2emGNdzHUq8rwc7d9BT0v_1SKhdbaljII-Yq5ooUDykZFSRrYs5BEk-ASlMlCsLnhmdja2TUL1_gBhJEG2:1tNrPw:27UlSUqxb9P6sTrCwRnfEOFcCZ4hBMm25isSNcquKL0	2025-01-01 10:36:36.293507+00
3v9xqf2sjdmar1kzmz0t4cpoxyh03f3r	.eJxVzDsOwjAQRdG9uMaW__ZQ0rOGaMZjkwBKpHwqxN4hUgqo3z3vJTrc1r7bljp3A4uziAgM5LwE1E56KElSylFmo0Nwxnk2Vpx-GWF51HG3fMfxNqkyjes8kNoTdayLuk5cn5ej_Tvocem_OkNjAh8ZkwUPurTYSmpBEzkNFl2y3Awn4ta8z7lWCNiQStJau-rF-wN4PED7:1ulVmr:JL2G8A06MmK2CKzYgyChkDFu1Af20CsAsjVjORZBwSE	2025-08-25 16:54:17.806204+00
s408p0e11ydqmjnv1v5fw8uflldl8x8q	.eJxVjTsOwjAQBe_iGlv2-pdQpucMkXe9JgGUSPlUiLvjSCmgfjPz3qJP-zb0-8pLP2ZxFWCRjGcjwXotHUKQLVuW2ESAqGMuLorLr4aJnjwdbn6k6T4rmqdtGVEdiDrXVd3mzK_uZP8CQ1qHaofaNybVByqOdGNdIaZCrXbasQ-x6IQWCwTM2pMzBog8Uqg8MRjx-QKi_kGE:1tOx1a:b1U5ZpRXVlKpu7rK2DxUgVbVnc3X5exy3EmxpHTthkM	2025-01-04 10:47:58.521321+00
9jgo8133tg18ute2hen9d8mev5j2i1q3	.eJxVjjsOwjAQRO_imlh41_ZmKek5Q7T-kQBKpHwqxN1xpBTQjTTvjeatOtnWvtuWPHdDUheVkXwBMo0wlsaSQMNnI02qCbC4ImTV6VcLEp953N30kPE-6TiN6zwEvSP6aBd9m1J-XQ_2b6CXpa-2Zc8thEAOvHOpIBeOxiT2CGiAAMlmhvrNWStYucTGiSkptsQB1OcLlcY_fw:1uq2uz:vvSQR1Wh1Plum9r0igxcIlyVTd9OKZ5id5qv6DpHiag	2025-09-07 05:05:25.466127+00
finmswksb5bshczcu1dwztjx7ihsfudp	.eJxVzDkOwjAQheG7uMaWl9jOUNJzhmjG4yEsSqQsFeLuJFIKqN_3v7fqcF36bp3r1N1ZnVVsbKooqKmA6Ma2pMEW0eC49YXbHEJUp9-MsDzrsLf8wOE2mjIOy3QnsxNzrLO5jlxfl8P-HfQ491uNLjvJDJLQV8gCGCLlis6XFIgZGld8IonZ-lilZM6RyG0wBpuA1OcLNG5Bvg:1tUSRg:0-KMHvIgceAYskSeuJ8O88YVq5rd4JJApvmTkXHzzYY	2025-01-19 15:21:40.719875+00
dgyaryt3b21cs6p8jzxobkw6ae9m15fc	.eJxVjTsOwjAQBe_iGlv2-pdQpucMkXe9JgGUSPlUiLvjSCmgfjPz3qJP-zb0-8pLP2ZxFWCRjGcjwXotHUKQLVuW2ESAqGMuLorLr4aJnjwdbn6k6T4rmqdtGVEdiDrXVd3mzK_uZP8CQ1qHaofaNybVByqOdGNdIaZCrXbasQ-x6IQWCwTM2pMzBog8Uqg8MRjx-QKi_kGE:1tnKhG:_PIl37c46ZY1wZ1EIXZHH8IoCC7EQYhpwzd0Dk_ejg4	2025-03-12 16:55:46.485984+00
64u094r0y3e4e2jqky1ge004lx9zx9gs	.eJxVjTsOwjAQBe_iGlv2-pdQpucMkXe9JgGUSPlUiLvjSCmgfjPz3qJP-zb0-8pLP2ZxFWCRjGcjwXotHUKQLVuW2ESAqGMuLorLr4aJnjwdbn6k6T4rmqdtGVEdiDrXVd3mzK_uZP8CQ1qHaofaNybVByqOdGNdIaZCrXbasQ-x6IQWCwTM2pMzBog8Uqg8MRjx-QKi_kGE:1u9OZE:wy0mFVg-YUr35uc5mXaECX7bOVay0CsSdZCam87zVl0	2025-05-12 13:30:40.329725+00
sqmka1xelk2jekr4qeqqymmr2eckqzsr	eyJfcGFzc3dvcmRfcmVzZXRfdG9rZW4iOiJjaTU2MDktMTExODFhNWJhMDhjMjczZDM1MGUzMTcxMjlmYjk1YTMifQ:1tNBbw:KGEFPMNvupRycTvqXAeOwj_G7lu7j7ku7RGCRbY0QN0	2024-12-30 13:58:12.017381+00
g0725d5yn1rmem7h16fpjcdvqklugoz9	eyJfcGFzc3dvcmRfcmVzZXRfdG9rZW4iOiJjaTR5ejQtYmYyMGQ1Yzc1NzU4MzBjOWYyOTAzNTVhYmFlOTRiZTQifQ:1tN9FF:FHLt9YTUjR3dxQD7XnejT4Nf-NW_U29v-SU4WEMgcew	2024-12-30 11:26:37.983197+00
8x40tf2msg7rr5vgcb5f08evkri5q277	eyJfcGFzc3dvcmRfcmVzZXRfdG9rZW4iOiJjaTcyMDYtYTFlODgxM2ZhMDc5MzRjZTllNjhlMTQ1N2NkZGU5ZjIifQ:1tNYXk:07lBPLJpW4O6xql5GtmCu9GkARt_oksmQ-gWSl5fZyg	2024-12-31 14:27:24.426957+00
ordn44bc2pro58ur0mtetk1sqqly80ne	eyJfcGFzc3dvcmRfcmVzZXRfdG9rZW4iOiJjaTZuanAtNDE4MGYxY2JiNWM4NzIyMWU0OTY1MzAyNDc2Mjg5ZDMifQ:1tNZP9:smYmRIsVOVckBYsWbGXlFgXADRGaf1Q6NpMpcfKw-9g	2024-12-31 15:22:35.152516+00
duiyff5k5b1cggndb7my6vdl7xuoj7tg	eyJfcGFzc3dvcmRfcmVzZXRfdG9rZW4iOiJjaTZ3MWMtNWNiNmFiODI4MTk1ZTM2N2Y5MWFhNTJkNWY3Nzk0YmUifQ:1tNWWP:qwAGhpkjz3_3ec6e3oOXTfshMdGgJ38Zpw-5dZ_sw5E	2024-12-31 12:17:53.478497+00
dvhgeefdje56lw5kkycj5irgdzzu3gmt	.eJxVjTsOwjAQBe_iGlv2-pdQpucMkXe9JgGUSPlUiLvjSCmgfjPz3qJP-zb0-8pLP2ZxFWCRjGcjwXotHUKQLVuW2ESAqGMuLorLr4aJnjwdbn6k6T4rmqdtGVEdiDrXVd3mzK_uZP8CQ1qHaofaNybVByqOdGNdIaZCrXbasQ-x6IQWCwTM2pMzBog8Uqg8MRjx-QKi_kGE:1tNSpq:arIre5qOXIeiEu-WGqXRadVsQ4zo42SKUcDScAj0XhU	2024-12-31 08:21:42.21488+00
rliu6k83zvmo88vgekjgm342ske3opz5	eyJfcGFzc3dvcmRfcmVzZXRfdG9rZW4iOiJjaTZuanAtNDE4MGYxY2JiNWM4NzIyMWU0OTY1MzAyNDc2Mjg5ZDMifQ:1tNTfH:wzMghBomvfPf4dab0iIU3HK8_ReXLHFAu0GkV7UQF1E	2024-12-31 09:14:51.298277+00
j8di4w0k08dzpw86qgzgmobce3touln3	eyJfcGFzc3dvcmRfcmVzZXRfdG9rZW4iOiJjaTZyNzktMTE5YjI3ODI5ZjUwYzI2ZGQxMzZlZDNkNTNjYzBmMWYifQ:1tNUuH:NXw1mRYqrTYjWRa5FiD-4WjwLzlPToLCCrzgYSVlHzw	2024-12-31 10:34:25.617826+00
tc1bap2tjoczlle6n85x83y9mw09d9k0	eyJfcGFzc3dvcmRfcmVzZXRfdG9rZW4iOiJjaTZ3a28tYTc1MDc4NDYxODZiYmJhOWJmNTAxZjI3OTc3MDA5YzcifQ:1tNWiL:NZnsxTAbV2ioDwklocF1csHTKjIrrUsYfDw4geM8smE	2024-12-31 12:30:13.754762+00
qhglpzfupupdeuoqaaa6qlm2pkca7z2i	.eJxVjDsOgzAQBe_iOra82OuFlPQ5A9q1TSCJQOJTRbl7jESRFK-amfdWHe_b0O1rXroxqasKwM4Kkm4yee0dBS0BKy3AoeYKMfVJXX4z4fjM09GmB0_32cR52pZRzKGYk67mNqf8ak_372DgdSh1DZYaTE3G6EIG9mXQsweATGgdOhIbmSlZ6y0KBaDQS4WFl0bU5wuRfEA0:1uZQk6:i6aBGSNO-Y5nhEO6or9WTWIcOfI9oK6WQJ53zQCtPaM	2025-07-23 09:05:30.202956+00
d3flla5v42gntwakyro4gawcesynerx8	.eJxVjDsOgzAQBe_iOliLbWxvyvQ5A9r1LiEfgcSninL3gESRVK-Ymfc2La1L366zTu1dzNlw5xXA15U6iVUAbCpOqFVw2SnWDNua02_GVJ467K08aLiNtozDMt3Z7oo96Gyvo-jrcrh_Bz3N_VYHF5WbBkstKaesvrgiJeeooaMcouTko09I7NmBCgUgKKjoIRGGZD5flQ5AZw:1umPJc:FE8GdFh71pUOOuCOEXERyWQIyNrUPVVL9FYGr61a5QA	2025-08-28 04:11:48.606704+00
l2hbqhxar6vcizt7eetklotd40o2d7p6	.eJxVzDsOwjAQRdG9uCaW4_FvKOlZQzT2jEkAJVI-FWLvECkF1O-e91IdbWvfbYvM3cDqrICtDwVzY6u4xqUkTQJbGoo1BkRPaIs6_bJM5SHjbvlO423SZRrXech6T_SxLvo6sTwvR_t30NPSf7XLxfmQcguOBI1DCAI1ILcooQrXQgbbymBdYomQIyQ03iETeQhGvT_mdEDm:1urAAX:0QD4LgNivlUDCB_mq75I5Lls3ZHZiNMKVPd23Zo4Vr0	2025-09-10 07:02:05.990205+00
rdeks5gryn28xbsa5iazpl1kqda8locp	.eJxVzMsOwiAQheF3YS0EhmFKXbr3GRpgBls1bdLLyvju2qQLXZ__Oy_VpW3tu22RuRtYnRWiRaoAmoKARkDR2VPSDWXXOBHgAOr0y3IqDxl3y_c03iZTpnGdh2z2xBzrYq4Ty_NytH8HfVr6r3YS2QKx5ybXKKH1WUR8diytRUnWYogCFBxFzCChQioMhbwvpXqv3h-bxEEE:1tOCKe:9YiQLxilbuo729mSv-jcA8p43vyuzHadCfQLqFoe12Y	2025-01-02 08:56:32.279537+00
r4y4j2199cprahco8jchya3knafsy5gc	.eJxVzM0OwiAQBOB34SyEhbJSj959hmZZFls1JenPyfjutkkPep2Zb96qo3Xpu3WWqRuyuijOgD4ga4YIurGCmohQIwoXZG_DGdXplyXip4y7zQ8a79VwHZdpSGafmKOdza1meV2P7d9BT3O_aRcZsg0ZhAqllD1674ScZWisCyElsdwSgS-CkdsCW0jFFmw3AlF9vgpyQak:1uTZd0:THzgl3iyKZUh2nhWXr5Uwg_NiKnGg_IQ8NC_lvm2mBc	2025-07-07 05:21:58.977475+00
il8imwdxil2jjkchuuhnhszq8c7agm6x	eyJfcGFzc3dvcmRfcmVzZXRfdG9rZW4iOiJjaTVpbm4tZWZkM2UyZDVkNDFiMTAzZjg2YmEzOTBlYTUzODQwNjEifQ:1tNFsS:KyUE92PlJQvu3NwqwBThswxHvhaGOixrQSeQUAyoq0E	2024-12-30 18:31:32.832476+00
ddxv3ikp2j7v1pcwmsz5n41s7llkrxiw	eyJfcGFzc3dvcmRfcmVzZXRfdG9rZW4iOiJjaTR6MHItODdiN2ZhN2Y1ZmZmNTIwMDQyZmZiMDI1YmNiYzNhZDAifQ:1tN9Fj:dz_mNSwkNTuxDFsSkvi68Kh21oUI0mTbvmyPy1OWbWg	2024-12-30 11:27:07.244404+00
96aqe7lvbvytbhevhnjhfhrpctcoyjd2	eyJfcGFzc3dvcmRfcmVzZXRfdG9rZW4iOiJjaTR6MWYtODJlNDMzODRiNTQ3ZGE1OWMxZmI2NDM0ZGMxMDgyYmUifQ:1tN9G1:VPn8o9B4YykN4ZI5kV0bIlwYMEwg04eLwqS0I_lXUb8	2024-12-30 11:27:25.062721+00
m0659y7e5pz2skquch5ejtdzluiy4wc7	eyJfcGFzc3dvcmRfcmVzZXRfdG9rZW4iOiJjaTRyOHAtYmVkMDc3NjIzN2JiYWI1MmI3NDEzMzRjZGU4YWIwYTYifQ:1tN9He:o_8Jsp_oFC-45DlAoibTN0tB_z2qF0nWknklYURc1Wo	2024-12-30 11:29:06.540342+00
07gpf9hsnd0pnbdto264t9ceqyc33d79	eyJfcGFzc3dvcmRfcmVzZXRfdG9rZW4iOiJjaTcxcGUtNDlkZWIzN2E4OGUwNDg4ZmYxOTNkOTkyNmQ0NjYyNGUifQ:1tNYZu:k6d-TgFI-vuplnSxM4KzcvmBYxLuETUOoyvhGRPGCsg	2024-12-31 14:29:38.468955+00
on9c67amw0t6ghl0ll3utkc4hinekjjv	eyJfcGFzc3dvcmRfcmVzZXRfdG9rZW4iOiJjaTU3dTYtYTI2MWU3YzU5NjhkODBkNmFkMTIzYzQzZTkyYzY5MTYifQ:1tNCEv:UYOuPui352sY-RCvMEAYfd5b_9M9ow6iSkJhKgnr0jQ	2024-12-30 14:38:29.928538+00
pxkqewv2whfi5ghlgpai7f2qprxpq0ck	eyJfcGFzc3dvcmRfcmVzZXRfdG9rZW4iOiJjaTc5dzktZTliYjIxNjk4NGM4ZDdmOTlmODhmOTZiODBlMGQ2ZGUifQ:1tNbDY:Sy7NdX9YSRyyIWWBOSGyyMK2HUE3QRHtwv_k2f0fMj0	2024-12-31 17:18:44.962698+00
jxy7vidrkznurztefmzmgv4v057h7j2n	.eJxVjEsOgzAMRO-SdYkIJiHusvueATm2U_oRSHxWVe_eILFoV57RvOe36Wlbh35bdO7vYs4GWFxA76vAilXLKBUKl1RrhFJTk8GcfrVE_NRxd-VB422yPI3rfE92R-yxLvY6ib4uB_v3YKBlKHbXgFIUEqdtKCcDtULqpOkioxMWiBQzx9C5FIIy1B59wqiuwFnM5ws3tkK4:1uaBnR:WNvjm-weFQOzwAc1k_nE1nD3adHs87XexaoUT84ph_I	2025-07-25 11:20:05.187217+00
rp3yellc3jlenpjqfk39hnvmqjp3dljg	.eJxVzDsOwjAQRdG9uCaW7Xj8oaRnDdF4ZkwCKJHyqRB7h0gpoH73vJfqcFv7bltk7gZWZ5VdCoE8NySxNN6LaXIS14CLybdsqjWkTr-sID1k3C3fcbxNmqZxnYei90Qf66KvE8vzcrR_Bz0u_VdHkSyVHQCK8eJsa30oLhGLI8mV2ly4VjAhm8iAwJihWiERQISg3h_juUIa:1tNH4X:gQHtBIHFSSR9kP5gsdcX-Rs2CEKv1dMurAK1JSIv8QI	2024-12-30 19:48:05.365765+00
uhs2hcpbivvgune12d7t2dn5a28dky0y	.eJxVzDsOwyAQRdG9UAcEGGYgZfqswRpmIM5HtuRPFWXvkSUXSf3ueW_V07YO_bbUub-LOiufas0tei2pJB1CI00Ioi3m7Cl3kFxTp19WiJ913K08aLxNhqdxne_F7Ik51sVcJ6mvy9H-HQy0DLvmIg5bCoCQLHLDiiE35zNECY7FOpTQkKGL1BFHbsBIwcYoBBjU5wvwmEEW:1undBI:x1MmJk9c3ftuiXYHAmtTTOKraqzEZm4PYK_9Krokp5g	2025-08-31 13:12:16.216603+00
84b3661kcpl370yx08jdw1rfm80u06zg	.eJxVzDsOwjAQRdG9uMaW__ZQ0rOGaMZjkwBKpHwqxN4hUgqo3z3vJTrc1r7bljp3A4uziAgM5LwE1E56KElSylFmo0Nwxnk2Vpx-GWF51HG3fMfxNqkyjes8kNoTdayLuk5cn5ej_Tvocem_OkNjAh8ZkwUPurTYSmpBEzkNFl2y3Awn4ta8z7lWCNiQStJau-rF-wN4PED7:1uvcKx:IJooM3F1lMoING-ig_BDMTYPazuKV0wGZLjlHS4P07s	2025-09-22 13:55:15.685236+00
3ia6sn81hbx9z6ga2jj654nn2feji520	eyJfcGFzc3dvcmRfcmVzZXRfdG9rZW4iOiJjaTk4OWotNDJiZDY0Njg5ODhkZGY0N2Q1MGMxYzIyYWYyZmI4NDcifQ:1tNyvY:RnyghofOvXpiG-ulA3j2AhgX41sOxdvSj9z-3HWY1tQ	2025-01-01 18:37:44.131622+00
977vi2fb096dog660drbxydr3qnp5cyw	.eJxVjLkOwjAQRP_FNba8vuJQ0vMN0a69SziUSDkqxL-TSCmgmpHmvXmrDtel79aZp-5e1Vm5mGtgaLR34HWI4HTO7HWmNjeAAh6LOv1qhOXJw-7WBw630ZRxWKY7mR0xxzqb61j5dTnYv4Me536zLQbfJmEu2SNJU3NtKXDEwiSyJVsrJVlwniMDUNmKRGJhIpeS-nwBsiBCXA:1tNpkd:peU5rk6D3GCiOnULGI7kOez13wqSLiSZCENSHSismAA	2025-01-01 08:49:51.624596+00
jyeev0mjvixzkmij7szy3hoa2hreu7cg	.eJxVjDsOwjAQRO_imlj-rB2bMj1niOzdNQmgRMqnQtwdR0oB3YzmvXmLPu3b0O8rL_1I4ioskvbRucYjxwYwUhMJa1IcbK3ZFCsuv1pO-OTpcOmRpvsscZ62ZczyQOS5rvI2E7-6k_07GNI6VJtVUDr6XArbBDYYoKLZ-qi8DuRcKi0bCEQmAnAGoyuJ6KAlpmKK-HwBAQxBzQ:1uTxOr:sVgqz8iCYpRctB-HUkVe22VXDICQsSKjbY8FMmaqnGY	2025-07-08 06:44:57.555716+00
5oczriu4x5x16pcbk9oivitso0h20k8l	eyJfcGFzc3dvcmRfcmVzZXRfdG9rZW4iOiJjaTU3MHktNGIwYjI2MmIzNjAyNTJkMGJjYjAwYzJhY2ZiN2RmOTYifQ:1tNBxB:zEzZ7IznEPJ_3cpT5HYVRuQ2opY4UMahUmFW3mKGXEo	2024-12-30 14:20:09.857776+00
hydi8sw9feq76dzjoxptmbeg0fb19dkv	eyJfcGFzc3dvcmRfcmVzZXRfdG9rZW4iOiJjaTR6OTQtODljZDgwMGE1ZmIyZmIwZTI4MjY1OGQzMWVmYWI1ZWEifQ:1tN9LJ:uSTClN3MFTwQFlc_MZB3f9NbjtvT6oqwSzvA1iOKuxc	2024-12-30 11:32:53.004655+00
z68cbbid7fmsb8i1cgluwv8wj1f7tovo	eyJfcGFzc3dvcmRfcmVzZXRfdG9rZW4iOiJjaTR6OTQtODljZDgwMGE1ZmIyZmIwZTI4MjY1OGQzMWVmYWI1ZWEifQ:1tN9Lw:NvLh26qCbiXkZOhZ0ujHPdRKjGJ9mafmAo5Rz2xrwBs	2024-12-30 11:33:32.339629+00
ob29agkas4cnpvrj9b9s5u37gv4duqzf	.eJxVzDsOwjAQRdG9uMZWYo9_lPSsIRrPjEkAJVI-FWLvECkF1O-e91IdbmvfbYvM3cDqrCq66orz2icADZhI54ZII0jgYKs01anTLytIDxl3y3ccb5OhaVznoZg9Mce6mOvE8rwc7d9Bj0v_1TYWKW0TJLZMln1ymSxYlgBVpAKI2BA55yjoXCpOEDyWTDWGGgqp9wdGcEJ6:1tNCFR:dQ-wjZZCr3mKNig__niN1gWm7ZQn5O1HgY8LgAdkd9I	2024-12-30 14:39:01.739948+00
zfoyhgcr39wwh96j8by9i7p6j8mx5iod	.eJxVjTsOwjAQRO_iGlter7-U6TlDZK9tEkCJlE-FuDuOlAKmmGbmzbxZH_dt6Pe1LP2Y2ZVVjZ5CVLwElbmW0XDvjOXeSK-pEjqN7PKLpUjPMh1sfsTpPguap20Zkzgq4kxXcZtzeXVn929giOvQ6HaFEEJJpJo8gC-yWh0AAiYksgTkoNZSHYHxaJRUUlq0rmKzwD5ffSM_QQ:1tNbEI:nNbbd9D7tyENZcglWjTP_huntg5gUXbn5BajwvYerJ0	2024-12-31 17:19:30.118406+00
35bvd4zml7i48yheh5qwd9yypqpqx6wn	eyJfcGFzc3dvcmRfcmVzZXRfdG9rZW4iOiJjaTVrM2wtYzRhYTFhZTkyOTMyNTI4MWUxNDcyMjViNGEzYWI1OTIifQ:1tNGMj:kwF3AhA-xwPfgUt4UA9qofsMCb70KpEyZuoGAfbBa4g	2024-12-30 19:02:49.742451+00
dpnlzpg7c3wf105gz9yf20x91q7rexgm	.eJxVzLsOwjAMheF3yUyjNHWTmJGdZ6js2KEF1Eq9TIh3h0odYD7_d16mo23tu23RuRvEnA2EAoQlVhhFK1DEikWpCqrCdQLnfWtOv4wpP3TcrdxpvE02T-M6D2z3xB7rYq-T6PNytH8HPS39V-e2gIBGaZCcaBtqRA-SQFOTIHHwUcRxBHUh58IcFHJNCoDMMRbz_gBQXEIy:1tNhj1:zSrG1jPmO0lmugracrzl23hLu4ING81dWRv_Q5aK6DI	2025-01-01 00:15:39.550366+00
boojkay7apimxchxylplzop4eo3dr2ll	.eJxVjDkOwjAQRe_iGlteZrxQpucM0djjkABKpCwV4u4kUgpo_3vvv0VL29q321LndmBxFRA6QrQsjWEvgV2R5KCTwSEZjT4GsOLym2UqzzoeLT9ovE-qTOM6D1kdijrpom4T11dzun8HPS39XptUg-bkfYc2luArQdgHH6y2lhg55VgKuJIMQXWQstbaV53srkZC8fkCftE_9Q:1tNcNt:CG0ugPHtwLJ5QT8kecHruJXBypIZaZj-MUpy3KQMeNk	2024-12-31 18:33:29.387159+00
9crb20b3naysztn2eta0b3p1w10qba55	eyJfcGFzc3dvcmRfcmVzZXRfdG9rZW4iOiJjaTc3NWMtMDc4OTBlYWM1ZDZlOTk5MTllNWYxODhlYTZhMGUyMGQifQ:1tNaGk:BdGIyLD_0WMYm1hGL_XaGc2Xsr7v2RzmFoB2gTytUnA	2024-12-31 16:17:58.615499+00
my17v24jkfzbobibr3skrkh4vfmn7n4k	eyJfcGFzc3dvcmRfcmVzZXRfdG9rZW4iOiJjaTc4MDQtMzA2NzUwZWZjNGViYjUxMGY1Y2U3NzQ3OWFmOTlhMTMifQ:1tNaZL:uOoRndEnTbXgLMc1eg-n1a6cDO3WudH3LDRrtBbvaNw	2024-12-31 16:37:11.320292+00
bhaeelg5o1cd0gco1n9rz751mditx2es	.eJxVjjsOwjAQRO_imlj-rb1LSc8ZItu7IQGUSPlUiLtDpBRQz3sz81Jt3ta-3RaZ24HVWfmUqKsCDbicm2C5ayj60hBaIUSKDo06_Wol14eMu8v3PN4mXadxnYeid0Qf6aKvE8vzcrB_BX1e-n3ZYTTVFxOFq43FM4oxAJXFQKiANpBhQEqBnAjb7x2Q7KtwsimSen8AnKFAKQ:1udnmZ:hlHGTZsXPzH12g7F6SGXfSX-PX_KKG5rnTVFD9yXL0A	2025-08-04 10:30:07.772952+00
5rc42eppfeeztrxgrmqmuvkskgig69uy	eyJfcGFzc3dvcmRfcmVzZXRfdG9rZW4iOiJjaTcxbjEtOTFjYWEzMmQ1MjdlMzEwNjE0ZjcwODRhZjllMjY3MjAifQ:1tNYPk:PMZgJbIuWRw_ZXpJ3kci9msbmsikVv4bnHjT-sVs_oY	2024-12-31 14:19:08.508787+00
7ezgo4693oref4g7xw2l7ibiwg7r8jaw	.eJxVjTsOwjAQBe_iGlv2-pdQpucMkXe9JgGUSPlUiLvjSCmgfjPz3qJP-zb0-8pLP2ZxFWCRjGcjwXotHUKQLVuW2ESAqGMuLorLr4aJnjwdbn6k6T4rmqdtGVEdiDrXVd3mzK_uZP8CQ1qHaofaNybVByqOdGNdIaZCrXbasQ-x6IQWCwTM2pMzBog8Uqg8MRjx-QKi_kGE:1undEM:9lA6WKxdnEhDvsc1YmBFrDckkPDnSgw7cr6E8XG7nFY	2025-08-31 13:15:26.771665+00
0ls372dgq4bg43y06p459k6m71qllh4i	.eJxVjTsOwjAQBe_iGlv2-pdQpucMkXe9JgGUSPlUiLvjSCmgfjPz3qJP-zb0-8pLP2ZxFWCRjGcjwXotHUKQLVuW2ESAqGMuLorLr4aJnjwdbn6k6T4rmqdtGVEdiDrXVd3mzK_uZP8CQ1qHaofaNybVByqOdGNdIaZCrXbasQ-x6IQWCwTM2pMzBog8Uqg8MRjx-QKi_kGE:1uvcMY:fpzbKMQsnAVm5LbalxYWZrST_-9lQ4Q_6xvVsaknU7g	2025-09-22 13:56:54.729469+00
hf6s3hkdcu68rls4u9a25glyewmo23he	.eJxVjjkOwjAUBe_iGlu243ihpOcM0fdfCIsSKUuFuDuJlALqNzN6b9XBuvTdOvPU3UmdVU5kg7BoFwF0EHE615I1QfTeRmH2jTr9ahXwycPu0gOG22hwHJbpXs2OmGOdzXUkfl0O9i_Qw9xvdqpIkRy2mNjFElGCWE6hFEShFqMtvpAHwqaR7IQRtqM1tDGLT5nU5wtmK0K7:1tNpkk:xMSWTGGpv7wCkYgpSgBhE4VuxIoop_IOcM7qJOylATw	2025-01-01 08:49:58.433395+00
nax5djlgda0k27mgs37ra9nb2jp08ouq	eyJfcGFzc3dvcmRfcmVzZXRfdG9rZW4iOiJjaThtYWUtOGU0NDRiYjQ4MGM4MjcwZjhhNjY4M2FiYTVlZmRjYWMifQ:1tNrVZ:JeA2iwgpsrk4wSOucigAUXNvpz_zRSMyaSdGqI8Bcaw	2025-01-01 10:42:25.182083+00
q2abn9085xxhq4ouuthz8vl7pipvq5ce	eyJfcGFzc3dvcmRfcmVzZXRfdG9rZW4iOiJjaTk4OWotNDJiZDY0Njg5ODhkZGY0N2Q1MGMxYzIyYWYyZmI4NDcifQ:1tNyve:pLzmDkMK7aaXerTcNgBIQCRimEYmQU3zipqZFVQ3e7I	2025-01-01 18:37:50.443177+00
s47vmxjmrdhsomhz70w9hou2ha2a8zt3	eyJfcGFzc3dvcmRfcmVzZXRfdG9rZW4iOiJjaTcxcGUtNDlkZWIzN2E4OGUwNDg4ZmYxOTNkOTkyNmQ0NjYyNGUifQ:1tNYfU:4yOLzRFuCm5H1cBc7eBl1ptyM1U0BxVMhem4HIKWQ_8	2024-12-31 14:35:24.871473+00
8zu6x9kgenshsunaa1azcpri0lobztxs	eyJfcGFzc3dvcmRfcmVzZXRfdG9rZW4iOiJjaTdhMTQtNzUxYTMyODM5ZDljMzI0ZDQwZTQxMTMzMjhmMDQyYzkifQ:1tNbJ5:F5oaJhBE_TGEA71JxF4F41Yo38YUqsqNIyJOcwOJqSQ	2024-12-31 17:24:27.112208+00
svxhaxnoa251k22nzhbptu2583k60src	eyJfcGFzc3dvcmRfcmVzZXRfdG9rZW4iOiJjaTdkZ2ktMzAzNDNkMmNjNGE3YzBkMjA5NTc0MTNkN2JlNjJmMmMifQ:1tNcP4:M6Pj0Ye335uakOeiTuvmjXxijC1Nrjvsk6FOzGgRB6c	2024-12-31 18:34:42.571315+00
unlr6bmv37u2b6jdtk6zt98h5gdkojih	.eJxVzDsOwjAQRdG9uCaW_5OhpGcNkWfsIQGUSPlUiL1DpBRQv3veS3V5W_tuW-rcDUWdFYkBiME2LoTQhETYYEq-Sa7kkg1ExKpOv4wyP-q423LP423SPI3rPJDeE32si75OpT4vR_t30Oel_2oJaCkaEbCWoUQA53wUkzMiC7ToGBnEB-dsEdsGiVSI2fhUqSZW7w9zgEDQ:1tNWgP:Z-cKpfTNmkobt7q4I6tiixjlJaWmev3USM0JZJKKziI	2024-12-31 12:28:13.648595+00
b3stcg29l22w2wei97tjqbspjsls86xq	eyJfcGFzc3dvcmRfcmVzZXRfdG9rZW4iOiJjaTZ4ZDEtMzE1ZjlhNWE1MzQ5YjliODEzOGEwNGQ3NjhmYTQxZWMifQ:1tNWyB:RIT3omHIIg-XZP7ItC5Bt_uw3K4hYWBjVwd2sPVxS8w	2024-12-31 12:46:35.733134+00
6cadgbgfam10wxxw97aerlb6r4bogw3t	eyJfcGFzc3dvcmRfcmVzZXRfdG9rZW4iOiJjaTZyeGktM2I0MTdmNTkzNWEzNWQyMjI3ZGYxODlkZDQ1NmQ2Y2UifQ:1tNV8l:K12sGWNLWLo4dPFu2h9KiP35dnm4HcsA1coGUSpTJ6w	2024-12-31 10:49:23.933226+00
8qiwlf4qh28ne1gig9f992hcxyhoap2m	.eJxVjTkOwjAUBe_iGls_ju3YlPScIfLfCIsSKUuFuDuKlALqNzPvbfq6rUO_LTL3dzZnk3MDhIA2ZkEbMhdbkpDFGFKbElGiYE6_GlZ6yri7_KjjbXI0jet8R7cj7lgXd51YXpeD_QsMdRn2Z9VSfUwkgIyR1StmrBmCZ0YOIFxKDbWwBAJQgeJb7VQFtemYzOcLP-5DNg:1ueaGJ:QYkAHk6y9cfI-2wXLyhJJaacjXQ517WhrR3PuVYBoRA	2025-08-06 14:16:03.930314+00
aashzs955l9sfcwm8tqzxexxwkqqruey	.eJxVjUsOgzAMBe-SdYlCnATcZfc9A7Idp_QjkPisqt69ILFo1zPz3tt0tC59t846dfdsziYKY4GWKtAQqtBkrJACVUnFKQmrT8GcfjMmeeqwt_lBw220Mg7LdGe7K_ags72OWV-Xw_0b6GnutxpiQUIHSdlDAYXoYo0kGaMHbjhv77VQG1vOTQZKxYkGt8OSEnrz-QJbfUIB:1uoFVy:zkDqBX2S8gjt5h63AiZwsqk54itauTd9VyabtuspcwI	2025-09-02 06:08:10.032174+00
o1tkcwvuo92d2re1km6ssuraljaejieu	.eJxVjrkOwjAQRP_FNbG8a6_tUNLzDdH6WMKhRMpRIf6dREoB5WjeG81bdbwufbfOderuRZ2VBzKtc9BwIGhci23DmLZYPCVGCxW8Ov1qifOzDrtbHjzcRp3HYZnuSe-IPtpZX8dSX5eD_Rvoee43GyTUaFKIYrwtPlILRhAzRWdNsdWAAESXw_ZQAqGYLMgi0RJhSFF9vjoPP1c:1tOoSJ:vsaLmYk9vrT9vNkc1Hb_YAxsv1yzcETaIh0Dw5WOlvI	2025-01-04 01:38:59.807964+00
ujlehv03az2t4kzlt8sy91psqt076obq	eyJfcGFzc3dvcmRfcmVzZXRfdG9rZW4iOiJjaTk4OWotNDJiZDY0Njg5ODhkZGY0N2Q1MGMxYzIyYWYyZmI4NDcifQ:1tNyve:pLzmDkMK7aaXerTcNgBIQCRimEYmQU3zipqZFVQ3e7I	2025-01-01 18:37:50.427987+00
hyjiu2rd9d9sxxhi0t35x5qlqohmdud9	.eJxVzMsOwiAQheF3YW0JAwMUl-59hmaGAVs1bdLLyvju2qQLXZ__Oy_V0bb23baUuRtEnRUkWyigbxgcN2hibajk3AAxBAQm64s6_TKm_CjjbuVO423SeRrXeWC9J_pYF32dpDwvR_t30NPSf3VCFwNhbJ2pWFIllphyFvaM1YCvPln0FYFsNZIhQWzJSoriqMXg1PsDGwhBOQ:1vHvzV:Mn8b1IUYWDgckqxhMB7QqbT8UFflmjE48tdyG3O66Ho	2025-11-23 03:21:21.602848+00
gl5nb2qjumnqqm1g0ua51khd6w3uibfh	eyJfcGFzc3dvcmRfcmVzZXRfdG9rZW4iOiJjaThtYWUtOGU0NDRiYjQ4MGM4MjcwZjhhNjY4M2FiYTVlZmRjYWMifQ:1tNrVt:qtDpxKF9nwjj20Vni6tqOiK0mgJiGca7BT_ZKItP3Bs	2025-01-01 10:42:45.870878+00
329vc4udiw6ygmfqdn56akut1eqyfb6l	.eJxVjTsOwjAQBe_iGlv2-pdQpucMkXe9JgGUSPlUiLvjSCmgfjPz3qJP-zb0-8pLP2ZxFWCRjGcjwXotHUKQLVuW2ESAqGMuLorLr4aJnjwdbn6k6T4rmqdtGVEdiDrXVd3mzK_uZP8CQ1qHaofaNybVByqOdGNdIaZCrXbasQ-x6IQWCwTM2pMzBog8Uqg8MRjx-QKi_kGE:1tVENe:CNBpJbsm2cWKc2umK3Xo_sw50pmuagQTUsiRZ3zc2V0	2025-01-21 18:32:42.848578+00
1k1vcto1fep0x5cqufq5bz0uaomw1m03	.eJxVjTsOwjAQBe_iGlv2-pdQpucMkXe9JgGUSPlUiLvjSCmgfjPz3qJP-zb0-8pLP2ZxFWCRjGcjwXotHUKQLVuW2ESAqGMuLorLr4aJnjwdbn6k6T4rmqdtGVEdiDrXVd3mzK_uZP8CQ1qHaofaNybVByqOdGNdIaZCrXbasQ-x6IQWCwTM2pMzBog8Uqg8MRjx-QKi_kGE:1uWdj2:Lpg4ZKJBZWWXBvaWR-8TGjAezo1e5rD0BOr48jfVFtM	2025-07-15 16:20:52.648761+00
9r39kazkcw7gob63h76yyg2pow0vdobx	eyJfcGFzc3dvcmRfcmVzZXRfdG9rZW4iOiJjaTVpcmstMDhhZDA3ZWJmNDdkYzI5MzM1MTViOGU0ZDMzOTlkMzEifQ:1tNFut:9Gp5DIJb9mArd850Dp1ZaXwFtbbF3R_UDE98KnkPnGM	2024-12-30 18:34:03.787588+00
1g1ezf1eth2zjgs1ki607nfbcrjo96ca	eyJfcGFzc3dvcmRfcmVzZXRfdG9rZW4iOiJjaTUwZnktNDgzY2IxNmViYTZlYWFlNWE4NDAxNjFkYzZhNWI3NjUifQ:1tN9jX:3bhBiqegimuGdKnEs0SP6rkTN-dJNJ3bWgzeB26voU4	2024-12-30 11:57:55.248572+00
1llcd0n6yhc7giycncxi6wdsum0v11qj	eyJfcGFzc3dvcmRfcmVzZXRfdG9rZW4iOiJjaTUwZnktNDgzY2IxNmViYTZlYWFlNWE4NDAxNjFkYzZhNWI3NjUifQ:1tN9k1:loiDw6SP32R8zH6Kf922p0ZXty3QtCBxwUdllBO53uE	2024-12-30 11:58:25.675411+00
mcbo9r7tuqqn6pztg06ue117zauzygfb	eyJfcGFzc3dvcmRfcmVzZXRfdG9rZW4iOiJjaTUwZnktNDgzY2IxNmViYTZlYWFlNWE4NDAxNjFkYzZhNWI3NjUifQ:1tN9kV:VYVG3PiLczCtoLym9LDBit6BwYvY5zEtTh7zwWhhzUY	2024-12-30 11:58:55.97614+00
oyk76x9ejef7yb225tnamcsdyw0lx2nj	eyJfcGFzc3dvcmRfcmVzZXRfdG9rZW4iOiJjaTVrZnotMDVmMDIzN2IxOGRkMTFlNmI0NGM5Yzc3YWYwNDNmNzUifQ:1tNGTY:Xm6NCugjUVE1jDRUUWjqeU8OqfoevjPiBHbFDKNOQ3w	2024-12-30 19:09:52.600251+00
3or5r554ktbl13lgyl7ph0z17hxi4pyj	eyJfcGFzc3dvcmRfcmVzZXRfdG9rZW4iOiJjaTZ1bmQtMWM5N2RmN2M1OTRlODRkNTUxNDNkNjUxODc5YzJiODIifQ:1tNW3T:0hxyMRHN2H-IydR27ebFuiJbH5euPuin4QpJ_moTkTY	2024-12-31 11:47:59.838539+00
m8mrwjakii5rgap6mnxbl4c7uj27nvg3	.eJxVjDkOwjAQRe_imlj2xNtQ0nOGaOwZExYlUpYKcXcSKQW0_73336qjdem7dZapu7M6qygUjfjSIBlpXHXYkI2lYcuYxQNERHX6zTKVpwx7yw8abqMu47BM96x3RR901teR5XU53L-DnuZ-q131kX0CQAKmFGxbK5Mn45IgOEYsNnFIxoXqQvZQvW23AcBCzVjU5wsS_EDW:1uecdx:PqOToLH8BXXhEg_zb_akLbGCNeFXGvcpronjrJ7onxY	2025-08-06 16:48:37.457394+00
7aemkznafzapq4584r402ck4cvvmfxjq	.eJxVzMsOwiAQheF3YS2EGQYoLt37DM3AUFs1bdLLyvju2qQLXZ__Oy_V8rb27bbUuR1EnRXbGkIG1Jg9a4o16QZC0qUgc3ZSXAzq9Msyl0cddyt3Hm-TKdO4zkM2e2KOdTHXSerzcrR_Bz0v_VcTRQIkxxRtjlYwJayleFudDwQEMRCiEwHxtZOQMAZIPnVI7IEb9f4AysU_vA:1tNEnC:ECcZcsX_ofYC3aKPZH2Nd75WGYEWYfRChJHX25Emq-E	2024-12-30 17:22:02.356681+00
51n2nn1yue546tfebsic3371zpwlghnx	eyJfcGFzc3dvcmRfcmVzZXRfdG9rZW4iOiJjaTc1YjktZTUwMzAwNTEwYjVhMDY2ODg1MTRlMWQ3ZDZlMGVlMGQifQ:1tNZg4:_6s8GXLCKTx1yCR6lJ7Ndz6Ocka-4VgXo757hAWcD58	2024-12-31 15:40:04.436569+00
82q0m4c8qvmkljw3sr4qap93l8yjksbe	eyJfcGFzc3dvcmRfcmVzZXRfdG9rZW4iOiJjaTc2cWgtNjRlMjRiOTE5YjhmMDc3ODg1ZDg4ZmFlODg5NjM1NzIifQ:1tNaJZ:GvnnzRCXtQdT0vFyWKe_qPfuT6duEDfwmnmo1SCb4mI	2024-12-31 16:20:53.304075+00
wc5lwwk18vhewzjr98algzsoee35ak6b	eyJfcGFzc3dvcmRfcmVzZXRfdG9rZW4iOiJjaTZyeWYtZjExN2U1NzM4M2Q2ZjlhMWM4YTE0MmIzMjZiYmFhOTMifQ:1tNV8u:NDkrbgzKsl8iTNzHPG6NC-k3wFRY5Sih7wRQnHnkXeY	2024-12-31 10:49:32.976175+00
dcru351o92vf3bc732826c2se6z18wv2	.eJxVjDsOgzAQBe_iOlj2etewKelzBmSv7UASgcSninL3gESRNK-ZmfdWXdjWvtuWPHdDUldFJQE1hJWpwVdok1RMBfcBKOI9IqC6_GYxyDOPR5seYbxPWqZxnYeoD0WfdNG3KeVXe7p_B31Y-r2GlGNB4YjARth4ZAlZSMQKOGspoZCp0aLP0ThvJdfUuAgRHbMJ6vMFZ_0_7w:1uYUzv:CvFn1Cd8Wl2t7ZI3kk5auVhWUt9M-dgMz0B_1BwqKjE	2025-07-20 19:25:59.53367+00
cvlmryfxzqdmr17v8fj93hnjstctzzy2	.eJxVzDsOwjAQRdG9uCaW4_FvKOlZQzT2jEkAJVI-FWLvECkF1O-e91IdbWvfbYvM3cDqrICtDwVzY6u4xqUkTQJbGoo1BkRPaIs6_bJM5SHjbvlO423SZRrXech6T_SxLvo6sTwvR_t30NPSf7XLxfmQcguOBI1DCAI1ILcooQrXQgbbymBdYomQIyQ03iETeQhGvT_mdEDm:1uoLtn:937ofWncOUh0frSjcjYQwiHWPIK_weTylonhr_8BjFE	2025-09-02 12:57:11.251456+00
e475e7jf7wuhzrj2dfp9gowjxkpzbtul	.eJxVzMsOwiAQheF3YS2kAwygS_c-Q8MMg62aNullZXx326QLXZ_vP2_V5nXp2nWWqe2LuqhgAyHVRhdoSHuLTpNtkq6CwDW4AuLV6TejzE8Z9rY88nAfDY_DMvVkdmKOdTa3scjreti_gy7P3VZzpDMIIRJUiEzCbHOEM1Zk5lwqic_WSsJcXIjJo0MAazeWiAKozxcYJkHg:1vI0Mt:g5O0SOsqaGmRi5IlwNWfP4MKoQ1oGpcBsWp9wytVlEs	2025-11-23 08:01:47.529709+00
12se8odn8kl1d0t490bjpaom3u53zi0s	eyJfcGFzc3dvcmRfcmVzZXRfdG9rZW4iOiJjaTU3Z2wtM2U1MjQ1ODU4NTA1M2Q0MmMwZDQwMjFmZGYyNjAyMTUifQ:1tNC6O:Sln0-6W0ivwLULX68ap3pCh1dg4BqHCwIYQp7gzJJX8	2024-12-30 14:29:40.006265+00
1moq75ai8xfg1dskw1cim1pgn998tmua	eyJfcGFzc3dvcmRfcmVzZXRfdG9rZW4iOiJjaTUwbGEtZmZlMzlkYmFiMWE5ZTYyMmI1MTZkZWM2MWY3ZGRhMzMifQ:1tN9ms:LpXL9SMs5Ip_YFR4cFYj_wtmvNw_pVfk7dHyfJPoWyc	2024-12-30 12:01:22.032358+00
3nuqza54glspikioyuqvzt145alzqvl0	eyJfcGFzc3dvcmRfcmVzZXRfdG9rZW4iOiJjaTUwbGEtZmZlMzlkYmFiMWE5ZTYyMmI1MTZkZWM2MWY3ZGRhMzMifQ:1tN9n6:OLgXGXkxSPcnNEpPZw54mkuRSSkY05_DI0OzC9OZTLM	2024-12-30 12:01:36.680833+00
bts6ybnnmyui8uxwtiotmvun3v3kjed2	eyJfcGFzc3dvcmRfcmVzZXRfdG9rZW4iOiJjaTU4OWItZjk5YmZiNTgyZTVmNWMzYWQ0N2VkNTNkYTJhNDdlOWIifQ:1tNCNO:_6TBenH2WW-yQrYGy477Yp4jxIHDdKzL8_6La3R2q5o	2024-12-30 14:47:14.557325+00
yuqcyb1ir5jp29sx87dot8m498oysruv	eyJfcGFzc3dvcmRfcmVzZXRfdG9rZW4iOiJjaTVqMTUtYWFmYzU1ODQzZmNkOTZkYWRiMmZjMzdkMjJiMDhlODkifQ:1tNHwQ:d0M_RyXg2M2MP5yO0HqnU3AwpN7nQ3VXoEOxbxFfpw4	2024-12-30 20:43:46.479387+00
fial62557yn0f0nzphwffod9c6zg9xi0	eyJfcGFzc3dvcmRfcmVzZXRfdG9rZW4iOiJjaTcycG8tNDFhMmQyNmU5YzNkMzNlZDBiMmRkNTM2MDUzMzgwZWUifQ:1tNbmj:q5MVfZjwCT74-jjXtRhm9NwKwI4KoGyUWqZs6Visny8	2024-12-31 17:55:05.951412+00
a8kgew52y1m8ci3j3qt1go6hhbtqt83q	eyJfcGFzc3dvcmRfcmVzZXRfdG9rZW4iOiJjaTc3eTMtODdjM2M4MDkyMzRkZTgzMjE3MjI1MjE0ODJjZTQzYjQifQ:1tNiSj:j9rPMOEDnqdxEXN28fT8UChDRWcuZpw_-d-kuly6mOM	2025-01-01 01:02:53.099302+00
6hcvw35kckvxmuu2o5f2l7qat6jxxg5v	eyJfcGFzc3dvcmRfcmVzZXRfdG9rZW4iOiJjaTZsbXMtZmVhYmVkMzVkYmY4ODg4Y2NhZWI0NzE2MTEwMzg2YzQifQ:1tNT1B:rS7pcF_DzfesDuvS5R_Rm_9hxEHR_RAHvtitFRsy750	2024-12-31 08:33:25.656395+00
2t9ob678x0lolzokgd11larufza29zgv	.eJxVzDsOwjAQRdG9uMbW2Jn4Q0nPGqIZ20MCKJHyqRB7h0gpoH73vJfqaFv7blvq3A1FnVXIKMxQdOM5a2w5apam6GijC9hGD4Dq9MuY8qOOuy13Gm-TydO4zgObPTHHupjrVOrzcrR_Bz0t_VfHmME7IkkeWdAWXwkFYgBwNScgsZQcuAiSnMcqrQvJOkzBJu9Z1PsD1wlAMA:1tNNXa:IF13KIGHiYU91t4W1sIaxF6HMD96o3CqMtidq0ge2FE	2024-12-31 02:42:30.249451+00
kmzuqjd9ag589a90472hif719ch9b2ei	eyJfcGFzc3dvcmRfcmVzZXRfdG9rZW4iOiJjaTZxYTYtYTczMWJjODcyZjU0OWQxZDdhZGEyZGNjZWJmZTEyODYifQ:1tNUbA:IurQ66uC9bIpz8qoq1IfUf_AigMUrUbEap-BgWPBtOA	2024-12-31 10:14:40.953295+00
7ok2szz2y7nqi745hhihi8vgo0ik2yxa	eyJfcGFzc3dvcmRfcmVzZXRfdG9rZW4iOiJjaTZyeGktM2I0MTdmNTkzNWEzNWQyMjI3ZGYxODlkZDQ1NmQ2Y2UifQ:1tNV9b:rzBF_38VV3fO0iAe6bgJcixCwgIq7dCSdAx_tTb6-Jk	2024-12-31 10:50:15.637295+00
k0mt1c8az0hdlfnbdmlplx83uzsk6mr6	eyJfcGFzc3dvcmRfcmVzZXRfdG9rZW4iOiJjaTZ3a28tYTc1MDc4NDYxODZiYmJhOWJmNTAxZjI3OTc3MDA5YzcifQ:1tNWhi:nJQ_SMNPvIyzIzees5gRcAMW0GcOwtE042HYi_7M1xk	2024-12-31 12:29:34.22354+00
tbdmqqzj736x786mo5tzve8abw2uzjs5	eyJfcGFzc3dvcmRfcmVzZXRfdG9rZW4iOiJjaTc1ZGwtNDhiOWJlYjZmMDQ2NWUwZWFhOGM1NDgzMTE5OWY1Y2YifQ:1tNZg6:P_Pge-dn6O2dmdJXa4TAZMoVgZeMLhzUPjxZ3o5duxU	2024-12-31 15:40:06.661984+00
jvwd21iz6vrqe2nmtruv0yz4cdk8gb0p	eyJfcGFzc3dvcmRfcmVzZXRfdG9rZW4iOiJjaThybDItODUyYTllMDYwZTc1ZmI1ZmI5OTAyMzNjZDY4OWU5OTYifQ:1tNtJO:eRZqy9Ve37Bn2OS5Aa7rQmtJ3lEHRK1iq0e5a4JzrSU	2025-01-01 12:37:58.056229+00
cyxoxx4pxjygkk4hqxat5qy1tl46au66	.eJxVjrkOwyAQRP-FOiBYjoWU6fMNFrtAnEO25KOK8u-xJRdJOZr3RvMWXV6XvlvnOnX3Is7CaOLkkpcA3kvXcpZbRBkZPEMJoJ0Tp1-NMj_rsLvlkYfbqHgclulOakfU0c7qOpb6uhzs30Cf536zKaBJTBRyoIigiw8YKqbtUUhQHaaCkFqxQBwj2QagoVVbDAeD1YrPF2l0QAg:1ufBnR:wwFgoYfO96g1KFlc7kQy32XnrETNx1nqsXNWtmG5uKc	2025-08-08 06:20:45.494836+00
kiq26gvg1ptqjlt28hhajh4w0up47dyk	eyJfcGFzc3dvcmRfcmVzZXRfdG9rZW4iOiJjaTltbXMtM2Y3YmI4NDA1NzEyNjY4MzMxNzZmMWYyYWRhMjZiZGQifQ:1tO3lO:B_WgatnpIgty10YKeMb4iCW5MB7JJFOBsfDLLKezopw	2025-01-01 23:47:34.512624+00
jpvafan3thebh6aenoqgjuwq5a5ktkgs	.eJxVjLkOwjAMQP8lM41yNjEjO99Q2bFDOdRKPSbEv9NKHWB-x1t1uC59t84ydXdWZxWz1BSBmmwsNAHZNmSZmyK-GETwnow6_WaE5SnD3vIDh9uoyzgs0530ruiDzvo6srwuh_s36HHut5oEayJ0bFOOOTk2KMF4hARYWg6-tIkdgGQSKKkiRBdDCsHVDZVWfb5BPEG2:1uYgwL:WLrOwBX2UKQEPzDQ45xzgBsUxwbvri7UGOlxRIAr6aI	2025-07-21 08:11:05.93811+00
71xn7qawv1v8qeg7x5haoh9kvjhjfqa6	.eJxVjDsOgzAQBe_iOliLbWxvyvQ5A9r1LiEfgcSninL3gESRVK-Ymfc2La1L366zTu1dzNlw5xXA15U6iVUAbCpOqFVw2SnWDNua02_GVJ467K08aLiNtozDMt3Z7oo96Gyvo-jrcrh_Bz3N_VYHF5WbBkstKaesvrgiJeeooaMcouTko09I7NmBCgUgKKjoIRGGZD5flQ5AZw:1uoiB2:ugOgvuumP8axJipPUHqpYBQAHwpsrLzQfOaZg7-Xi_U	2025-09-03 12:44:28.615944+00
xlh9onv93drai96cesrdd1js7ls04szo	.eJxVzLsOwjAMheF3yUyjkMRxysjOM1R27FAuaqVeJsS7Q6UOMJ__Oy_T0br03Trr1N3EnExE9RyAm6gxNdH70OQIxyYHEY-5BVfYHH4ZU3nosFm503AdbRmHZbqx3RK7r7O9jKLP897-HfQ091_NVWuEFrUNAgzsPVEKOWF0MbiEGCADgWQnToDY1VzRF8Q2kSZN5v0BbQpAEg:1vIC40:mrzW54Ajf7qCi4eCBcBGixQsFODd8tlyOIkK6TLTIKw	2025-11-23 20:31:04.629995+00
rprq09cxwyusgmg2rhxo974l4ydhp7cj	eyJfcGFzc3dvcmRfcmVzZXRfdG9rZW4iOiJjaTU3aDAtZTBkMzA4NzY4NTAzZmIyNWQ1ZDFjMDk2ZjY3YWFlZjIifQ:1tNC6n:DZZ39vg0lD9tkIRYybLDrzleAAuskEGdkT6JPEfV25c	2024-12-30 14:30:05.510578+00
n19vzlta53bh5opswg99vw2l3sr7g3xf	eyJfcGFzc3dvcmRfcmVzZXRfdG9rZW4iOiJjaTUxc24tYWYwYzQ1OGEwYmE0NzA5MzMxNGNiNjAyOTYyMjA5NTAifQ:1tNABo:WTlpNrAQI71wNpxuHOuf3MnWNBwp3dd6D5fWR6MCrGI	2024-12-30 12:27:08.550298+00
edwdd3m3t67a52xybzrna57irbiobg66	eyJfcGFzc3dvcmRfcmVzZXRfdG9rZW4iOiJjaTVqMTUtYWFmYzU1ODQzZmNkOTZkYWRiMmZjMzdkMjJiMDhlODkifQ:1tNHxB:de7ArOTpcxZdV5gw1cFWUefImalJTBF62V0RHQylfZs	2024-12-30 20:44:33.852301+00
4xd0aaf0hzwarzb64erp3dofq0gxxwc2	eyJfcGFzc3dvcmRfcmVzZXRfdG9rZW4iOiJjaTcycG8tNDFhMmQyNmU5YzNkMzNlZDBiMmRkNTM2MDUzMzgwZWUifQ:1tNYm7:vLjsFnlq0TDISTR3C4UXL5o7t7lVsPHHMFqKorEexC0	2024-12-31 14:42:15.870381+00
oc3kpcid5neh65d6eugct2njnid1247o	eyJfcGFzc3dvcmRfcmVzZXRfdG9rZW4iOiJjaTc3eTMtODdjM2M4MDkyMzRkZTgzMjE3MjI1MjE0ODJjZTQzYjQifQ:1tNiTc:omXl_ihWlnN0ka8QajPbq5aKTVsfrTEaAyGrqP0LwrM	2025-01-01 01:03:48.066377+00
8692u72tsmatu7dw6bx9dd77ot8k6ze0	eyJfcGFzc3dvcmRfcmVzZXRfdG9rZW4iOiJjaTZ3a28tYTc1MDc4NDYxODZiYmJhOWJmNTAxZjI3OTc3MDA5YzcifQ:1tNWhi:nJQ_SMNPvIyzIzees5gRcAMW0GcOwtE042HYi_7M1xk	2024-12-31 12:29:34.241415+00
0pz6qcopxs3y1rv4ypey4ev8trgpg5si	.eJxVjssOgjAURP-la9vAbaHUJXu_gdxXBTWQ8FgZ_100LHQ958zM03S4rX23LTp3g5izkaBFhQCWNJc2ZO9tYs6WVRnK7MUXyZx-NUK-6_h1bzheJ8fTuM4DuQ_ijnRxl0n00R7sX0GPS7_bmJMGHzkKJQZf6T4rnrhiSBmQqJbAdVOoAiQl2K-FhmMExIBMwbzeqF1DRg:1tNNvf:V_Yi4nKwdJQxflen_sJUDgnIs411qLW4MRh30Wwb7XQ	2024-12-31 03:07:23.07789+00
abyx0fq8psfpqrzql37sv9r0h8afdukv	eyJfcGFzc3dvcmRfcmVzZXRfdG9rZW4iOiJjaTg0NWotNTBiODU0M2QwMDhiOTU4ZjgwZjYzMzYxNjZlOGYyNjMifQ:1tNlOc:HgAOVARr1UCF50o554PscV7wAvNKfGaQDeWRQRO-vxE	2025-01-01 04:10:50.124763+00
1bigr19aghasbmr68ydvouwbenv1fpxm	eyJfcGFzc3dvcmRfcmVzZXRfdG9rZW4iOiJjaTZxYTYtYTczMWJjODcyZjU0OWQxZDdhZGEyZGNjZWJmZTEyODYifQ:1tNUdk:m7PZvqDHtso-o9K0Du0_Y2-s3gV-m2KX-WjnH_CbNyI	2024-12-31 10:17:20.327465+00
uojs9wik3s7ijzw8zi6m5pm20j7fzt41	.eJxVjTsOwjAQBe_iGlv2-pdQpucMkXe9JgGUSPlUiLvjSCmgfjPz3qJP-zb0-8pLP2ZxFWCRjGcjwXotHUKQLVuW2ESAqGMuLorLr4aJnjwdbn6k6T4rmqdtGVEdiDrXVd3mzK_uZP8CQ1qHaofaNybVByqOdGNdIaZCrXbasQ-x6IQWCwTM2pMzBog8Uqg8MRjx-QKi_kGE:1ufBrl:uvSSzXCyehqYeAVEi0vUS11AZhdGBl7GlTP-XjiIPfM	2025-08-08 06:25:13.702588+00
9su11cuietvywhz75ykda0mac48dx48d	eyJfcGFzc3dvcmRfcmVzZXRfdG9rZW4iOiJjaThqYm8tNzhlYWUxZjMzYjZkMDdiNTk4NTlmZDJhZGIxN2NiYWIifQ:1tNqVt:50iYYQqYaVlA_GA9QvgFX9QEVTFnusahiaT5MZ9KbXM	2025-01-01 09:38:41.549273+00
9juuzow7qo80ysdte4x27w21hr0y2z3q	.eJxVjDkOwjAQRe_iGlu2x-OxKek5QzTeCIsSKUuFuDuJlAK6L733_lt0vC59t8516u5FnEVtUDARSe8zSkfOysAIMsfommdjOBZx-s0S52cd9rY8eLiNKo_DMt2T2hV10Fldx1Jfl8P9O-h57rfaciOnPWmTkdDYgBCyB_BQma3RFa2lWELL264AzMnVCKgJg_MI4vMFrQw_ng:1uZ0Ed:i9vojy-DAy-nc-u24tcv78xC1YQz7YN5vTtojZp5dmk	2025-07-22 04:47:15.846869+00
qyt78or9fv2pche2wwsv58agm6rcl0ws	.eJxVzDsOwjAQRdG9uMaW_zOmpGcN0cQzIQGUSPlUiL1DpBRQv3veSzW0rX2zLTI3A6uzwgjZeRd0dSXpaDnpYkl0R5Y7hhokVXX6ZS3Vh4y75TuNt8nUaVznoTV7Yo51MdeJ5Xk52r-Dnpb-qyFjDpRKqJULMbYSIgKC9cjFMqBlSokSWBCLNWYn6MlJ6iCgx6DeH8tKQEE:1uojJW:w5b19y-zuPIh8L0Je00KDRLekPrxE4KGDazA6-gMGQ0	2025-09-03 13:57:18.002638+00
4fygzhmy6dvchwvawgejglo3ea3xcn76	eyJfcGFzc3dvcmRfcmVzZXRfdG9rZW4iOiJjaTU3aDAtZTBkMzA4NzY4NTAzZmIyNWQ1ZDFjMDk2ZjY3YWFlZjIifQ:1tNC6x:pZhg8INoqEWwdmDWqojbQ0F-n4GlYTP9f6ikvpWZEMU	2024-12-30 14:30:15.015851+00
0waub1niiterd38wqmv5ikjb6w9q0uhi	eyJfcGFzc3dvcmRfcmVzZXRfdG9rZW4iOiJjaTcycG8tNDFhMmQyNmU5YzNkMzNlZDBiMmRkNTM2MDUzMzgwZWUifQ:1tNYmb:rAgwz7-QgBO2uIZxE2GIAsxYg4ttX69_ueA3UIcpicI	2024-12-31 14:42:45.70238+00
sw4y1onmrqcz4jbdpcz2fasla1nwo5qe	.eJxVzLsOwjAMheF3yUyjunESh5GdZ6gcO6UF1Eq9TIh3h0odYD7_d16m5W3t220pczuoORuCnNhRrkQlV4ghV-wTVIIIHSoz1WROvyyzPMq4W73zeJusTOM6D9nuiT3WxV4nLc_L0f4d9Lz0X80Rkldy1HBKWSML1R46cBCAikZwgiQcO8qNQHKlDhLFx4ioAZvavD8do0C5:1tNFzV:wfrZquXTjd1nWK5GIE4iTd08seBlHnJspHrB9yt7MII	2024-12-30 18:38:49.159551+00
0p1x9zc17taszs3p5x5siooh7nsf1ek5	.eJxVzDsOwjAQRdG9uCaWfzO2KelZQzSecUgAJVI-FWLvECkF1O-e91ItbWvfbkud20HUWWVjiCxik0FCE6hzTcIgTRQLqRIgSadOv6wQP-q4W7nTeJs0T-M6D0XviT7WRV8nqc_L0f4d9LT0Xx2jL4ESR-NsqM6DRR9N5q44QMklJhRhisIe0RUAy8DVmZw6FvBGvT_SwEC8:1tNSak:wNAkUP_7DdCmkaZKCJlEVIbvuWOQ4fpZybW_8iTcn3w	2024-12-31 08:06:06.062724+00
8po9pvdfjz30gx7jrx2hm5muw8pnw1k2	.eJxVzDsOwjAQRdG9uCaWPzOxTUnPGqIZ20MCKJHyqRB7h0gpoH73vJfqaFv7blvq3A1FnZUD9t5FaaCE2EByqeHK0ggLRWI01aM6_TKm_Kjjbsudxtuk8zSu88B6T_SxLvo6lfq8HO3fQU9L_9Vo0dfEKSKDD8ZA9QaklZhbE7N4I20AJAzZG3Q2CVuKAByrs8SF1fsDBZNA6A:1tNErZ:SwFJ9ZWjJyz2-qDPuovYHe0SPn4u3XfUXenohdDNHSc	2024-12-30 17:26:33.781492+00
11nkyhrngsqxz88x1uqdzb8ceakp2dun	eyJfcGFzc3dvcmRfcmVzZXRfdG9rZW4iOiJjaThydDMtMTdmOTFiOWEzMzZjNTlkNjMxODc3ZWI3NmE2OTBlZjAifQ:1tNtNX:3jVofDBfPhW4KOOl0SgfktbdTUN1jQA4YkBCs8uV6L4	2025-01-01 12:42:15.24418+00
fvnxmuvewnakd4a8n6rs6icttap94h0n	.eJxVjjsOwjAQRO_imli211nblPScIVrbuySAEimfCnF3iJQC6nlvZl6qo23tu23huRuqOqvgpELrfWMMmMZXMU0SlCZkquzExcSoTr9apvLgcXfrncbbpMs0rvOQ9Y7oI130dar8vBzsX0FPS78vs80ARDFB8JUCUyzgxQOaLAWjQ4sWihNTbcBoDFJk334Pt54Tgnp_AOYLQGI:1tNJhU:JKzHX9EGNikj8aT_noqN_JsJr_qIaQco7ZxEUyoij8s	2024-12-30 22:36:28.209386+00
741so6ad7uh27804wn2utjrmca5ytpj0	.eJxVjrkOwjAQRP_FNbF8xruU9HxDtF57CYcSKUeF-HcSKQW0M--N5q06Wpe-W-c6dfeizqpiNggVmhRSaEIMtQFrsIlCntgCsjh1-tUy8bMOu1seNNxGzeOwTPesd0Qf7ayvY6mvy8H-DfQ097sN7KW2uRXk7YNLVCVwtjZ7aylGQhuzgeAY0hYYFEaR1iRwEot49fkC2UtBLQ:1tNT1i:kJYqGebCMHsybcS_DjsrZ79nRfYR4XU8Q3bRmNdAOWc	2024-12-31 08:33:58.450419+00
du13c0q0qy9639hv51dxunbkrf4d4bg1	.eJxVzDsOwjAQRdG9uCaW48_MmJKeNUQej00CKJHyqRB7h0gpoH73vJfq0rb23baUuRtEnVWElKkUaKwjbnyM3LAPvqE2QTUkYhDU6Zdxyo8y7lbuabxNOk_jOg-s90Qf66Kvk5Tn5Wj_Dvq09F9d2ITgLTpEJCaXjFAEhJorYCAiW9kl8d5nFGccgJMgFijEkIFb9f4AvuY__g:1tNO95:h4PahLi5ZECj7ukJKv_yTy8EN4kZlW_HLrSKgewYHcE	2024-12-31 03:21:15.345253+00
tedogfjnfdxigu4h09hzmjo9nc5qpllz	eyJfcGFzc3dvcmRfcmVzZXRfdG9rZW4iOiJjaTZxYTYtYTczMWJjODcyZjU0OWQxZDdhZGEyZGNjZWJmZTEyODYifQ:1tNUdk:m7PZvqDHtso-o9K0Du0_Y2-s3gV-m2KX-WjnH_CbNyI	2024-12-31 10:17:20.374608+00
hxyoo4lecnmxess281ui64yfk40p8e5f	eyJfcGFzc3dvcmRfcmVzZXRfdG9rZW4iOiJjaTZ3a28tYTc1MDc4NDYxODZiYmJhOWJmNTAxZjI3OTc3MDA5YzcifQ:1tNWhi:nJQ_SMNPvIyzIzees5gRcAMW0GcOwtE042HYi_7M1xk	2024-12-31 12:29:34.255505+00
nkbm08zuplvfrgnilu8m3fgok9eozyfr	eyJfcGFzc3dvcmRfcmVzZXRfdG9rZW4iOiJjaTZ0azAtMTFlODM4NDBkZTFiMTA1Nzg1MzVjMDI0ZDNlODc3M2YifQ:1tNXAB:o8ElLAgNGWyZrny7ZT7TaqCu55LG2r4ucBJGU6aSGBA	2024-12-31 12:58:59.792404+00
aohqu5j6w5chsi2tggkbj4ayaaymj2rc	eyJfcGFzc3dvcmRfcmVzZXRfdG9rZW4iOiJjaTcwajktZWRlMjM3MzNiMTY3ZTAxNjVmNTIyOWZiMWI1YmM4NjUifQ:1tNY2d:4kbfbm8jNYJNpbtg1Twxdq-y_dSV6r5gIWgkTUUnHy0	2024-12-31 13:55:15.175382+00
w743wc845gj8vxq7qs5rzo4z9egvvna5	eyJfcGFzc3dvcmRfcmVzZXRfdG9rZW4iOiJjaTg0NWotNTBiODU0M2QwMDhiOTU4ZjgwZjYzMzYxNjZlOGYyNjMifQ:1tNlPG:0Stxip3TtbUkrrpM2L_HVKn9XyZUDgjCBVqz3gzTr5M	2025-01-01 04:11:30.680588+00
kdv29omgc1o1zqedp5zouvq3f383wmm4	.eJxVjDkOwjAQRe_imljeM6ak5wzR2DNDWJRIWSrE3UmkFNB96b3336rDdem7deapu5M6qyzEjsU3zlvXhELcFKq5iTVuG70rGNTpNytYnzzsLT1wuI26jsMy3YveFX3QWV9H4tflcP8Oepz7rTamLZBSdjH7DCAmFgvBGIgpgojLJVHCDATWMlSPzBGMd5JF2kpBfb5ulUFo:1tNwAE:IxieSyVSOA3OF9nOhBz3fJOR_uA2BhULu8f_swKd6t0	2025-01-01 15:40:42.403224+00
y9crp2h4g1v3jyf80rbiy2urh8a80bzt	.eJxVzDkOwjAQheG7uMaWxx5vlPScIfIyQwIokbJUiLtDpBRQv_97L9Hlbe27baG5G5o4C6wlIgLKVJElsksyEkRZnK4GuSImL06_rOT6oHG37Z7H26TqNK7zUNSeqGNd1HVq9Lwc7d9Bn5f-q72tjKA15mIcBghEiWNEEwynqKFYjAEJgFzNGokte2rcwOfmwXrx_gCha0Bo:1tNpcN:ytowK2kg-ZOxZfISg5vRXafBcH9FYkVGWeEmNWNcnkQ	2025-01-01 08:41:19.648183+00
pjkmj9bi8hxmvlg6noou7d3tsln8ptio	eyJfcGFzc3dvcmRfcmVzZXRfdG9rZW4iOiJjaThqYm8tNzhlYWUxZjMzYjZkMDdiNTk4NTlmZDJhZGIxN2NiYWIifQ:1tNqVw:Fpkl2MT9MpHjco8CN5zT8bZ_Qh8RRKjRn42qr56NY1c	2025-01-01 09:38:44.03642+00
34k5lidvk51zwgww2ja83p0age424aw6	.eJxVjDkOwjAUBe_iGltx_L1R0nOG6C82YVEiZakQdyeRUkD1ipl5b9XhuvTdOpepu4s6Kx-o2JhEZ2hJQ7JZZ3RWF4g1OMbgK6rTb0bIzzLsrTxwuI2Gx2GZ7mR2xRx0NtdRyutyuH8HPc79VmeBVCtTSA1x61rLOUVoOCISe7E-g3NevJBrMG1DETelcvFUcwX1-QLrpEHu:1tO1kI:iHZSAdKKfHHVTzjP1sOAji2ba3seUeAd7BaZ8HidkqI	2025-01-01 21:38:18.727452+00
74ihxx82uibmqs8x7y9ihd0uf4fbe50d	.eJxVjksOgzAMBe-SdYlw4sSmy-57BhQnpvQjkPisqt69ILFo129m9N6mTevSt-usU3sv5mwYGQJkqdQBVxgiVQlFq6KhRkCmOjhz-tUk5acOu1seabiNNo_DMt3F7og91tlex6Kvy8H-Bfo095stCCAgjtBlbaJSwgRIEjlq17GQL3H7k7kQN957aDBQ7VQjeYXSmc8XZkA_2g:1ugg6N:o6ORSey1ChNCvbG3w9AFPlRnvKGd6WGbMUS-KIOYmXY	2025-08-12 08:54:27.839716+00
79l1jge7vrjrt8fypeqr0mlea7ca9wj6	eyJfcGFzc3dvcmRfcmVzZXRfdG9rZW4iOiJjaTk4N3YtM2MwOGU2MGFhNzE2ZWViMGZiZTFkNWMzMTY2YzMxMWIifQ:1tNz7d:7-qaLsKXvDNWBTOd1Nu8nqN6NqdAHVDjSCByuf69gRY	2025-01-01 18:50:13.591784+00
y2vz7wpeexrkvfe2fp3yqi8kou7rez8q	.eJxVzDsOwjAQRdG9uMaW_zOmpGcN0cQzIQGUSPlUiL1DpBRQv3veSzW0rX2zLTI3A6uzwgjZeRd0dSXpaDnpYkl0R5Y7hhokVXX6ZS3Vh4y75TuNt8nUaVznoTV7Yo51MdeJ5Xk52r-Dnpb-qyFjDpRKqJULMbYSIgKC9cjFMqBlSokSWBCLNWYn6MlJ6iCgx6DeH8tKQEE:1uojjX:8OnBpg5p4p9-nbD0lN3cqPhZUoUa_1A9X4mm3QSIbNY	2025-09-03 14:24:11.247781+00
ytozsndb5ig3nw768dgtwf82crd1k2ov	eyJfcGFzc3dvcmRfcmVzZXRfdG9rZW4iOiJjaTZ1eXUtY2EwZTFlNjQ0MGJjZjI0MzA2MmViNzYwZTNmNjcwZmEifQ:1tNWAH:TSxG2_emwXqu8Xdws_gA6oXpmsQZSyseHNa_cIcKZwY	2024-12-31 11:55:01.266521+00
rqkxcsekbv4isj06a6cyhacbkyezqn7r	eyJfcGFzc3dvcmRfcmVzZXRfdG9rZW4iOiJjaTUxd2EtZmIyNTJhMjRmY2QyMDUzMjE3MjVkOTU2NmJiMzQ2YzgifQ:1tNAE6:_HhcmR-VWLkmwsEXpzmoL54gx0b4IW1StSw2Mj-nhLA	2024-12-30 12:29:30.635826+00
g9gd0jve6i954mo0gcspyoww1s6w3l7l	eyJfcGFzc3dvcmRfcmVzZXRfdG9rZW4iOiJjaTZ3a28tYTc1MDc4NDYxODZiYmJhOWJmNTAxZjI3OTc3MDA5YzcifQ:1tNWhi:nJQ_SMNPvIyzIzees5gRcAMW0GcOwtE042HYi_7M1xk	2024-12-31 12:29:34.493994+00
60lc8jczxfvfko34pqe0cvmph4xn3z29	.eJxVjTsOwjAQRO_iGlvx36ak5wzRrr1LAiiW8qkQd4dIKaAbad6beYketnXot4XmfqziLHK02YLT0mXM0ukKEmpkqbsAEQxDASdOvxpCedC0u_UO062p0qZ1HlHtiDraRV1bpeflYP8GBliG_ZlKQh2tRgccfEBbg9MxF-TMJlHy0RADOfoGJl85mC5H5gTeWx_E-wMT2kGZ:1ugh1G:B-zGFK61LQJzgFflubV_uY7Y7V4uBGPR_vzUOtGJFKU	2025-08-12 09:53:14.554888+00
9rvbenoe4adw53lmx1ws47w948i2q19h	eyJfcGFzc3dvcmRfcmVzZXRfdG9rZW4iOiJjaTVmb3ktOWI5YTBhYzBiNzBlMTczMmJkZWQwYjVlYjk1YWVkYmIifQ:1tNEsI:31_YVKENtQER2MMCGnE4Tk81V5vJz8aquC_mYYXfuK4	2024-12-30 17:27:18.881336+00
qrv5ibvpq13dnofb8oyw3kqtaskaej6t	eyJfcGFzc3dvcmRfcmVzZXRfdG9rZW4iOiJjaTZxYTYtYTczMWJjODcyZjU0OWQxZDdhZGEyZGNjZWJmZTEyODYifQ:1tNUdk:m7PZvqDHtso-o9K0Du0_Y2-s3gV-m2KX-WjnH_CbNyI	2024-12-31 10:17:20.409692+00
6ill2qsik4hapv55gge0d6fo5zjrctw6	eyJfcGFzc3dvcmRfcmVzZXRfdG9rZW4iOiJjaTZ0ajItZDE2ODBlYmQ4OTA0ZmZjMThiNTlhNDBkZmFhZmY3MjYifQ:1tNVgF:HdHUYShLZVDB-QoSZ6D2C7AlWrWpnjHe-wg90WsjT6c	2024-12-31 11:23:59.617242+00
o48nknlfxvo2ec1xnlxsnhzdkllffcgc	eyJfcGFzc3dvcmRfcmVzZXRfdG9rZW4iOiJjaTg0NWotNTBiODU0M2QwMDhiOTU4ZjgwZjYzMzYxNjZlOGYyNjMifQ:1tNlPy:NHNhuJsCI5YHRva7hUoZBGrQydhDfQUq_UGAR-wJF0g	2025-01-01 04:12:14.147373+00
lyrjv742cg7o0fcfh38smfy9329shycr	.eJxVjDsOgzAQBe_iOliLbWxvyvQ5A9r1LiEfgcSninL3gESRVK-Ymfc2La1L366zTu1dzNlw5xXA15U6iVUAbCpOqFVw2SnWDNua02_GVJ467K08aLiNtozDMt3Z7oo96Gyvo-jrcrh_Bz3N_VYHF5WbBkstKaesvrgiJeeooaMcouTko09I7NmBCgUgKKjoIRGGZD5flQ5AZw:1uolRI:V9-n6Vm0UrjT-rpNkc-sQLk_ScLWj5gqDJrGsmoMv2w	2025-09-03 16:13:28.959405+00
5nkphbyasveyi68vwiw6bge0e2v2vt03	eyJfcGFzc3dvcmRfcmVzZXRfdG9rZW4iOiJjaThqYm8tNzhlYWUxZjMzYjZkMDdiNTk4NTlmZDJhZGIxN2NiYWIifQ:1tNqW0:aDk9_PJ1q9Y817dsc-UIimKGONrFufEBdX8K59P-ViY	2025-01-01 09:38:48.230084+00
o67fvxyq396aakn5kn6gybehsrhguoy2	eyJfcGFzc3dvcmRfcmVzZXRfdG9rZW4iOiJjaTc4em0tZmU3MTc3MDk2MDU0NzIwNGI5ZTNmYmRmZTYzNTdjNzEifQ:1tNatp:fH-uUgzFdCi5PA-3cBTbRGbbKIQR0FqZALMFLUBnJ9I	2024-12-31 16:58:21.712967+00
x8f3syanlzyzqfvpzcxro17iomftfrut	.eJxVjjsOwzAMQ-_iuTFsWLKSjt17hsCy5KYfJEA-U9G71wEytAsHko_g2_RpW4d-W3Tu72LOhlMO6KQ0zqs0gBgabnMVJqACmVyM5vSLVeKp487KI423yeZpXOc7271ij3Sx10n0dTm6fwNDWoZKI2GrpUTA4BNC9CBQn-Su-I58m704FuiINNaMqxeRKChEhsyK5vMF8UZAag:1tNy8Q:vDFBGNgKo4I8rRWlwWmAzrim3T2etH9-3t5Lw8nTG-w	2025-01-01 17:46:58.870823+00
5m0hblgzilbwcgzbsjz2nqh87e55vq8w	.eJxVjUsOwjAMBe-SNY3iuqkTluw5Q-XYCeWjVupnhbg7BXUB6zcz72k6Xpe-W-c8dVc1R6MpBSJ2VaIIVYPOVRFVKq_SMoKgRDGHXy2x3PPwdW88XEYr47BM12Q_iN3X2Z5HzY_Tzv4Fep77zXalVigOIPntjJqsmahGKF5dTURQMAZRyB7bICFq8ITiWTGUGDmZ1xsCoUEj:1tNzga:V8p_sV0UWVEgVJU6dWmx9mCqeXtIZ9D0edS7aFPbwds	2025-01-01 19:26:20.22784+00
fukqk8jarm2c9opqaevimh8afzf07kxu	eyJfcGFzc3dvcmRfcmVzZXRfdG9rZW4iOiJjaTZrZ24tMGI2YTc3YzE4Zjg1MjEwMzFjMTY3NzlhMmQ5NzRkMTIifQ:1tNSca:F5E4xBtmyjap9zcVGyMySl2QMbFloAWMGmqaFY95gOQ	2024-12-31 08:08:00.572272+00
oevhugz58mgr947snjht7dat0e38vjgr	eyJfcGFzc3dvcmRfcmVzZXRfdG9rZW4iOiJjaTcxMXAtNzdjZmE0NTc4MmVkMTYwMTk1MzE0MmZjYzYyMzU5MTIifQ:1tNilV:Zpf5t035Eg9joHJU600rdtSoRr_-nJj3K_ux2WY6nYA	2025-01-01 01:22:17.397476+00
egu945oizj3cevrpidflx6qp413a93wm	eyJfcGFzc3dvcmRfcmVzZXRfdG9rZW4iOiJjaThzNTMtOTFlNTE0NTc1NzQ1NjhmOTdmOTJiN2E4NTVmNTlmOTMifQ:1tNtV4:pTLEExAfM2-vGYgmYvC-MoIMH0yLWNjLdZihLYN4okU	2025-01-01 12:50:02.893526+00
fra17mobggcynoobl57h10u42yak0l7c	.eJxVzDsOwjAQRdG9uCaWHX-Hkp41RDOeMQmgRMqnQuwdIqWA-t3zXqrDbe27bZG5G1idFZgEEKJvELFtfJbcgGHTmOJMan1mCaROv4ywPGTcLd9xvE26TOM6D6T3RB_roq8Ty_NytH8HPS79VwtgAYmRHBbktloxYsXGBIEcBHZRKEBholpSwBALouVYTU3ZB0b1_gDI6EIQ:1tNDpG:286DC-2p4CY7QjHnXlTAOWEZb636M7Q0NIvdA2gtaGw	2024-12-30 16:20:06.784169+00
hbgcsk8i5orjvz1u136tnwvo0ue1nksl	eyJfcGFzc3dvcmRfcmVzZXRfdG9rZW4iOiJjaTVmb3ktOWI5YTBhYzBiNzBlMTczMmJkZWQwYjVlYjk1YWVkYmIifQ:1tNEtm:3P09C1HtVyUVNJd3PQjPWfCEqOIEiKOCqeuceHsOjiQ	2024-12-30 17:28:50.692972+00
lu14s85pgesfa2hkgvx7e9v0kkxnw4li	.eJxVzEsOwiAUheG9MLYEuEDBoXPX0NwH2Kppkz5Gxr1rkw50fP7vvFSH29p321LmbhB1VjZCCCyhgdS2jUfjmmRybkq1OXMgoYLq9MsI-VHG3codx9ukeRrXeSC9J_pYF32dpDwvR_t30OPSfzVJyAwmW2JyAClhpcQGkBOii8kXiLGGGqg68cgmBuOlOE4ipQWr3h_lIkGn:1tNGf0:zFmw8GRRoK2KyfF5ECVWeVXYaOJePa5aELi78NeXuoQ	2024-12-30 19:21:42.12079+00
teozrkb8nm8avdg0wimsrhjoib2ey6mz	eyJfcGFzc3dvcmRfcmVzZXRfdG9rZW4iOiJjaTZ3a28tYTc1MDc4NDYxODZiYmJhOWJmNTAxZjI3OTc3MDA5YzcifQ:1tNWhi:nJQ_SMNPvIyzIzees5gRcAMW0GcOwtE042HYi_7M1xk	2024-12-31 12:29:34.521514+00
1ioae75rs5a1b2z9erdya4svvfsc7obc	eyJfcGFzc3dvcmRfcmVzZXRfdG9rZW4iOiJjaTZ4enAtMzdhN2VmZTA4ZWRhNGQwODY1Yzg5NzAwYzdkMTFmY2MifQ:1tNXBK:N02mtuFOuGP-byejMAUEhIONIIJ9Za0gtzbAftMdcBg	2024-12-31 13:00:10.698125+00
on9ukb0q75c6ay1ee103opkqsea58exq	eyJfcGFzc3dvcmRfcmVzZXRfdG9rZW4iOiJjaTZ0azAtMTFlODM4NDBkZTFiMTA1Nzg1MzVjMDI0ZDNlODc3M2YifQ:1tNVhc:LkNFE2Tg2oZOcondb68TGs7FnlCjdZTksaqRb8do-y8	2024-12-31 11:25:24.895392+00
hpobm1sjdxrav1glgv5kji8ehm6enxwf	.eJxVjssOgjAURP-la9tQ2t4Wl-z9BtLeh6AGEh4r478LCQtNZjfnTOaturytfbctPHcDqasSF2OkGHRy1mrPkXTxNeuIktgRMQCqy69WMj55PFx65PE-GZzGdR6KORBztou5TcSv9mT_Bvq89IdtAdEJhALFkeypyFWYqpobSTZYRAHG4HMjIhaghv1SAkfseTfU5ws_g0KL:1ujs5g:HgjmD5jkwkxETpZKmJ9UGMvMn85vQ-DqnQ68ti4fAeU	2025-08-21 04:18:56.220375+00
w10nuchqcg2prmftrrffix9efa3embgs	eyJfcGFzc3dvcmRfcmVzZXRfdG9rZW4iOiJjaTc3bWItYzkzMDQxY2RlYmU4YTg3MTJlOGZjNjAzMGRkZWY0MmMifQ:1tNaQb:4G2v3cS5rKqedTjOKyJHgIfGl3EO8IDqK9bDIRSY3vY	2024-12-31 16:28:09.121679+00
y4qma8voxzmv47kfl6rt45kqkgs3dfgq	eyJfcGFzc3dvcmRfcmVzZXRfdG9rZW4iOiJjaTk1ejctNWEzMmYzY2UxNzM0ZDliNjllMTViMDI0NjdiNTMyNzMifQ:1tNy9u:Lg0AJCa6w4DQzgp3Y2kAWrKCU0h4LBaow8Snohlh9Tg	2025-01-01 17:48:30.762305+00
tzfo1i2fqd7z793sl1cqk1khc9hcapnw	.eJxVzDkOwjAURdG9uMZW7NjYn5KeNUT-E2FQImWoEHuHSCmgfve8l-nquvTdOsvU3dicTPYYgCNbJfU25hwtHkOxnAC5JVCmYA6_DCs9ZNgs3-twHR2NwzLd0G2J29fZXUaW53lv_w76OvdfDeprKlARvBfkkCQULRECaxOq5hiQfZu8cpTEQgC5wUgck1CVFs37A0l5Qng:1tNqWQ:bQZRR02pRBA28YoiU9XRnd1gl9oPyNQTmGRZYSKzDvM	2025-01-01 09:39:14.878765+00
4v4wehh0igohlem0ty5kqmf5pmb9uz2y	.eJxVzDsOwjAQRdG9uMaW__ZQ0rOGaMZjkwBKpHwqxN4hUgqo3z3vJTrc1r7bljp3A4uziAgM5LwE1E56KElSylFmo0Nwxnk2Vpx-GWF51HG3fMfxNqkyjes8kNoTdayLuk5cn5ej_Tvocem_OkNjAh8ZkwUPurTYSmpBEzkNFl2y3Awn4ta8z7lWCNiQStJau-rF-wN4PED7:1up3qP:8X6nFUgibq5yteDMuzlNh55_SgKJIARCk5QEWpgxPWU	2025-09-04 11:52:37.289132+00
vabv5rq70li0ettos0v3ji0282aj1d9l	eyJfcGFzc3dvcmRfcmVzZXRfdG9rZW4iOiJjaTU3bWYtYzlmODYyMDUyNTBiM2JiMzFhMDY0MjI0ZDUyZDdhZTkifQ:1tNCAS:SNPjy5KmqayLBnd44EzpIRorJzennA0O1ujBeLV1BRU	2024-12-30 14:33:52.172014+00
9v7zgn5ltxpjuvtm41hlu0yfaclu3rcn	eyJfcGFzc3dvcmRfcmVzZXRfdG9rZW4iOiJjaTUzMnctYTA3M2NmYzU4ODIzZjczZTlhYmNlNjY2MzY1YzAwNDcifQ:1tNAcj:j6FYU2-dywwmmXpHIUmNsXyC8nyue8YeyK7zO9GHFZs	2024-12-30 12:54:57.833022+00
7ule4j1homx5hptrn14c9vb2glrc8777	eyJfcGFzc3dvcmRfcmVzZXRfdG9rZW4iOiJjaTcxMXAtNzdjZmE0NTc4MmVkMTYwMTk1MzE0MmZjYzYyMzU5MTIifQ:1tNimJ:1_1RcsPrf9sCo629GnBA9-IKiWrbx18pJoZmrPpWu4E	2025-01-01 01:23:07.474377+00
jjv5bvlamu6stso80vxlm3w5k2dufvpx	eyJfcGFzc3dvcmRfcmVzZXRfdG9rZW4iOiJjaTZ3a28tYTc1MDc4NDYxODZiYmJhOWJmNTAxZjI3OTc3MDA5YzcifQ:1tNWhi:nJQ_SMNPvIyzIzees5gRcAMW0GcOwtE042HYi_7M1xk	2024-12-31 12:29:34.522204+00
68lr0mo7pzn5d0cxs3eua41azkyz21w9	.eJxVjssOgjAURP-la9tQ2t4Wl-z9BtLeh6AGEh4r478LCQtNZjfnTOaturytfbctPHcDqasSF2OkGHRy1mrPkXTxNeuIktgRMQCqy69WMj55PFx65PE-GZzGdR6KORBztou5TcSv9mT_Bvq89IdtAdEJhALFkeypyFWYqpobSTZYRAHG4HMjIhaghv1SAkfseTfU5ws_g0KL:1uk4lm:ZTlgdu5MTQ7aFP5WgGln2g4wo6Upr6Fb3_ftucmlJ9M	2025-08-21 17:51:14.744327+00
3ty100m2g5z2rapwowypfvnflip7060h	eyJfcGFzc3dvcmRfcmVzZXRfdG9rZW4iOiJjaTZxczAtM2ExMGM0NjQ4Njg5YmZkNGVmNjc1ODE3YjkwNzUwMDgifQ:1tNUkV:XJN1NljpIpoxsi7FiQVshSrD6R7Vx9Lq1hIxNZ8ksKI	2024-12-31 10:24:19.98493+00
9qsk5ooxad6s2ycd1kyryvwjuostsljd	eyJfcGFzc3dvcmRfcmVzZXRfdG9rZW4iOiJjaTZ0ajItZDE2ODBlYmQ4OTA0ZmZjMThiNTlhNDBkZmFhZmY3MjYifQ:1tNVi8:NMoeOAk8KixT4U_sogEXzKS7_iWeE7jGth40BAy4FDU	2024-12-31 11:25:56.593604+00
588l0jjsw4e22kil0519w7z8zhuvr50o	eyJfcGFzc3dvcmRfcmVzZXRfdG9rZW4iOiJjaThndzAtNTRlMzQzZGIzOTU3MThkM2I2YjM3NzFlMzUyYTZhYjcifQ:1tNpgn:Eio9tS7Dx6sxJQQcRstnt00E7ayk2mbRY-U4WQiA_6U	2025-01-01 08:45:53.119168+00
qu3g6z4dt9y306b7g8hij7neeze9z29n	.eJxVjEsOwjAMBe-SNY0a4sQxS_acoXJjhxZQK_WzQtydVuoCtm9m3ts0vC5ds846Nb2Yi6HIZ1dTrNA5qiACVEkCVgyMXgEKkZjTb9Zyfuqwt_Lg4T7aPA7L1Ld2V-xBZ3sbRV_Xw_076Hjuttq50DKKeuVzCA4RKDNFLIQlaUxQewcpgKoohMK-4LZGluxdzqzm8wVT7UC0:1upIlD:MeUhFOrWc4ljwRFOkXnEisVswHxCTKf_ZcqyvlGZfH4	2025-09-05 03:48:15.515334+00
5zmxlvs8z90sjz3udnz9lkoab2eqvsh3	.eJxVjDsOwjAQBe_imlg29q5tSnrOEK13bRJAiZRPhbg7iZQC2jcz761aWpeuXecytb2oizpXU9DKuREP3PgktqFsuUkxO2QyBm1Sp98sEz_LsLfyoOE-ah6HZeqz3hV90FnfRimv6-H-HXQ0d1sdE0VfxbpqEIMNyZeIUUIidDUxQsgBHUEExpq32fqMJQAbECjg1ecL01dAfg:1tNb0h:05Rj5-4Z16AN_e5Pc7cktFTzJwgtMAvVq0_r5b1xedI	2024-12-31 17:05:27.309331+00
ccelfpnkd9v2l687mz3pptdnmjrlf67e	eyJfcGFzc3dvcmRfcmVzZXRfdG9rZW4iOiJjaTlhdGctOGM2NTY5NjZhNTYxZjk1NjY5ZTExZTYxODRjOTlmZDUifQ:1tNzoM:GBTiQthEFxGqnYGW3D622jOO2dfxthtcZ1vH51lGdxU	2025-01-01 19:34:22.112372+00
\.


--
-- Name: accounts_user_groups_id_seq; Type: SEQUENCE SET; Schema: public; Owner: postgres
--

SELECT pg_catalog.setval('public.accounts_user_groups_id_seq', 1, false);


--
-- Name: accounts_user_user_permissions_id_seq; Type: SEQUENCE SET; Schema: public; Owner: postgres
--

SELECT pg_catalog.setval('public.accounts_user_user_permissions_id_seq', 1, false);


--
-- Name: auth_group_id_seq; Type: SEQUENCE SET; Schema: public; Owner: postgres
--

SELECT pg_catalog.setval('public.auth_group_id_seq', 1, false);


--
-- Name: auth_group_permissions_id_seq; Type: SEQUENCE SET; Schema: public; Owner: postgres
--

SELECT pg_catalog.setval('public.auth_group_permissions_id_seq', 1, false);


--
-- Name: auth_permission_id_seq; Type: SEQUENCE SET; Schema: public; Owner: postgres
--

SELECT pg_catalog.setval('public.auth_permission_id_seq', 96, true);


--
-- Name: clubs_club_likes_id_seq; Type: SEQUENCE SET; Schema: public; Owner: postgres
--

SELECT pg_catalog.setval('public.clubs_club_likes_id_seq', 2, true);


--
-- Name: clubs_club_managers_id_seq; Type: SEQUENCE SET; Schema: public; Owner: postgres
--

SELECT pg_catalog.setval('public.clubs_club_managers_id_seq', 31, true);


--
-- Name: clubs_club_members_id_seq; Type: SEQUENCE SET; Schema: public; Owner: postgres
--

SELECT pg_catalog.setval('public.clubs_club_members_id_seq', 70, true);


--
-- Name: clubs_club_partners_id_seq; Type: SEQUENCE SET; Schema: public; Owner: postgres
--

SELECT pg_catalog.setval('public.clubs_club_partners_id_seq', 1, false);


--
-- Name: clubs_festival_approved_clubs_id_seq; Type: SEQUENCE SET; Schema: public; Owner: postgres
--

SELECT pg_catalog.setval('public.clubs_festival_approved_clubs_id_seq', 11, true);


--
-- Name: django_admin_log_id_seq; Type: SEQUENCE SET; Schema: public; Owner: postgres
--

SELECT pg_catalog.setval('public.django_admin_log_id_seq', 744, true);


--
-- Name: django_content_type_id_seq; Type: SEQUENCE SET; Schema: public; Owner: postgres
--

SELECT pg_catalog.setval('public.django_content_type_id_seq', 24, true);


--
-- Name: django_migrations_id_seq; Type: SEQUENCE SET; Schema: public; Owner: postgres
--

SELECT pg_catalog.setval('public.django_migrations_id_seq', 36, true);


--
-- Name: accounts_profile accounts_profile_pkey; Type: CONSTRAINT; Schema: public; Owner: postgres
--

ALTER TABLE ONLY public.accounts_profile
    ADD CONSTRAINT accounts_profile_pkey PRIMARY KEY (id);


--
-- Name: accounts_profile accounts_profile_user_id_key; Type: CONSTRAINT; Schema: public; Owner: postgres
--

ALTER TABLE ONLY public.accounts_profile
    ADD CONSTRAINT accounts_profile_user_id_key UNIQUE (user_id);


--
-- Name: accounts_user accounts_user_email_key; Type: CONSTRAINT; Schema: public; Owner: postgres
--

ALTER TABLE ONLY public.accounts_user
    ADD CONSTRAINT accounts_user_email_key UNIQUE (email);


--
-- Name: accounts_user_groups accounts_user_groups_pkey; Type: CONSTRAINT; Schema: public; Owner: postgres
--

ALTER TABLE ONLY public.accounts_user_groups
    ADD CONSTRAINT accounts_user_groups_pkey PRIMARY KEY (id);


--
-- Name: accounts_user_groups accounts_user_groups_user_id_group_id_59c0b32f_uniq; Type: CONSTRAINT; Schema: public; Owner: postgres
--

ALTER TABLE ONLY public.accounts_user_groups
    ADD CONSTRAINT accounts_user_groups_user_id_group_id_59c0b32f_uniq UNIQUE (user_id, group_id);


--
-- Name: accounts_user accounts_user_phone_key; Type: CONSTRAINT; Schema: public; Owner: postgres
--

ALTER TABLE ONLY public.accounts_user
    ADD CONSTRAINT accounts_user_phone_key UNIQUE (phone);


--
-- Name: accounts_user accounts_user_pkey; Type: CONSTRAINT; Schema: public; Owner: postgres
--

ALTER TABLE ONLY public.accounts_user
    ADD CONSTRAINT accounts_user_pkey PRIMARY KEY (id);


--
-- Name: accounts_user_user_permissions accounts_user_user_permi_user_id_permission_id_2ab516c2_uniq; Type: CONSTRAINT; Schema: public; Owner: postgres
--

ALTER TABLE ONLY public.accounts_user_user_permissions
    ADD CONSTRAINT accounts_user_user_permi_user_id_permission_id_2ab516c2_uniq UNIQUE (user_id, permission_id);


--
-- Name: accounts_user_user_permissions accounts_user_user_permissions_pkey; Type: CONSTRAINT; Schema: public; Owner: postgres
--

ALTER TABLE ONLY public.accounts_user_user_permissions
    ADD CONSTRAINT accounts_user_user_permissions_pkey PRIMARY KEY (id);


--
-- Name: auth_group auth_group_name_key; Type: CONSTRAINT; Schema: public; Owner: postgres
--

ALTER TABLE ONLY public.auth_group
    ADD CONSTRAINT auth_group_name_key UNIQUE (name);


--
-- Name: auth_group_permissions auth_group_permissions_group_id_permission_id_0cd325b0_uniq; Type: CONSTRAINT; Schema: public; Owner: postgres
--

ALTER TABLE ONLY public.auth_group_permissions
    ADD CONSTRAINT auth_group_permissions_group_id_permission_id_0cd325b0_uniq UNIQUE (group_id, permission_id);


--
-- Name: auth_group_permissions auth_group_permissions_pkey; Type: CONSTRAINT; Schema: public; Owner: postgres
--

ALTER TABLE ONLY public.auth_group_permissions
    ADD CONSTRAINT auth_group_permissions_pkey PRIMARY KEY (id);


--
-- Name: auth_group auth_group_pkey; Type: CONSTRAINT; Schema: public; Owner: postgres
--

ALTER TABLE ONLY public.auth_group
    ADD CONSTRAINT auth_group_pkey PRIMARY KEY (id);


--
-- Name: auth_permission auth_permission_content_type_id_codename_01ab375a_uniq; Type: CONSTRAINT; Schema: public; Owner: postgres
--

ALTER TABLE ONLY public.auth_permission
    ADD CONSTRAINT auth_permission_content_type_id_codename_01ab375a_uniq UNIQUE (content_type_id, codename);


--
-- Name: auth_permission auth_permission_pkey; Type: CONSTRAINT; Schema: public; Owner: postgres
--

ALTER TABLE ONLY public.auth_permission
    ADD CONSTRAINT auth_permission_pkey PRIMARY KEY (id);


--
-- Name: authtoken_token authtoken_token_pkey; Type: CONSTRAINT; Schema: public; Owner: postgres
--

ALTER TABLE ONLY public.authtoken_token
    ADD CONSTRAINT authtoken_token_pkey PRIMARY KEY (key);


--
-- Name: authtoken_token authtoken_token_user_id_key; Type: CONSTRAINT; Schema: public; Owner: postgres
--

ALTER TABLE ONLY public.authtoken_token
    ADD CONSTRAINT authtoken_token_user_id_key UNIQUE (user_id);


--
-- Name: cache_table cache_table_pkey; Type: CONSTRAINT; Schema: public; Owner: postgres
--

ALTER TABLE ONLY public.cache_table
    ADD CONSTRAINT cache_table_pkey PRIMARY KEY (cache_key);


--
-- Name: clubs_city clubs_city_pkey; Type: CONSTRAINT; Schema: public; Owner: postgres
--

ALTER TABLE ONLY public.clubs_city
    ADD CONSTRAINT clubs_city_pkey PRIMARY KEY (id);


--
-- Name: clubs_club_likes clubs_club_likes_club_id_user_id_f672e519_uniq; Type: CONSTRAINT; Schema: public; Owner: postgres
--

ALTER TABLE ONLY public.clubs_club_likes
    ADD CONSTRAINT clubs_club_likes_club_id_user_id_f672e519_uniq UNIQUE (club_id, user_id);


--
-- Name: clubs_club_likes clubs_club_likes_pkey; Type: CONSTRAINT; Schema: public; Owner: postgres
--

ALTER TABLE ONLY public.clubs_club_likes
    ADD CONSTRAINT clubs_club_likes_pkey PRIMARY KEY (id);


--
-- Name: clubs_club_managers clubs_club_managers_club_id_user_id_61bca064_uniq; Type: CONSTRAINT; Schema: public; Owner: postgres
--

ALTER TABLE ONLY public.clubs_club_managers
    ADD CONSTRAINT clubs_club_managers_club_id_user_id_61bca064_uniq UNIQUE (club_id, user_id);


--
-- Name: clubs_club_managers clubs_club_managers_pkey; Type: CONSTRAINT; Schema: public; Owner: postgres
--

ALTER TABLE ONLY public.clubs_club_managers
    ADD CONSTRAINT clubs_club_managers_pkey PRIMARY KEY (id);


--
-- Name: clubs_club_members clubs_club_members_club_id_user_id_607b144d_uniq; Type: CONSTRAINT; Schema: public; Owner: postgres
--

ALTER TABLE ONLY public.clubs_club_members
    ADD CONSTRAINT clubs_club_members_club_id_user_id_607b144d_uniq UNIQUE (club_id, user_id);


--
-- Name: clubs_club_members clubs_club_members_pkey; Type: CONSTRAINT; Schema: public; Owner: postgres
--

ALTER TABLE ONLY public.clubs_club_members
    ADD CONSTRAINT clubs_club_members_pkey PRIMARY KEY (id);


--
-- Name: clubs_club clubs_club_name_key; Type: CONSTRAINT; Schema: public; Owner: postgres
--

ALTER TABLE ONLY public.clubs_club
    ADD CONSTRAINT clubs_club_name_key UNIQUE (name);


--
-- Name: clubs_club_partners clubs_club_partners_from_club_id_to_club_id_f87d3f04_uniq; Type: CONSTRAINT; Schema: public; Owner: postgres
--

ALTER TABLE ONLY public.clubs_club_partners
    ADD CONSTRAINT clubs_club_partners_from_club_id_to_club_id_f87d3f04_uniq UNIQUE (from_club_id, to_club_id);


--
-- Name: clubs_club_partners clubs_club_partners_pkey; Type: CONSTRAINT; Schema: public; Owner: postgres
--

ALTER TABLE ONLY public.clubs_club_partners
    ADD CONSTRAINT clubs_club_partners_pkey PRIMARY KEY (id);


--
-- Name: clubs_club clubs_club_pkey; Type: CONSTRAINT; Schema: public; Owner: postgres
--

ALTER TABLE ONLY public.clubs_club
    ADD CONSTRAINT clubs_club_pkey PRIMARY KEY (id);


--
-- Name: clubs_clubads clubs_clubads_pkey; Type: CONSTRAINT; Schema: public; Owner: postgres
--

ALTER TABLE ONLY public.clubs_clubads
    ADD CONSTRAINT clubs_clubads_pkey PRIMARY KEY (id);


--
-- Name: clubs_clubadtype clubs_clubadtype_pkey; Type: CONSTRAINT; Schema: public; Owner: postgres
--

ALTER TABLE ONLY public.clubs_clubadtype
    ADD CONSTRAINT clubs_clubadtype_pkey PRIMARY KEY (id);


--
-- Name: clubs_clubcategory clubs_clubcategory_name_key; Type: CONSTRAINT; Schema: public; Owner: postgres
--

ALTER TABLE ONLY public.clubs_clubcategory
    ADD CONSTRAINT clubs_clubcategory_name_key UNIQUE (name);


--
-- Name: clubs_clubcategory clubs_clubcategory_pkey; Type: CONSTRAINT; Schema: public; Owner: postgres
--

ALTER TABLE ONLY public.clubs_clubcategory
    ADD CONSTRAINT clubs_clubcategory_pkey PRIMARY KEY (id);


--
-- Name: clubs_clubevent clubs_clubevent_pkey; Type: CONSTRAINT; Schema: public; Owner: postgres
--

ALTER TABLE ONLY public.clubs_clubevent
    ADD CONSTRAINT clubs_clubevent_pkey PRIMARY KEY (id);


--
-- Name: clubs_clubgalleryphoto clubs_clubgalleryphoto_pkey; Type: CONSTRAINT; Schema: public; Owner: postgres
--

ALTER TABLE ONLY public.clubs_clubgalleryphoto
    ADD CONSTRAINT clubs_clubgalleryphoto_pkey PRIMARY KEY (id);


--
-- Name: clubs_clubjoinrequest clubs_clubjoinrequest_pkey; Type: CONSTRAINT; Schema: public; Owner: postgres
--

ALTER TABLE ONLY public.clubs_clubjoinrequest
    ADD CONSTRAINT clubs_clubjoinrequest_pkey PRIMARY KEY (id);


--
-- Name: clubs_clubpartnershiprequest clubs_clubpartnershiprequest_pkey; Type: CONSTRAINT; Schema: public; Owner: postgres
--

ALTER TABLE ONLY public.clubs_clubpartnershiprequest
    ADD CONSTRAINT clubs_clubpartnershiprequest_pkey PRIMARY KEY (id);


--
-- Name: clubs_clubservice clubs_clubservice_name_key; Type: CONSTRAINT; Schema: public; Owner: postgres
--

ALTER TABLE ONLY public.clubs_clubservice
    ADD CONSTRAINT clubs_clubservice_name_key UNIQUE (name);


--
-- Name: clubs_clubservice clubs_clubservice_pkey; Type: CONSTRAINT; Schema: public; Owner: postgres
--

ALTER TABLE ONLY public.clubs_clubservice
    ADD CONSTRAINT clubs_clubservice_pkey PRIMARY KEY (id);


--
-- Name: clubs_clubserviceimage clubs_clubserviceimage_pkey; Type: CONSTRAINT; Schema: public; Owner: postgres
--

ALTER TABLE ONLY public.clubs_clubserviceimage
    ADD CONSTRAINT clubs_clubserviceimage_pkey PRIMARY KEY (id);


--
-- Name: clubs_festival_approved_clubs clubs_festival_approved_clubs_festival_id_club_id_0215415b_uniq; Type: CONSTRAINT; Schema: public; Owner: postgres
--

ALTER TABLE ONLY public.clubs_festival_approved_clubs
    ADD CONSTRAINT clubs_festival_approved_clubs_festival_id_club_id_0215415b_uniq UNIQUE (festival_id, club_id);


--
-- Name: clubs_festival_approved_clubs clubs_festival_approved_clubs_pkey; Type: CONSTRAINT; Schema: public; Owner: postgres
--

ALTER TABLE ONLY public.clubs_festival_approved_clubs
    ADD CONSTRAINT clubs_festival_approved_clubs_pkey PRIMARY KEY (id);


--
-- Name: clubs_festival clubs_festival_pkey; Type: CONSTRAINT; Schema: public; Owner: postgres
--

ALTER TABLE ONLY public.clubs_festival
    ADD CONSTRAINT clubs_festival_pkey PRIMARY KEY (id);


--
-- Name: clubs_festivalparticipationrequest clubs_festivalparticipationrequest_pkey; Type: CONSTRAINT; Schema: public; Owner: postgres
--

ALTER TABLE ONLY public.clubs_festivalparticipationrequest
    ADD CONSTRAINT clubs_festivalparticipationrequest_pkey PRIMARY KEY (id);


--
-- Name: clubs_publication clubs_publication_pkey; Type: CONSTRAINT; Schema: public; Owner: postgres
--

ALTER TABLE ONLY public.clubs_publication
    ADD CONSTRAINT clubs_publication_pkey PRIMARY KEY (id);


--
-- Name: clubs_publication clubs_publication_title_key; Type: CONSTRAINT; Schema: public; Owner: postgres
--

ALTER TABLE ONLY public.clubs_publication
    ADD CONSTRAINT clubs_publication_title_key UNIQUE (title);


--
-- Name: clubs_serviceforclubs clubs_serviceforclubs_pkey; Type: CONSTRAINT; Schema: public; Owner: postgres
--

ALTER TABLE ONLY public.clubs_serviceforclubs
    ADD CONSTRAINT clubs_serviceforclubs_pkey PRIMARY KEY (id);


--
-- Name: django_admin_log django_admin_log_pkey; Type: CONSTRAINT; Schema: public; Owner: postgres
--

ALTER TABLE ONLY public.django_admin_log
    ADD CONSTRAINT django_admin_log_pkey PRIMARY KEY (id);


--
-- Name: django_content_type django_content_type_app_label_model_76bd3d3b_uniq; Type: CONSTRAINT; Schema: public; Owner: postgres
--

ALTER TABLE ONLY public.django_content_type
    ADD CONSTRAINT django_content_type_app_label_model_76bd3d3b_uniq UNIQUE (app_label, model);


--
-- Name: django_content_type django_content_type_pkey; Type: CONSTRAINT; Schema: public; Owner: postgres
--

ALTER TABLE ONLY public.django_content_type
    ADD CONSTRAINT django_content_type_pkey PRIMARY KEY (id);


--
-- Name: django_migrations django_migrations_pkey; Type: CONSTRAINT; Schema: public; Owner: postgres
--

ALTER TABLE ONLY public.django_migrations
    ADD CONSTRAINT django_migrations_pkey PRIMARY KEY (id);


--
-- Name: django_session django_session_pkey; Type: CONSTRAINT; Schema: public; Owner: postgres
--

ALTER TABLE ONLY public.django_session
    ADD CONSTRAINT django_session_pkey PRIMARY KEY (session_key);


--
-- Name: clubs_festivalparticipationrequest unique_club_festival_request; Type: CONSTRAINT; Schema: public; Owner: postgres
--

ALTER TABLE ONLY public.clubs_festivalparticipationrequest
    ADD CONSTRAINT unique_club_festival_request UNIQUE (club_id, festival_id);


--
-- Name: clubs_clubjoinrequest unique_user_club_join_request; Type: CONSTRAINT; Schema: public; Owner: postgres
--

ALTER TABLE ONLY public.clubs_clubjoinrequest
    ADD CONSTRAINT unique_user_club_join_request UNIQUE (user_id, club_id);


--
-- Name: accounts_user_email_b2644a56_like; Type: INDEX; Schema: public; Owner: postgres
--

CREATE INDEX accounts_user_email_b2644a56_like ON public.accounts_user USING btree (email varchar_pattern_ops);


--
-- Name: accounts_user_groups_group_id_bd11a704; Type: INDEX; Schema: public; Owner: postgres
--

CREATE INDEX accounts_user_groups_group_id_bd11a704 ON public.accounts_user_groups USING btree (group_id);


--
-- Name: accounts_user_groups_user_id_52b62117; Type: INDEX; Schema: public; Owner: postgres
--

CREATE INDEX accounts_user_groups_user_id_52b62117 ON public.accounts_user_groups USING btree (user_id);


--
-- Name: accounts_user_phone_c603acdd_like; Type: INDEX; Schema: public; Owner: postgres
--

CREATE INDEX accounts_user_phone_c603acdd_like ON public.accounts_user USING btree (phone varchar_pattern_ops);


--
-- Name: accounts_user_user_permissions_permission_id_113bb443; Type: INDEX; Schema: public; Owner: postgres
--

CREATE INDEX accounts_user_user_permissions_permission_id_113bb443 ON public.accounts_user_user_permissions USING btree (permission_id);


--
-- Name: accounts_user_user_permissions_user_id_e4f0a161; Type: INDEX; Schema: public; Owner: postgres
--

CREATE INDEX accounts_user_user_permissions_user_id_e4f0a161 ON public.accounts_user_user_permissions USING btree (user_id);


--
-- Name: auth_group_name_a6ea08ec_like; Type: INDEX; Schema: public; Owner: postgres
--

CREATE INDEX auth_group_name_a6ea08ec_like ON public.auth_group USING btree (name varchar_pattern_ops);


--
-- Name: auth_group_permissions_group_id_b120cbf9; Type: INDEX; Schema: public; Owner: postgres
--

CREATE INDEX auth_group_permissions_group_id_b120cbf9 ON public.auth_group_permissions USING btree (group_id);


--
-- Name: auth_group_permissions_permission_id_84c5c92e; Type: INDEX; Schema: public; Owner: postgres
--

CREATE INDEX auth_group_permissions_permission_id_84c5c92e ON public.auth_group_permissions USING btree (permission_id);


--
-- Name: auth_permission_content_type_id_2f476e4b; Type: INDEX; Schema: public; Owner: postgres
--

CREATE INDEX auth_permission_content_type_id_2f476e4b ON public.auth_permission USING btree (content_type_id);


--
-- Name: authtoken_token_key_10f0b77e_like; Type: INDEX; Schema: public; Owner: postgres
--

CREATE INDEX authtoken_token_key_10f0b77e_like ON public.authtoken_token USING btree (key varchar_pattern_ops);


--
-- Name: cache_table_expires; Type: INDEX; Schema: public; Owner: postgres
--

CREATE INDEX cache_table_expires ON public.cache_table USING btree (expires);


--
-- Name: clubs_city_iata_code_69da43e6; Type: INDEX; Schema: public; Owner: postgres
--

CREATE INDEX clubs_city_iata_code_69da43e6 ON public.clubs_city USING btree (iata_code);


--
-- Name: clubs_city_iata_code_69da43e6_like; Type: INDEX; Schema: public; Owner: postgres
--

CREATE INDEX clubs_city_iata_code_69da43e6_like ON public.clubs_city USING btree (iata_code varchar_pattern_ops);


--
-- Name: clubs_club_category_id_cbea38b0; Type: INDEX; Schema: public; Owner: postgres
--

CREATE INDEX clubs_club_category_id_cbea38b0 ON public.clubs_club USING btree (category_id);


--
-- Name: clubs_club_city_id_e1b20df7; Type: INDEX; Schema: public; Owner: postgres
--

CREATE INDEX clubs_club_city_id_e1b20df7 ON public.clubs_club USING btree (city_id);


--
-- Name: clubs_club_creater_id_c8de1f1b; Type: INDEX; Schema: public; Owner: postgres
--

CREATE INDEX clubs_club_creater_id_c8de1f1b ON public.clubs_club USING btree (creater_id);


--
-- Name: clubs_club_likes_club_id_32897f1e; Type: INDEX; Schema: public; Owner: postgres
--

CREATE INDEX clubs_club_likes_club_id_32897f1e ON public.clubs_club_likes USING btree (club_id);


--
-- Name: clubs_club_likes_user_id_4e62951f; Type: INDEX; Schema: public; Owner: postgres
--

CREATE INDEX clubs_club_likes_user_id_4e62951f ON public.clubs_club_likes USING btree (user_id);


--
-- Name: clubs_club_managers_club_id_a50a8f10; Type: INDEX; Schema: public; Owner: postgres
--

CREATE INDEX clubs_club_managers_club_id_a50a8f10 ON public.clubs_club_managers USING btree (club_id);


--
-- Name: clubs_club_managers_user_id_294ffdb4; Type: INDEX; Schema: public; Owner: postgres
--

CREATE INDEX clubs_club_managers_user_id_294ffdb4 ON public.clubs_club_managers USING btree (user_id);


--
-- Name: clubs_club_members_club_id_d4b2af4d; Type: INDEX; Schema: public; Owner: postgres
--

CREATE INDEX clubs_club_members_club_id_d4b2af4d ON public.clubs_club_members USING btree (club_id);


--
-- Name: clubs_club_members_user_id_d3055a4e; Type: INDEX; Schema: public; Owner: postgres
--

CREATE INDEX clubs_club_members_user_id_d3055a4e ON public.clubs_club_members USING btree (user_id);


--
-- Name: clubs_club_name_c136a7f7_like; Type: INDEX; Schema: public; Owner: postgres
--

CREATE INDEX clubs_club_name_c136a7f7_like ON public.clubs_club USING btree (name varchar_pattern_ops);


--
-- Name: clubs_club_partners_from_club_id_0d3bdf77; Type: INDEX; Schema: public; Owner: postgres
--

CREATE INDEX clubs_club_partners_from_club_id_0d3bdf77 ON public.clubs_club_partners USING btree (from_club_id);


--
-- Name: clubs_club_partners_to_club_id_b8e8af77; Type: INDEX; Schema: public; Owner: postgres
--

CREATE INDEX clubs_club_partners_to_club_id_b8e8af77 ON public.clubs_club_partners USING btree (to_club_id);


--
-- Name: clubs_clubads_club_id_8ac72f66; Type: INDEX; Schema: public; Owner: postgres
--

CREATE INDEX clubs_clubads_club_id_8ac72f66 ON public.clubs_clubads USING btree (club_id);


--
-- Name: clubs_clubads_type_id_990ef31c; Type: INDEX; Schema: public; Owner: postgres
--

CREATE INDEX clubs_clubads_type_id_990ef31c ON public.clubs_clubads USING btree (type_id);


--
-- Name: clubs_clubcategory_name_65791fef_like; Type: INDEX; Schema: public; Owner: postgres
--

CREATE INDEX clubs_clubcategory_name_65791fef_like ON public.clubs_clubcategory USING btree (name varchar_pattern_ops);


--
-- Name: clubs_clubevent_club_id_850ff8f8; Type: INDEX; Schema: public; Owner: postgres
--

CREATE INDEX clubs_clubevent_club_id_850ff8f8 ON public.clubs_clubevent USING btree (club_id);


--
-- Name: clubs_clubgalleryphoto_club_id_380830e0; Type: INDEX; Schema: public; Owner: postgres
--

CREATE INDEX clubs_clubgalleryphoto_club_id_380830e0 ON public.clubs_clubgalleryphoto USING btree (club_id);


--
-- Name: clubs_clubjoinrequest_club_id_96ee72bc; Type: INDEX; Schema: public; Owner: postgres
--

CREATE INDEX clubs_clubjoinrequest_club_id_96ee72bc ON public.clubs_clubjoinrequest USING btree (club_id);


--
-- Name: clubs_clubjoinrequest_user_id_798b34fa; Type: INDEX; Schema: public; Owner: postgres
--

CREATE INDEX clubs_clubjoinrequest_user_id_798b34fa ON public.clubs_clubjoinrequest USING btree (user_id);


--
-- Name: clubs_clubpartnershiprequest_club_accepter_id_7dfca225; Type: INDEX; Schema: public; Owner: postgres
--

CREATE INDEX clubs_clubpartnershiprequest_club_accepter_id_7dfca225 ON public.clubs_clubpartnershiprequest USING btree (club_accepter_id);


--
-- Name: clubs_clubpartnershiprequest_club_requester_id_54b4bf54; Type: INDEX; Schema: public; Owner: postgres
--

CREATE INDEX clubs_clubpartnershiprequest_club_requester_id_54b4bf54 ON public.clubs_clubpartnershiprequest USING btree (club_requester_id);


--
-- Name: clubs_clubservice_club_id_aac6b606; Type: INDEX; Schema: public; Owner: postgres
--

CREATE INDEX clubs_clubservice_club_id_aac6b606 ON public.clubs_clubservice USING btree (club_id);


--
-- Name: clubs_clubservice_name_81ac8cc1_like; Type: INDEX; Schema: public; Owner: postgres
--

CREATE INDEX clubs_clubservice_name_81ac8cc1_like ON public.clubs_clubservice USING btree (name varchar_pattern_ops);


--
-- Name: clubs_clubserviceimage_service_id_20311941; Type: INDEX; Schema: public; Owner: postgres
--

CREATE INDEX clubs_clubserviceimage_service_id_20311941 ON public.clubs_clubserviceimage USING btree (service_id);


--
-- Name: clubs_festival_approved_clubs_club_id_4bd0d91d; Type: INDEX; Schema: public; Owner: postgres
--

CREATE INDEX clubs_festival_approved_clubs_club_id_4bd0d91d ON public.clubs_festival_approved_clubs USING btree (club_id);


--
-- Name: clubs_festival_approved_clubs_festival_id_f9d902c3; Type: INDEX; Schema: public; Owner: postgres
--

CREATE INDEX clubs_festival_approved_clubs_festival_id_f9d902c3 ON public.clubs_festival_approved_clubs USING btree (festival_id);


--
-- Name: clubs_festivalparticipationrequest_club_id_e99881b1; Type: INDEX; Schema: public; Owner: postgres
--

CREATE INDEX clubs_festivalparticipationrequest_club_id_e99881b1 ON public.clubs_festivalparticipationrequest USING btree (club_id);


--
-- Name: clubs_festivalparticipationrequest_festival_id_3c945d7f; Type: INDEX; Schema: public; Owner: postgres
--

CREATE INDEX clubs_festivalparticipationrequest_festival_id_3c945d7f ON public.clubs_festivalparticipationrequest USING btree (festival_id);


--
-- Name: clubs_publication_title_695d1658_like; Type: INDEX; Schema: public; Owner: postgres
--

CREATE INDEX clubs_publication_title_695d1658_like ON public.clubs_publication USING btree (title varchar_pattern_ops);


--
-- Name: django_admin_log_content_type_id_c4bce8eb; Type: INDEX; Schema: public; Owner: postgres
--

CREATE INDEX django_admin_log_content_type_id_c4bce8eb ON public.django_admin_log USING btree (content_type_id);


--
-- Name: django_admin_log_user_id_c564eba6; Type: INDEX; Schema: public; Owner: postgres
--

CREATE INDEX django_admin_log_user_id_c564eba6 ON public.django_admin_log USING btree (user_id);


--
-- Name: django_session_expire_date_a5c62663; Type: INDEX; Schema: public; Owner: postgres
--

CREATE INDEX django_session_expire_date_a5c62663 ON public.django_session USING btree (expire_date);


--
-- Name: django_session_session_key_c0390e0f_like; Type: INDEX; Schema: public; Owner: postgres
--

CREATE INDEX django_session_session_key_c0390e0f_like ON public.django_session USING btree (session_key varchar_pattern_ops);


--
-- Name: accounts_profile accounts_profile_user_id_49a85d32_fk_accounts_user_id; Type: FK CONSTRAINT; Schema: public; Owner: postgres
--

ALTER TABLE ONLY public.accounts_profile
    ADD CONSTRAINT accounts_profile_user_id_49a85d32_fk_accounts_user_id FOREIGN KEY (user_id) REFERENCES public.accounts_user(id) DEFERRABLE INITIALLY DEFERRED;


--
-- Name: accounts_user_groups accounts_user_groups_group_id_bd11a704_fk_auth_group_id; Type: FK CONSTRAINT; Schema: public; Owner: postgres
--

ALTER TABLE ONLY public.accounts_user_groups
    ADD CONSTRAINT accounts_user_groups_group_id_bd11a704_fk_auth_group_id FOREIGN KEY (group_id) REFERENCES public.auth_group(id) DEFERRABLE INITIALLY DEFERRED;


--
-- Name: accounts_user_groups accounts_user_groups_user_id_52b62117_fk_accounts_user_id; Type: FK CONSTRAINT; Schema: public; Owner: postgres
--

ALTER TABLE ONLY public.accounts_user_groups
    ADD CONSTRAINT accounts_user_groups_user_id_52b62117_fk_accounts_user_id FOREIGN KEY (user_id) REFERENCES public.accounts_user(id) DEFERRABLE INITIALLY DEFERRED;


--
-- Name: accounts_user_user_permissions accounts_user_user_p_permission_id_113bb443_fk_auth_perm; Type: FK CONSTRAINT; Schema: public; Owner: postgres
--

ALTER TABLE ONLY public.accounts_user_user_permissions
    ADD CONSTRAINT accounts_user_user_p_permission_id_113bb443_fk_auth_perm FOREIGN KEY (permission_id) REFERENCES public.auth_permission(id) DEFERRABLE INITIALLY DEFERRED;


--
-- Name: accounts_user_user_permissions accounts_user_user_p_user_id_e4f0a161_fk_accounts_; Type: FK CONSTRAINT; Schema: public; Owner: postgres
--

ALTER TABLE ONLY public.accounts_user_user_permissions
    ADD CONSTRAINT accounts_user_user_p_user_id_e4f0a161_fk_accounts_ FOREIGN KEY (user_id) REFERENCES public.accounts_user(id) DEFERRABLE INITIALLY DEFERRED;


--
-- Name: auth_group_permissions auth_group_permissio_permission_id_84c5c92e_fk_auth_perm; Type: FK CONSTRAINT; Schema: public; Owner: postgres
--

ALTER TABLE ONLY public.auth_group_permissions
    ADD CONSTRAINT auth_group_permissio_permission_id_84c5c92e_fk_auth_perm FOREIGN KEY (permission_id) REFERENCES public.auth_permission(id) DEFERRABLE INITIALLY DEFERRED;


--
-- Name: auth_group_permissions auth_group_permissions_group_id_b120cbf9_fk_auth_group_id; Type: FK CONSTRAINT; Schema: public; Owner: postgres
--

ALTER TABLE ONLY public.auth_group_permissions
    ADD CONSTRAINT auth_group_permissions_group_id_b120cbf9_fk_auth_group_id FOREIGN KEY (group_id) REFERENCES public.auth_group(id) DEFERRABLE INITIALLY DEFERRED;


--
-- Name: auth_permission auth_permission_content_type_id_2f476e4b_fk_django_co; Type: FK CONSTRAINT; Schema: public; Owner: postgres
--

ALTER TABLE ONLY public.auth_permission
    ADD CONSTRAINT auth_permission_content_type_id_2f476e4b_fk_django_co FOREIGN KEY (content_type_id) REFERENCES public.django_content_type(id) DEFERRABLE INITIALLY DEFERRED;


--
-- Name: authtoken_token authtoken_token_user_id_35299eff_fk_accounts_user_id; Type: FK CONSTRAINT; Schema: public; Owner: postgres
--

ALTER TABLE ONLY public.authtoken_token
    ADD CONSTRAINT authtoken_token_user_id_35299eff_fk_accounts_user_id FOREIGN KEY (user_id) REFERENCES public.accounts_user(id) DEFERRABLE INITIALLY DEFERRED;


--
-- Name: clubs_club clubs_club_category_id_cbea38b0_fk_clubs_clubcategory_id; Type: FK CONSTRAINT; Schema: public; Owner: postgres
--

ALTER TABLE ONLY public.clubs_club
    ADD CONSTRAINT clubs_club_category_id_cbea38b0_fk_clubs_clubcategory_id FOREIGN KEY (category_id) REFERENCES public.clubs_clubcategory(id) DEFERRABLE INITIALLY DEFERRED;


--
-- Name: clubs_club clubs_club_city_id_e1b20df7_fk_clubs_city_id; Type: FK CONSTRAINT; Schema: public; Owner: postgres
--

ALTER TABLE ONLY public.clubs_club
    ADD CONSTRAINT clubs_club_city_id_e1b20df7_fk_clubs_city_id FOREIGN KEY (city_id) REFERENCES public.clubs_city(id) DEFERRABLE INITIALLY DEFERRED;


--
-- Name: clubs_club clubs_club_creater_id_c8de1f1b_fk_accounts_user_id; Type: FK CONSTRAINT; Schema: public; Owner: postgres
--

ALTER TABLE ONLY public.clubs_club
    ADD CONSTRAINT clubs_club_creater_id_c8de1f1b_fk_accounts_user_id FOREIGN KEY (creater_id) REFERENCES public.accounts_user(id) DEFERRABLE INITIALLY DEFERRED;


--
-- Name: clubs_club_likes clubs_club_likes_club_id_32897f1e_fk_clubs_club_id; Type: FK CONSTRAINT; Schema: public; Owner: postgres
--

ALTER TABLE ONLY public.clubs_club_likes
    ADD CONSTRAINT clubs_club_likes_club_id_32897f1e_fk_clubs_club_id FOREIGN KEY (club_id) REFERENCES public.clubs_club(id) DEFERRABLE INITIALLY DEFERRED;


--
-- Name: clubs_club_likes clubs_club_likes_user_id_4e62951f_fk_accounts_user_id; Type: FK CONSTRAINT; Schema: public; Owner: postgres
--

ALTER TABLE ONLY public.clubs_club_likes
    ADD CONSTRAINT clubs_club_likes_user_id_4e62951f_fk_accounts_user_id FOREIGN KEY (user_id) REFERENCES public.accounts_user(id) DEFERRABLE INITIALLY DEFERRED;


--
-- Name: clubs_club_managers clubs_club_managers_club_id_a50a8f10_fk_clubs_club_id; Type: FK CONSTRAINT; Schema: public; Owner: postgres
--

ALTER TABLE ONLY public.clubs_club_managers
    ADD CONSTRAINT clubs_club_managers_club_id_a50a8f10_fk_clubs_club_id FOREIGN KEY (club_id) REFERENCES public.clubs_club(id) DEFERRABLE INITIALLY DEFERRED;


--
-- Name: clubs_club_managers clubs_club_managers_user_id_294ffdb4_fk_accounts_user_id; Type: FK CONSTRAINT; Schema: public; Owner: postgres
--

ALTER TABLE ONLY public.clubs_club_managers
    ADD CONSTRAINT clubs_club_managers_user_id_294ffdb4_fk_accounts_user_id FOREIGN KEY (user_id) REFERENCES public.accounts_user(id) DEFERRABLE INITIALLY DEFERRED;


--
-- Name: clubs_club_members clubs_club_members_club_id_d4b2af4d_fk_clubs_club_id; Type: FK CONSTRAINT; Schema: public; Owner: postgres
--

ALTER TABLE ONLY public.clubs_club_members
    ADD CONSTRAINT clubs_club_members_club_id_d4b2af4d_fk_clubs_club_id FOREIGN KEY (club_id) REFERENCES public.clubs_club(id) DEFERRABLE INITIALLY DEFERRED;


--
-- Name: clubs_club_members clubs_club_members_user_id_d3055a4e_fk_accounts_user_id; Type: FK CONSTRAINT; Schema: public; Owner: postgres
--

ALTER TABLE ONLY public.clubs_club_members
    ADD CONSTRAINT clubs_club_members_user_id_d3055a4e_fk_accounts_user_id FOREIGN KEY (user_id) REFERENCES public.accounts_user(id) DEFERRABLE INITIALLY DEFERRED;


--
-- Name: clubs_club_partners clubs_club_partners_from_club_id_0d3bdf77_fk_clubs_club_id; Type: FK CONSTRAINT; Schema: public; Owner: postgres
--

ALTER TABLE ONLY public.clubs_club_partners
    ADD CONSTRAINT clubs_club_partners_from_club_id_0d3bdf77_fk_clubs_club_id FOREIGN KEY (from_club_id) REFERENCES public.clubs_club(id) DEFERRABLE INITIALLY DEFERRED;


--
-- Name: clubs_club_partners clubs_club_partners_to_club_id_b8e8af77_fk_clubs_club_id; Type: FK CONSTRAINT; Schema: public; Owner: postgres
--

ALTER TABLE ONLY public.clubs_club_partners
    ADD CONSTRAINT clubs_club_partners_to_club_id_b8e8af77_fk_clubs_club_id FOREIGN KEY (to_club_id) REFERENCES public.clubs_club(id) DEFERRABLE INITIALLY DEFERRED;


--
-- Name: clubs_clubads clubs_clubads_club_id_8ac72f66_fk_clubs_club_id; Type: FK CONSTRAINT; Schema: public; Owner: postgres
--

ALTER TABLE ONLY public.clubs_clubads
    ADD CONSTRAINT clubs_clubads_club_id_8ac72f66_fk_clubs_club_id FOREIGN KEY (club_id) REFERENCES public.clubs_club(id) DEFERRABLE INITIALLY DEFERRED;


--
-- Name: clubs_clubads clubs_clubads_type_id_990ef31c_fk_clubs_clubadtype_id; Type: FK CONSTRAINT; Schema: public; Owner: postgres
--

ALTER TABLE ONLY public.clubs_clubads
    ADD CONSTRAINT clubs_clubads_type_id_990ef31c_fk_clubs_clubadtype_id FOREIGN KEY (type_id) REFERENCES public.clubs_clubadtype(id) DEFERRABLE INITIALLY DEFERRED;


--
-- Name: clubs_clubevent clubs_clubevent_club_id_850ff8f8_fk_clubs_club_id; Type: FK CONSTRAINT; Schema: public; Owner: postgres
--

ALTER TABLE ONLY public.clubs_clubevent
    ADD CONSTRAINT clubs_clubevent_club_id_850ff8f8_fk_clubs_club_id FOREIGN KEY (club_id) REFERENCES public.clubs_club(id) DEFERRABLE INITIALLY DEFERRED;


--
-- Name: clubs_clubgalleryphoto clubs_clubgalleryphoto_club_id_380830e0_fk_clubs_club_id; Type: FK CONSTRAINT; Schema: public; Owner: postgres
--

ALTER TABLE ONLY public.clubs_clubgalleryphoto
    ADD CONSTRAINT clubs_clubgalleryphoto_club_id_380830e0_fk_clubs_club_id FOREIGN KEY (club_id) REFERENCES public.clubs_club(id) DEFERRABLE INITIALLY DEFERRED;


--
-- Name: clubs_clubjoinrequest clubs_clubjoinrequest_club_id_96ee72bc_fk_clubs_club_id; Type: FK CONSTRAINT; Schema: public; Owner: postgres
--

ALTER TABLE ONLY public.clubs_clubjoinrequest
    ADD CONSTRAINT clubs_clubjoinrequest_club_id_96ee72bc_fk_clubs_club_id FOREIGN KEY (club_id) REFERENCES public.clubs_club(id) DEFERRABLE INITIALLY DEFERRED;


--
-- Name: clubs_clubjoinrequest clubs_clubjoinrequest_user_id_798b34fa_fk_accounts_user_id; Type: FK CONSTRAINT; Schema: public; Owner: postgres
--

ALTER TABLE ONLY public.clubs_clubjoinrequest
    ADD CONSTRAINT clubs_clubjoinrequest_user_id_798b34fa_fk_accounts_user_id FOREIGN KEY (user_id) REFERENCES public.accounts_user(id) DEFERRABLE INITIALLY DEFERRED;


--
-- Name: clubs_clubpartnershiprequest clubs_clubpartnershi_club_accepter_id_7dfca225_fk_clubs_clu; Type: FK CONSTRAINT; Schema: public; Owner: postgres
--

ALTER TABLE ONLY public.clubs_clubpartnershiprequest
    ADD CONSTRAINT clubs_clubpartnershi_club_accepter_id_7dfca225_fk_clubs_clu FOREIGN KEY (club_accepter_id) REFERENCES public.clubs_club(id) DEFERRABLE INITIALLY DEFERRED;


--
-- Name: clubs_clubpartnershiprequest clubs_clubpartnershi_club_requester_id_54b4bf54_fk_clubs_clu; Type: FK CONSTRAINT; Schema: public; Owner: postgres
--

ALTER TABLE ONLY public.clubs_clubpartnershiprequest
    ADD CONSTRAINT clubs_clubpartnershi_club_requester_id_54b4bf54_fk_clubs_clu FOREIGN KEY (club_requester_id) REFERENCES public.clubs_club(id) DEFERRABLE INITIALLY DEFERRED;


--
-- Name: clubs_clubservice clubs_clubservice_club_id_aac6b606_fk_clubs_club_id; Type: FK CONSTRAINT; Schema: public; Owner: postgres
--

ALTER TABLE ONLY public.clubs_clubservice
    ADD CONSTRAINT clubs_clubservice_club_id_aac6b606_fk_clubs_club_id FOREIGN KEY (club_id) REFERENCES public.clubs_club(id) DEFERRABLE INITIALLY DEFERRED;


--
-- Name: clubs_clubserviceimage clubs_clubserviceima_service_id_20311941_fk_clubs_clu; Type: FK CONSTRAINT; Schema: public; Owner: postgres
--

ALTER TABLE ONLY public.clubs_clubserviceimage
    ADD CONSTRAINT clubs_clubserviceima_service_id_20311941_fk_clubs_clu FOREIGN KEY (service_id) REFERENCES public.clubs_clubservice(id) DEFERRABLE INITIALLY DEFERRED;


--
-- Name: clubs_festival_approved_clubs clubs_festival_appro_festival_id_f9d902c3_fk_clubs_fes; Type: FK CONSTRAINT; Schema: public; Owner: postgres
--

ALTER TABLE ONLY public.clubs_festival_approved_clubs
    ADD CONSTRAINT clubs_festival_appro_festival_id_f9d902c3_fk_clubs_fes FOREIGN KEY (festival_id) REFERENCES public.clubs_festival(id) DEFERRABLE INITIALLY DEFERRED;


--
-- Name: clubs_festival_approved_clubs clubs_festival_approved_clubs_club_id_4bd0d91d_fk_clubs_club_id; Type: FK CONSTRAINT; Schema: public; Owner: postgres
--

ALTER TABLE ONLY public.clubs_festival_approved_clubs
    ADD CONSTRAINT clubs_festival_approved_clubs_club_id_4bd0d91d_fk_clubs_club_id FOREIGN KEY (club_id) REFERENCES public.clubs_club(id) DEFERRABLE INITIALLY DEFERRED;


--
-- Name: clubs_festivalparticipationrequest clubs_festivalpartic_club_id_e99881b1_fk_clubs_clu; Type: FK CONSTRAINT; Schema: public; Owner: postgres
--

ALTER TABLE ONLY public.clubs_festivalparticipationrequest
    ADD CONSTRAINT clubs_festivalpartic_club_id_e99881b1_fk_clubs_clu FOREIGN KEY (club_id) REFERENCES public.clubs_club(id) DEFERRABLE INITIALLY DEFERRED;


--
-- Name: clubs_festivalparticipationrequest clubs_festivalpartic_festival_id_3c945d7f_fk_clubs_fes; Type: FK CONSTRAINT; Schema: public; Owner: postgres
--

ALTER TABLE ONLY public.clubs_festivalparticipationrequest
    ADD CONSTRAINT clubs_festivalpartic_festival_id_3c945d7f_fk_clubs_fes FOREIGN KEY (festival_id) REFERENCES public.clubs_festival(id) DEFERRABLE INITIALLY DEFERRED;


--
-- Name: django_admin_log django_admin_log_content_type_id_c4bce8eb_fk_django_co; Type: FK CONSTRAINT; Schema: public; Owner: postgres
--

ALTER TABLE ONLY public.django_admin_log
    ADD CONSTRAINT django_admin_log_content_type_id_c4bce8eb_fk_django_co FOREIGN KEY (content_type_id) REFERENCES public.django_content_type(id) DEFERRABLE INITIALLY DEFERRED;


--
-- Name: django_admin_log django_admin_log_user_id_c564eba6_fk_accounts_user_id; Type: FK CONSTRAINT; Schema: public; Owner: postgres
--

ALTER TABLE ONLY public.django_admin_log
    ADD CONSTRAINT django_admin_log_user_id_c564eba6_fk_accounts_user_id FOREIGN KEY (user_id) REFERENCES public.accounts_user(id) DEFERRABLE INITIALLY DEFERRED;


--
-- PostgreSQL database dump complete
--

